date,vessel_name,mmsi,flag,trade_tier,transit_status,toll_usd,rerouted,commodity,destination,payment_rail,ship_hull_value_usd,insurance_premium_delta_pct,insurance_cost_usd,days_delayed,extra_fuel_tonnes,reroute_penalty_usd,total_transit_cost_usd,naval_escort_status,estimated_cargo_value_usd,total_asset_value_at_risk_usd,continent,inflation_premium_per_unit
2026-03-01,MarchVessel_1,100000001,India,Privileged,Passed,0,No,Various,Global Port,N/A (Exempt/Diplomatic),80000000,0.05,40000,0,0,0,40000,Light (Cooperative),80000000,160000000,Asia,
2026-03-01,MarchVessel_2,100000002,Iran,Privileged,Passed,0,No,Crude Oil,Hidden,N/A (Exempt/Diplomatic),140000000,0.05,70000,0,0,0,70000,Internal (IRGC Navy),240000000,380000000,Asia,0.035
2026-03-01,MarchVessel_3,100000003,Iran,Privileged,Passed,0,No,Crude Oil,Hidden,N/A (Exempt/Diplomatic),140000000,0.05,70000,0,0,0,70000,Internal (IRGC Navy),240000000,380000000,Asia,0.035
2026-03-02,MarchVessel_4,100000004,Greece,Taxed,Passed,2000000,No,Various,Global Port,Tether (USDT) / Yuan,80000000,1.25,1000000,0,0,0,3000000,None,80000000,160000000,Europe,
2026-03-02,MarchVessel_5,100000005,Iran,Privileged,Passed,0,No,Crude Oil,Hidden,N/A (Exempt/Diplomatic),140000000,0.05,70000,0,0,0,70000,Internal (IRGC Navy),240000000,380000000,Asia,0.035
2026-03-02,MarchVessel_6,100000006,Iran,Privileged,Passed,0,No,Crude Oil,Hidden,N/A (Exempt/Diplomatic),140000000,0.05,70000,0,0,0,70000,Internal (IRGC Navy),240000000,380000000,Asia,0.035
2026-03-03,MarchVessel_7,100000007,Greece,Taxed,Passed,2000000,No,Various,Global Port,Tether (USDT) / Yuan,80000000,1.25,1000000,0,0,0,3000000,None,80000000,160000000,Europe,
2026-03-04,MarchVessel_8,100000008,Iran,Privileged,Passed,0,No,Crude Oil,Hidden,N/A (Exempt/Diplomatic),140000000,0.05,70000,0,0,0,70000,Internal (IRGC Navy),240000000,380000000,Asia,0.035
2026-03-04,MarchVessel_9,100000009,Iran,Privileged,Passed,0,No,Crude Oil,Hidden,N/A (Exempt/Diplomatic),140000000,0.05,70000,0,0,0,70000,Internal (IRGC Navy),240000000,380000000,Asia,0.035
2026-03-04,MarchVessel_10,100000010,Iran,Privileged,Passed,0,No,Crude Oil,Hidden,N/A (Exempt/Diplomatic),140000000,0.05,70000,0,0,0,70000,Internal (IRGC Navy),240000000,380000000,Asia,0.035
2026-03-04,MarchVessel_11,100000011,Iran,Privileged,Passed,0,No,Crude Oil,Hidden,N/A (Exempt/Diplomatic),140000000,0.05,70000,0,0,0,70000,Internal (IRGC Navy),240000000,380000000,Asia,0.035
2026-03-04,MarchVessel_12,100000012,Iran,Privileged,Passed,0,No,Crude Oil,Hidden,N/A (Exempt/Diplomatic),140000000,0.05,70000,0,0,0,70000,Internal (IRGC Navy),240000000,380000000,Asia,0.035
2026-03-04,MarchVessel_13,100000013,Iran,Privileged,Passed,0,No,Crude Oil,Hidden,N/A (Exempt/Diplomatic),140000000,0.05,70000,0,0,0,70000,Internal (IRGC Navy),240000000,380000000,Asia,0.035
2026-03-05,MarchVessel_14,100000014,Greece,Taxed,Passed,2000000,No,Various,Global Port,Tether (USDT) / Yuan,80000000,1.25,1000000,0,0,0,3000000,None,80000000,160000000,Europe,
2026-03-05,MarchVessel_15,100000015,India,Privileged,Passed,0,No,Various,Global Port,N/A (Exempt/Diplomatic),80000000,0.05,40000,0,0,0,40000,Light (Cooperative),80000000,160000000,Asia,
2026-03-06,MarchVessel_16,100000016,Iran,Privileged,Passed,0,No,Crude Oil,Hidden,N/A (Exempt/Diplomatic),140000000,0.05,70000,0,0,0,70000,Internal (IRGC Navy),240000000,380000000,Asia,0.035
2026-03-06,MarchVessel_17,100000017,Iran,Privileged,Passed,0,No,Crude Oil,Hidden,N/A (Exempt/Diplomatic),140000000,0.05,70000,0,0,0,70000,Internal (IRGC Navy),240000000,380000000,Asia,0.035
2026-03-06,MarchVessel_18,100000018,Iran,Privileged,Passed,0,No,Crude Oil,Hidden,N/A (Exempt/Diplomatic),140000000,0.05,70000,0,0,0,70000,Internal (IRGC Navy),240000000,380000000,Asia,0.035
2026-03-06,MarchVessel_19,100000019,China,Privileged,Passed,0,No,Various,Global Port,N/A (Exempt/Diplomatic),80000000,0.05,40000,0,0,0,40000,Heavy (PLAN/RF Navy),80000000,160000000,Asia,
2026-03-07,MarchVessel_20,100000020,Iran,Privileged,Passed,0,No,Crude Oil,Hidden,N/A (Exempt/Diplomatic),140000000,0.05,70000,0,0,0,70000,Internal (IRGC Navy),240000000,380000000,Asia,0.035
2026-03-07,MarchVessel_21,100000021,Iran,Privileged,Passed,0,No,Crude Oil,Hidden,N/A (Exempt/Diplomatic),140000000,0.05,70000,0,0,0,70000,Internal (IRGC Navy),240000000,380000000,Asia,0.035
2026-03-07,MarchVessel_22,100000022,China,Privileged,Passed,0,No,Various,Global Port,N/A (Exempt/Diplomatic),80000000,0.05,40000,0,0,0,40000,Heavy (PLAN/RF Navy),80000000,160000000,Asia,
2026-03-08,MarchVessel_23,100000023,Greece,Taxed,Passed,2000000,No,Various,Global Port,Tether (USDT) / Yuan,80000000,1.25,1000000,0,0,0,3000000,None,80000000,160000000,Europe,
2026-03-08,MarchVessel_24,100000024,Greece,Taxed,Passed,2000000,No,Various,Global Port,Tether (USDT) / Yuan,80000000,1.25,1000000,0,0,0,3000000,None,80000000,160000000,Europe,
2026-03-08,MarchVessel_25,100000025,Iran,Privileged,Passed,0,No,Crude Oil,Hidden,N/A (Exempt/Diplomatic),140000000,0.05,70000,0,0,0,70000,Internal (IRGC Navy),240000000,380000000,Asia,0.035
2026-03-08,MarchVessel_26,100000026,Iran,Privileged,Passed,0,No,Crude Oil,Hidden,N/A (Exempt/Diplomatic),140000000,0.05,70000,0,0,0,70000,Internal (IRGC Navy),240000000,380000000,Asia,0.035
2026-03-08,MarchVessel_27,100000027,Iran,Privileged,Passed,0,No,Crude Oil,Hidden,N/A (Exempt/Diplomatic),140000000,0.05,70000,0,0,0,70000,Internal (IRGC Navy),240000000,380000000,Asia,0.035
2026-03-08,MarchVessel_28,100000028,Iran,Privileged,Passed,0,No,Crude Oil,Hidden,N/A (Exempt/Diplomatic),140000000,0.05,70000,0,0,0,70000,Internal (IRGC Navy),240000000,380000000,Asia,0.035
2026-03-08,MarchVessel_29,100000029,Iran,Privileged,Passed,0,No,Crude Oil,Hidden,N/A (Exempt/Diplomatic),140000000,0.05,70000,0,0,0,70000,Internal (IRGC Navy),240000000,380000000,Asia,0.035
2026-03-08,MarchVessel_30,100000030,China,Taxed,Passed,2000000,No,Various,Global Port,Yuan (e-CNY/CIPS),80000000,1.25,1000000,0,0,0,3000000,Heavy (PLAN/RF Navy),80000000,160000000,Asia,
2026-03-09,MarchVessel_31,100000031,Iran,Privileged,Passed,0,No,Crude Oil,Hidden,N/A (Exempt/Diplomatic),140000000,0.05,70000,0,0,0,70000,Internal (IRGC Navy),240000000,380000000,Asia,0.035
2026-03-09,MarchVessel_32,100000032,Greece,Taxed,Passed,2000000,No,Various,Global Port,Tether (USDT) / Yuan,80000000,1.25,1000000,0,0,0,3000000,None,80000000,160000000,Europe,
2026-03-09,MarchVessel_33,100000033,Iran,Privileged,Passed,0,No,Crude Oil,Hidden,N/A (Exempt/Diplomatic),140000000,0.05,70000,0,0,0,70000,Internal (IRGC Navy),240000000,380000000,Asia,0.035
2026-03-09,MarchVessel_34,100000034,Iran,Privileged,Passed,0,No,Crude Oil,Hidden,N/A (Exempt/Diplomatic),140000000,0.05,70000,0,0,0,70000,Internal (IRGC Navy),240000000,380000000,Asia,0.035
2026-03-09,MarchVessel_35,100000035,Iran,Privileged,Passed,0,No,Crude Oil,Hidden,N/A (Exempt/Diplomatic),140000000,0.05,70000,0,0,0,70000,Internal (IRGC Navy),240000000,380000000,Asia,0.035
2026-03-10,MarchVessel_36,100000036,India,Privileged,Passed,0,No,Various,Global Port,N/A (Exempt/Diplomatic),80000000,0.05,40000,0,0,0,40000,Light (Cooperative),80000000,160000000,Asia,
2026-03-10,MarchVessel_37,100000037,Greece,Taxed,Passed,2000000,No,Various,Global Port,Tether (USDT) / Yuan,80000000,1.25,1000000,0,0,0,3000000,None,80000000,160000000,Europe,
2026-03-10,MarchVessel_38,100000038,Iran,Privileged,Passed,0,No,Crude Oil,Hidden,N/A (Exempt/Diplomatic),140000000,0.05,70000,0,0,0,70000,Internal (IRGC Navy),240000000,380000000,Asia,0.035
2026-03-10,MarchVessel_39,100000039,China,Privileged,Passed,0,No,Various,Global Port,N/A (Exempt/Diplomatic),80000000,0.05,40000,0,0,0,40000,Heavy (PLAN/RF Navy),80000000,160000000,Asia,
2026-03-10,MarchVessel_40,100000040,Iran,Privileged,Passed,0,No,Crude Oil,Hidden,N/A (Exempt/Diplomatic),140000000,0.05,70000,0,0,0,70000,Internal (IRGC Navy),240000000,380000000,Asia,0.035
2026-03-11,MarchVessel_41,100000041,Greece,Taxed,Passed,2000000,No,Various,Global Port,Tether (USDT) / Yuan,80000000,1.25,1000000,0,0,0,3000000,None,80000000,160000000,Europe,
2026-03-11,MarchVessel_42,100000042,Iran,Privileged,Passed,0,No,Crude Oil,Hidden,N/A (Exempt/Diplomatic),140000000,0.05,70000,0,0,0,70000,Internal (IRGC Navy),240000000,380000000,Asia,0.035
2026-03-11,MarchVessel_43,100000043,Iran,Privileged,Passed,0,No,Crude Oil,Hidden,N/A (Exempt/Diplomatic),140000000,0.05,70000,0,0,0,70000,Internal (IRGC Navy),240000000,380000000,Asia,0.035
2026-03-11,MarchVessel_44,100000044,Iran,Privileged,Passed,0,No,Crude Oil,Hidden,N/A (Exempt/Diplomatic),140000000,0.05,70000,0,0,0,70000,Internal (IRGC Navy),240000000,380000000,Asia,0.035
2026-03-11,MarchVessel_45,100000045,Iran,Privileged,Passed,0,No,Crude Oil,Hidden,N/A (Exempt/Diplomatic),140000000,0.05,70000,0,0,0,70000,Internal (IRGC Navy),240000000,380000000,Asia,0.035
2026-03-11,MarchVessel_46,100000046,Iran,Privileged,Passed,0,No,Crude Oil,Hidden,N/A (Exempt/Diplomatic),140000000,0.05,70000,0,0,0,70000,Internal (IRGC Navy),240000000,380000000,Asia,0.035
2026-03-12,MarchVessel_47,100000047,Iran,Privileged,Passed,0,No,Crude Oil,Hidden,N/A (Exempt/Diplomatic),140000000,0.05,70000,0,0,0,70000,Internal (IRGC Navy),240000000,380000000,Asia,0.035
2026-03-12,MarchVessel_48,100000048,Iran,Privileged,Passed,0,No,Crude Oil,Hidden,N/A (Exempt/Diplomatic),140000000,0.05,70000,0,0,0,70000,Internal (IRGC Navy),240000000,380000000,Asia,0.035
2026-03-12,MarchVessel_49,100000049,Iran,Privileged,Passed,0,No,Crude Oil,Hidden,N/A (Exempt/Diplomatic),140000000,0.05,70000,0,0,0,70000,Internal (IRGC Navy),240000000,380000000,Asia,0.035
2026-03-13,MarchVessel_50,100000050,Iran,Privileged,Passed,0,No,Crude Oil,Hidden,N/A (Exempt/Diplomatic),140000000,0.05,70000,0,0,0,70000,Internal (IRGC Navy),240000000,380000000,Asia,0.035
2026-03-13,MarchVessel_51,100000051,Iran,Privileged,Passed,0,No,Crude Oil,Hidden,N/A (Exempt/Diplomatic),140000000,0.05,70000,0,0,0,70000,Internal (IRGC Navy),240000000,380000000,Asia,0.035
2026-03-13,MarchVessel_52,100000052,Iran,Privileged,Passed,0,No,Crude Oil,Hidden,N/A (Exempt/Diplomatic),140000000,0.05,70000,0,0,0,70000,Internal (IRGC Navy),240000000,380000000,Asia,0.035
2026-03-13,MarchVessel_53,100000053,Iran,Privileged,Passed,0,No,Crude Oil,Hidden,N/A (Exempt/Diplomatic),140000000,0.05,70000,0,0,0,70000,Internal (IRGC Navy),240000000,380000000,Asia,0.035
2026-03-13,MarchVessel_54,100000054,Iran,Privileged,Passed,0,No,Crude Oil,Hidden,N/A (Exempt/Diplomatic),140000000,0.05,70000,0,0,0,70000,Internal (IRGC Navy),240000000,380000000,Asia,0.035
2026-03-14,MarchVessel_55,100000055,Iran,Privileged,Passed,0,No,Crude Oil,Hidden,N/A (Exempt/Diplomatic),140000000,0.05,70000,0,0,0,70000,Internal (IRGC Navy),240000000,380000000,Asia,0.035
2026-03-14,MarchVessel_56,100000056,Iran,Privileged,Passed,0,No,Crude Oil,Hidden,N/A (Exempt/Diplomatic),140000000,0.05,70000,0,0,0,70000,Internal (IRGC Navy),240000000,380000000,Asia,0.035
2026-03-14,MarchVessel_57,100000057,Iran,Privileged,Passed,0,No,Crude Oil,Hidden,N/A (Exempt/Diplomatic),140000000,0.05,70000,0,0,0,70000,Internal (IRGC Navy),240000000,380000000,Asia,0.035
2026-03-14,MarchVessel_58,100000058,Iran,Privileged,Passed,0,No,Crude Oil,Hidden,N/A (Exempt/Diplomatic),140000000,0.05,70000,0,0,0,70000,Internal (IRGC Navy),240000000,380000000,Asia,0.035
2026-03-14,MarchVessel_59,100000059,India,Privileged,Passed,0,No,Various,Global Port,N/A (Exempt/Diplomatic),80000000,0.05,40000,0,0,0,40000,Light (Cooperative),80000000,160000000,Asia,
2026-03-15,MarchVessel_60,100000060,Greece,Taxed,Passed,2000000,No,Various,Global Port,Tether (USDT) / Yuan,80000000,1.25,1000000,0,0,0,3000000,None,80000000,160000000,Europe,
2026-03-15,MarchVessel_61,100000061,Iran,Privileged,Passed,0,No,Crude Oil,Hidden,N/A (Exempt/Diplomatic),140000000,0.05,70000,0,0,0,70000,Internal (IRGC Navy),240000000,380000000,Asia,0.035
2026-03-15,MarchVessel_62,100000062,Iran,Privileged,Passed,0,No,Crude Oil,Hidden,N/A (Exempt/Diplomatic),140000000,0.05,70000,0,0,0,70000,Internal (IRGC Navy),240000000,380000000,Asia,0.035
2026-03-16,MarchVessel_63,100000063,China,Privileged,Passed,0,No,Various,Global Port,N/A (Exempt/Diplomatic),80000000,0.05,40000,0,0,0,40000,Heavy (PLAN/RF Navy),80000000,160000000,Asia,
2026-03-16,MarchVessel_64,100000064,Iran,Privileged,Passed,0,No,Crude Oil,Hidden,N/A (Exempt/Diplomatic),140000000,0.05,70000,0,0,0,70000,Internal (IRGC Navy),240000000,380000000,Asia,0.035
2026-03-16,MarchVessel_65,100000065,Greece,Taxed,Passed,2000000,No,Various,Global Port,Tether (USDT) / Yuan,80000000,1.25,1000000,0,0,0,3000000,None,80000000,160000000,Europe,
2026-03-16,MarchVessel_66,100000066,Iran,Privileged,Passed,0,No,Crude Oil,Hidden,N/A (Exempt/Diplomatic),140000000,0.05,70000,0,0,0,70000,Internal (IRGC Navy),240000000,380000000,Asia,0.035
2026-03-16,MarchVessel_67,100000067,Iran,Privileged,Passed,0,No,Crude Oil,Hidden,N/A (Exempt/Diplomatic),140000000,0.05,70000,0,0,0,70000,Internal (IRGC Navy),240000000,380000000,Asia,0.035
2026-03-16,MarchVessel_68,100000068,Greece,Taxed,Passed,2000000,No,Various,Global Port,Tether (USDT) / Yuan,80000000,1.25,1000000,0,0,0,3000000,None,80000000,160000000,Europe,
2026-03-16,MarchVessel_69,100000069,Iran,Privileged,Passed,0,No,Crude Oil,Hidden,N/A (Exempt/Diplomatic),140000000,0.05,70000,0,0,0,70000,Internal (IRGC Navy),240000000,380000000,Asia,0.035
2026-03-16,MarchVessel_70,100000070,India,Privileged,Passed,0,No,Various,Global Port,N/A (Exempt/Diplomatic),80000000,0.05,40000,0,0,0,40000,Light (Cooperative),80000000,160000000,Asia,
2026-03-16,MarchVessel_71,100000071,India,Privileged,Passed,0,No,Various,Global Port,N/A (Exempt/Diplomatic),80000000,0.05,40000,0,0,0,40000,Light (Cooperative),80000000,160000000,Asia,
2026-03-17,MarchVessel_72,100000072,Iran,Privileged,Passed,0,No,Crude Oil,Hidden,N/A (Exempt/Diplomatic),140000000,0.05,70000,0,0,0,70000,Internal (IRGC Navy),240000000,380000000,Asia,0.035
2026-03-17,MarchVessel_73,100000073,Iran,Privileged,Passed,0,No,Crude Oil,Hidden,N/A (Exempt/Diplomatic),140000000,0.05,70000,0,0,0,70000,Internal (IRGC Navy),240000000,380000000,Asia,0.035
2026-03-17,MarchVessel_74,100000074,Iran,Privileged,Passed,0,No,Crude Oil,Hidden,N/A (Exempt/Diplomatic),140000000,0.05,70000,0,0,0,70000,Internal (IRGC Navy),240000000,380000000,Asia,0.035
2026-03-17,MarchVessel_75,100000075,Greece,Taxed,Passed,2000000,No,Various,Global Port,Tether (USDT) / Yuan,80000000,1.25,1000000,0,0,0,3000000,None,80000000,160000000,Europe,
2026-03-17,MarchVessel_76,100000076,Iran,Privileged,Passed,0,No,Crude Oil,Hidden,N/A (Exempt/Diplomatic),140000000,0.05,70000,0,0,0,70000,Internal (IRGC Navy),240000000,380000000,Asia,0.035
2026-03-18,MarchVessel_77,100000077,Iran,Privileged,Passed,0,No,Crude Oil,Hidden,N/A (Exempt/Diplomatic),140000000,0.05,70000,0,0,0,70000,Internal (IRGC Navy),240000000,380000000,Asia,0.035
2026-03-18,MarchVessel_78,100000078,Iran,Privileged,Passed,0,No,Crude Oil,Hidden,N/A (Exempt/Diplomatic),140000000,0.05,70000,0,0,0,70000,Internal (IRGC Navy),240000000,380000000,Asia,0.035
2026-03-18,MarchVessel_79,100000079,India,Privileged,Passed,0,No,Various,Global Port,N/A (Exempt/Diplomatic),80000000,0.05,40000,0,0,0,40000,Light (Cooperative),80000000,160000000,Asia,
2026-03-18,MarchVessel_80,100000080,Iran,Privileged,Passed,0,No,Crude Oil,Hidden,N/A (Exempt/Diplomatic),140000000,0.05,70000,0,0,0,70000,Internal (IRGC Navy),240000000,380000000,Asia,0.035
2026-03-18,MarchVessel_81,100000081,Iran,Privileged,Passed,0,No,Crude Oil,Hidden,N/A (Exempt/Diplomatic),140000000,0.05,70000,0,0,0,70000,Internal (IRGC Navy),240000000,380000000,Asia,0.035
2026-03-18,MarchVessel_82,100000082,Iran,Privileged,Passed,0,No,Crude Oil,Hidden,N/A (Exempt/Diplomatic),140000000,0.05,70000,0,0,0,70000,Internal (IRGC Navy),240000000,380000000,Asia,0.035
2026-03-19,MarchVessel_83,100000083,Iran,Privileged,Passed,0,No,Crude Oil,Hidden,N/A (Exempt/Diplomatic),140000000,0.05,70000,0,0,0,70000,Internal (IRGC Navy),240000000,380000000,Asia,0.035
2026-03-19,MarchVessel_84,100000084,Iran,Privileged,Passed,0,No,Crude Oil,Hidden,N/A (Exempt/Diplomatic),140000000,0.05,70000,0,0,0,70000,Internal (IRGC Navy),240000000,380000000,Asia,0.035
2026-03-19,MarchVessel_85,100000085,China,Taxed,Passed,2000000,No,Various,Global Port,Yuan (e-CNY/CIPS),80000000,1.25,1000000,0,0,0,3000000,Heavy (PLAN/RF Navy),80000000,160000000,Asia,
2026-03-19,MarchVessel_86,100000086,China,Privileged,Passed,0,No,Various,Global Port,N/A (Exempt/Diplomatic),80000000,0.05,40000,0,0,0,40000,Heavy (PLAN/RF Navy),80000000,160000000,Asia,
2026-03-19,MarchVessel_87,100000087,Iran,Privileged,Passed,0,No,Crude Oil,Hidden,N/A (Exempt/Diplomatic),140000000,0.05,70000,0,0,0,70000,Internal (IRGC Navy),240000000,380000000,Asia,0.035
2026-03-19,MarchVessel_88,100000088,Iran,Privileged,Passed,0,No,Crude Oil,Hidden,N/A (Exempt/Diplomatic),140000000,0.05,70000,0,0,0,70000,Internal (IRGC Navy),240000000,380000000,Asia,0.035
2026-03-19,MarchVessel_89,100000089,Greece,Taxed,Passed,2000000,No,Various,Global Port,Tether (USDT) / Yuan,80000000,1.25,1000000,0,0,0,3000000,None,80000000,160000000,Europe,
2026-03-20,MarchVessel_90,100000090,Greece,Taxed,Passed,2000000,No,Various,Global Port,Tether (USDT) / Yuan,80000000,1.25,1000000,0,0,0,3000000,None,80000000,160000000,Europe,
2026-03-20,MarchVessel_91,100000091,Iran,Privileged,Passed,0,No,Crude Oil,Hidden,N/A (Exempt/Diplomatic),140000000,0.05,70000,0,0,0,70000,Internal (IRGC Navy),240000000,380000000,Asia,0.035
2026-03-20,MarchVessel_92,100000092,Iran,Privileged,Passed,0,No,Crude Oil,Hidden,N/A (Exempt/Diplomatic),140000000,0.05,70000,0,0,0,70000,Internal (IRGC Navy),240000000,380000000,Asia,0.035
2026-03-20,MarchVessel_93,100000093,Iran,Privileged,Passed,0,No,Crude Oil,Hidden,N/A (Exempt/Diplomatic),140000000,0.05,70000,0,0,0,70000,Internal (IRGC Navy),240000000,380000000,Asia,0.035
2026-03-20,MarchVessel_94,100000094,Iran,Privileged,Passed,0,No,Crude Oil,Hidden,N/A (Exempt/Diplomatic),140000000,0.05,70000,0,0,0,70000,Internal (IRGC Navy),240000000,380000000,Asia,0.035
2026-03-21,MarchVessel_95,100000095,China,Privileged,Passed,0,No,Various,Global Port,N/A (Exempt/Diplomatic),80000000,0.05,40000,0,0,0,40000,Heavy (PLAN/RF Navy),80000000,160000000,Asia,
2026-03-21,MarchVessel_96,100000096,Iran,Privileged,Passed,0,No,Crude Oil,Hidden,N/A (Exempt/Diplomatic),140000000,0.05,70000,0,0,0,70000,Internal (IRGC Navy),240000000,380000000,Asia,0.035
2026-03-21,MarchVessel_97,100000097,Greece,Taxed,Passed,2000000,No,Various,Global Port,Tether (USDT) / Yuan,80000000,1.25,1000000,0,0,0,3000000,None,80000000,160000000,Europe,
2026-03-22,MarchVessel_98,100000098,Iran,Privileged,Passed,0,No,Crude Oil,Hidden,N/A (Exempt/Diplomatic),140000000,0.05,70000,0,0,0,70000,Internal (IRGC Navy),240000000,380000000,Asia,0.035
2026-03-22,MarchVessel_99,100000099,India,Privileged,Passed,0,No,Various,Global Port,N/A (Exempt/Diplomatic),80000000,0.05,40000,0,0,0,40000,Light (Cooperative),80000000,160000000,Asia,
2026-03-23,MarchVessel_100,100000100,Iran,Privileged,Passed,0,No,Crude Oil,Hidden,N/A (Exempt/Diplomatic),140000000,0.05,70000,0,0,0,70000,Internal (IRGC Navy),240000000,380000000,Asia,0.035
2026-03-23,MarchVessel_101,100000101,Iran,Privileged,Passed,0,No,Crude Oil,Hidden,N/A (Exempt/Diplomatic),140000000,0.05,70000,0,0,0,70000,Internal (IRGC Navy),240000000,380000000,Asia,0.035
2026-03-23,MarchVessel_102,100000102,China,Privileged,Passed,0,No,Various,Global Port,N/A (Exempt/Diplomatic),80000000,0.05,40000,0,0,0,40000,Heavy (PLAN/RF Navy),80000000,160000000,Asia,
2026-03-23,MarchVessel_103,100000103,Iran,Privileged,Passed,0,No,Crude Oil,Hidden,N/A (Exempt/Diplomatic),140000000,0.05,70000,0,0,0,70000,Internal (IRGC Navy),240000000,380000000,Asia,0.035
2026-03-24,MarchVessel_104,100000104,Greece,Taxed,Passed,2000000,No,Various,Global Port,Tether (USDT) / Yuan,80000000,1.25,1000000,0,0,0,3000000,None,80000000,160000000,Europe,
2026-03-24,MarchVessel_105,100000105,Iran,Privileged,Passed,0,No,Crude Oil,Hidden,N/A (Exempt/Diplomatic),140000000,0.05,70000,0,0,0,70000,Internal (IRGC Navy),240000000,380000000,Asia,0.035
2026-03-24,MarchVessel_106,100000106,India,Privileged,Passed,0,No,Various,Global Port,N/A (Exempt/Diplomatic),80000000,0.05,40000,0,0,0,40000,Light (Cooperative),80000000,160000000,Asia,
2026-03-25,MarchVessel_107,100000107,Iran,Privileged,Passed,0,No,Crude Oil,Hidden,N/A (Exempt/Diplomatic),140000000,0.05,70000,0,0,0,70000,Internal (IRGC Navy),240000000,380000000,Asia,0.035
2026-03-25,MarchVessel_108,100000108,China,Privileged,Passed,0,No,Various,Global Port,N/A (Exempt/Diplomatic),80000000,0.05,40000,0,0,0,40000,Heavy (PLAN/RF Navy),80000000,160000000,Asia,
2026-03-25,MarchVessel_109,100000109,Iran,Privileged,Passed,0,No,Crude Oil,Hidden,N/A (Exempt/Diplomatic),140000000,0.05,70000,0,0,0,70000,Internal (IRGC Navy),240000000,380000000,Asia,0.035
2026-03-25,MarchVessel_110,100000110,Iran,Privileged,Passed,0,No,Crude Oil,Hidden,N/A (Exempt/Diplomatic),140000000,0.05,70000,0,0,0,70000,Internal (IRGC Navy),240000000,380000000,Asia,0.035
2026-03-25,MarchVessel_111,100000111,Iran,Privileged,Passed,0,No,Crude Oil,Hidden,N/A (Exempt/Diplomatic),140000000,0.05,70000,0,0,0,70000,Internal (IRGC Navy),240000000,380000000,Asia,0.035
2026-03-26,MarchVessel_112,100000112,Iran,Privileged,Passed,0,No,Crude Oil,Hidden,N/A (Exempt/Diplomatic),140000000,0.05,70000,0,0,0,70000,Internal (IRGC Navy),240000000,380000000,Asia,0.035
2026-03-26,MarchVessel_113,100000113,Iran,Privileged,Passed,0,No,Crude Oil,Hidden,N/A (Exempt/Diplomatic),140000000,0.05,70000,0,0,0,70000,Internal (IRGC Navy),240000000,380000000,Asia,0.035
2026-03-26,MarchVessel_114,100000114,Iran,Privileged,Passed,0,No,Crude Oil,Hidden,N/A (Exempt/Diplomatic),140000000,0.05,70000,0,0,0,70000,Internal (IRGC Navy),240000000,380000000,Asia,0.035
2026-03-26,MarchVessel_115,100000115,China,Taxed,Passed,2000000,No,Various,Global Port,Yuan (e-CNY/CIPS),80000000,1.25,1000000,0,0,0,3000000,Heavy (PLAN/RF Navy),80000000,160000000,Asia,
2026-03-26,MarchVessel_116,100000116,Iran,Privileged,Passed,0,No,Crude Oil,Hidden,N/A (Exempt/Diplomatic),140000000,0.05,70000,0,0,0,70000,Internal (IRGC Navy),240000000,380000000,Asia,0.035
2026-03-26,MarchVessel_117,100000117,Iran,Privileged,Passed,0,No,Crude Oil,Hidden,N/A (Exempt/Diplomatic),140000000,0.05,70000,0,0,0,70000,Internal (IRGC Navy),240000000,380000000,Asia,0.035
2026-03-26,MarchVessel_118,100000118,Iran,Privileged,Passed,0,No,Crude Oil,Hidden,N/A (Exempt/Diplomatic),140000000,0.05,70000,0,0,0,70000,Internal (IRGC Navy),240000000,380000000,Asia,0.035
2026-03-26,MarchVessel_119,100000119,Iran,Privileged,Passed,0,No,Crude Oil,Hidden,N/A (Exempt/Diplomatic),140000000,0.05,70000,0,0,0,70000,Internal (IRGC Navy),240000000,380000000,Asia,0.035
2026-03-27,MarchVessel_120,100000120,India,Privileged,Passed,0,No,Various,Global Port,N/A (Exempt/Diplomatic),80000000,0.05,40000,0,0,0,40000,Light (Cooperative),80000000,160000000,Asia,
2026-03-27,MarchVessel_121,100000121,Iran,Privileged,Passed,0,No,Crude Oil,Hidden,N/A (Exempt/Diplomatic),140000000,0.05,70000,0,0,0,70000,Internal (IRGC Navy),240000000,380000000,Asia,0.035
2026-03-27,MarchVessel_122,100000122,Iran,Privileged,Passed,0,No,Crude Oil,Hidden,N/A (Exempt/Diplomatic),140000000,0.05,70000,0,0,0,70000,Internal (IRGC Navy),240000000,380000000,Asia,0.035
2026-03-27,MarchVessel_123,100000123,China,Privileged,Passed,0,No,Various,Global Port,N/A (Exempt/Diplomatic),80000000,0.05,40000,0,0,0,40000,Heavy (PLAN/RF Navy),80000000,160000000,Asia,
2026-03-28,MarchVessel_124,100000124,Iran,Privileged,Passed,0,No,Crude Oil,Hidden,N/A (Exempt/Diplomatic),140000000,0.05,70000,0,0,0,70000,Internal (IRGC Navy),240000000,380000000,Asia,0.035
2026-03-28,MarchVessel_125,100000125,Iran,Privileged,Passed,0,No,Crude Oil,Hidden,N/A (Exempt/Diplomatic),140000000,0.05,70000,0,0,0,70000,Internal (IRGC Navy),240000000,380000000,Asia,0.035
2026-03-28,MarchVessel_126,100000126,Greece,Taxed,Passed,2000000,No,Various,Global Port,Tether (USDT) / Yuan,80000000,1.25,1000000,0,0,0,3000000,None,80000000,160000000,Europe,
2026-03-29,MarchVessel_127,100000127,India,Privileged,Passed,0,No,Various,Global Port,N/A (Exempt/Diplomatic),80000000,0.05,40000,0,0,0,40000,Light (Cooperative),80000000,160000000,Asia,
2026-03-29,MarchVessel_128,100000128,Iran,Privileged,Passed,0,No,Crude Oil,Hidden,N/A (Exempt/Diplomatic),140000000,0.05,70000,0,0,0,70000,Internal (IRGC Navy),240000000,380000000,Asia,0.035
2026-03-29,MarchVessel_129,100000129,Iran,Privileged,Passed,0,No,Crude Oil,Hidden,N/A (Exempt/Diplomatic),140000000,0.05,70000,0,0,0,70000,Internal (IRGC Navy),240000000,380000000,Asia,0.035
2026-03-29,MarchVessel_130,100000130,Greece,Taxed,Passed,2000000,No,Various,Global Port,Tether (USDT) / Yuan,80000000,1.25,1000000,0,0,0,3000000,None,80000000,160000000,Europe,
2026-03-29,MarchVessel_131,100000131,Greece,Taxed,Passed,2000000,No,Various,Global Port,Tether (USDT) / Yuan,80000000,1.25,1000000,0,0,0,3000000,None,80000000,160000000,Europe,
2026-03-30,MarchVessel_132,100000132,China,Privileged,Passed,0,No,Various,Global Port,N/A (Exempt/Diplomatic),80000000,0.05,40000,0,0,0,40000,Heavy (PLAN/RF Navy),80000000,160000000,Asia,
2026-03-30,MarchVessel_133,100000133,Iran,Privileged,Passed,0,No,Crude Oil,Hidden,N/A (Exempt/Diplomatic),140000000,0.05,70000,0,0,0,70000,Internal (IRGC Navy),240000000,380000000,Asia,0.035
2026-03-30,MarchVessel_134,100000134,Iran,Privileged,Passed,0,No,Crude Oil,Hidden,N/A (Exempt/Diplomatic),140000000,0.05,70000,0,0,0,70000,Internal (IRGC Navy),240000000,380000000,Asia,0.035
2026-03-30,MarchVessel_135,100000135,China,Privileged,Passed,0,No,Various,Global Port,N/A (Exempt/Diplomatic),80000000,0.05,40000,0,0,0,40000,Heavy (PLAN/RF Navy),80000000,160000000,Asia,
2026-03-30,MarchVessel_136,100000136,India,Privileged,Passed,0,No,Various,Global Port,N/A (Exempt/Diplomatic),80000000,0.05,40000,0,0,0,40000,Light (Cooperative),80000000,160000000,Asia,
2026-03-30,MarchVessel_137,100000137,Iran,Privileged,Passed,0,No,Crude Oil,Hidden,N/A (Exempt/Diplomatic),140000000,0.05,70000,0,0,0,70000,Internal (IRGC Navy),240000000,380000000,Asia,0.035
2026-03-30,MarchVessel_138,100000138,Iran,Privileged,Passed,0,No,Crude Oil,Hidden,N/A (Exempt/Diplomatic),140000000,0.05,70000,0,0,0,70000,Internal (IRGC Navy),240000000,380000000,Asia,0.035
2026-03-30,MarchVessel_139,100000139,Greece,Taxed,Passed,2000000,No,Various,Global Port,Tether (USDT) / Yuan,80000000,1.25,1000000,0,0,0,3000000,None,80000000,160000000,Europe,
2026-03-31,MarchVessel_140,100000140,Iran,Privileged,Passed,0,No,Crude Oil,Hidden,N/A (Exempt/Diplomatic),140000000,0.05,70000,0,0,0,70000,Internal (IRGC Navy),240000000,380000000,Asia,0.035
2026-03-31,MarchVessel_141,100000141,Iran,Privileged,Passed,0,No,Crude Oil,Hidden,N/A (Exempt/Diplomatic),140000000,0.05,70000,0,0,0,70000,Internal (IRGC Navy),240000000,380000000,Asia,0.035
2026-03-31,MarchVessel_142,100000142,Greece,Taxed,Passed,2000000,No,Various,Global Port,Tether (USDT) / Yuan,80000000,1.25,1000000,0,0,0,3000000,None,80000000,160000000,Europe,
2026-04-01,Eastern Spirit 94,655274738,Iran,Privileged,Passed,0,No,Crude Oil Tanker,Hidden/Private,N/A (Exempt/Diplomatic),140000000,0.05,70000,0,0,0,70000,Internal (IRGC Navy),240000000,380000000,Asia,0.035
2026-04-01,Northern Spirit 19,205001198,Israel,Blocked,Rerouted,0,Yes (Cape of Good Hope),Container Ship,Singapore,N/A (Exempt/Diplomatic),110000000,0.15,165000,12,1800,2022000,2187000,None,150000000,260000000,Asia,145.8
2026-04-01,Eastern Carrier 94,214550303,Pakistan,Privileged,Passed,0,No,Container Ship,Hidden/Private,N/A (Exempt/Diplomatic),110000000,0.05,55000,0,0,0,55000,Light (Cooperative),150000000,260000000,Asia,3.6666666666666665
2026-04-01,Ocean Leader 83,302047765,Turkey,Taxed,Rerouted,0,Yes (Cape of Good Hope),LNG Carrier,Mumbai,N/A (Exempt/Diplomatic),220000000,0.15,330000,12,1800,2658000,2988000,None,200000000,420000000,Asia,0.8788235294117647
2026-04-01,Eastern Spirit 26,387372691,Pakistan,Privileged,Passed,0,No,Bulk Carrier,Hidden/Private,N/A (Exempt/Diplomatic),45000000,0.05,22500,0,0,0,22500,Light (Cooperative),50000000,95000000,Asia,
2026-04-01,Iron Trader 63,488954965,UAE,Taxed,Passed,2000000,No,Container Ship,Rotterdam,Other Non-USD,110000000,1.25,1375000,0,0,0,3375000,None,150000000,260000000,Asia,225.0
2026-04-01,Eastern Titan 40,267764370,Norway,Blocked,Rerouted,0,Yes (Cape of Good Hope),Bulk Carrier,Houston,N/A (Exempt/Diplomatic),45000000,0.15,67500,12,480,607200,674700,None,50000000,95000000,Europe,
2026-04-01,Iron Star 58,349235943,Israel,Blocked,Rerouted,0,Yes (Cape of Good Hope),LNG Carrier,Singapore,N/A (Exempt/Diplomatic),220000000,0.15,330000,12,1800,2658000,2988000,None,200000000,420000000,Asia,0.8788235294117647
2026-04-01,Global Express 18,619421299,Russia,Privileged,Passed,0,No,Crude Oil Tanker,Hidden/Private,N/A (Exempt/Diplomatic),140000000,0.05,70000,0,0,0,70000,Heavy (PLAN/RF Navy),240000000,380000000,Eurasia,0.035
2026-04-01,Red Titan 56,296336946,Panama,Taxed,Passed,2000000,No,LNG Carrier,Mumbai,Other Non-USD,220000000,1.25,2750000,0,0,0,4750000,None,200000000,420000000,North America,1.3970588235294117
2026-04-01,Golden Carrier 64,682014990,USA,Blocked,Blocked/Waiting (Anchored off Oman),0,No,Crude Oil Tanker,Rotterdam,N/A (Exempt/Diplomatic),140000000,0.5,700000,0,0,0,700000,None,240000000,380000000,North America,0.35
2026-04-01,Ocean Trader 18,415128168,Norway,Blocked,Rerouted,0,Yes (Cape of Good Hope),Bulk Carrier,Houston,N/A (Exempt/Diplomatic),45000000,0.15,67500,12,480,607200,674700,None,50000000,95000000,Europe,
2026-04-01,Global Star 22,553788671,UK,Blocked,Rerouted,0,Yes (Cape of Good Hope),Bulk Carrier,Singapore,N/A (Exempt/Diplomatic),45000000,0.15,67500,12,480,607200,674700,None,50000000,95000000,Europe,
2026-04-01,Golden Spirit 57,290081110,Iran,Privileged,Passed,0,No,Crude Oil Tanker,Hidden/Private,N/A (Exempt/Diplomatic),140000000,0.05,70000,0,0,0,70000,Internal (IRGC Navy),240000000,380000000,Asia,0.035
2026-04-01,Red Leader 62,450731958,Russia,Privileged,Passed,0,No,Container Ship,Hidden/Private,N/A (Exempt/Diplomatic),110000000,0.05,55000,0,0,0,55000,Heavy (PLAN/RF Navy),150000000,260000000,Eurasia,3.6666666666666665
2026-04-01,Eastern Express 79,232726345,Liberia,Taxed,Passed,2000000,No,Container Ship,Mumbai,Other Non-USD,110000000,1.25,1375000,0,0,0,3375000,None,150000000,260000000,Africa,225.0
2026-04-01,Golden Titan 65,294562809,Germany,Blocked,Rerouted,0,Yes (Cape of Good Hope),Container Ship,Singapore,N/A (Exempt/Diplomatic),110000000,0.15,165000,12,1800,2022000,2187000,None,150000000,260000000,Europe,145.8
2026-04-01,Golden Spirit 17,322969247,Russia,Privileged,Passed,0,No,Crude Oil Tanker,Hidden/Private,N/A (Exempt/Diplomatic),140000000,0.05,70000,0,0,0,70000,Heavy (PLAN/RF Navy),240000000,380000000,Eurasia,0.035
2026-04-01,Global Carrier 20,245984845,Norway,Blocked,Rerouted,0,Yes (Cape of Good Hope),Container Ship,Mumbai,N/A (Exempt/Diplomatic),110000000,0.15,165000,12,1800,2022000,2187000,None,150000000,260000000,Europe,145.8
2026-04-01,Ocean Trader 40,289287596,UK,Blocked,Rerouted,0,Yes (Cape of Good Hope),Crude Oil Tanker,Rotterdam,N/A (Exempt/Diplomatic),140000000,0.15,210000,12,1200,1548000,1758000,None,240000000,380000000,Europe,0.879
2026-04-01,Eastern Trader 98,307992155,Panama,Taxed,Rerouted,0,Yes (Cape of Good Hope),Crude Oil Tanker,Mumbai,N/A (Exempt/Diplomatic),140000000,0.15,210000,12,1200,1548000,1758000,None,240000000,380000000,North America,0.879
2026-04-02,Ocean Trader 18,415128168,Norway,Blocked,Rerouted,0,Yes (Cape of Good Hope),LNG Carrier,Mumbai,N/A (Exempt/Diplomatic),220000000,0.15,330000,12,1800,2658000,2988000,None,200000000,420000000,Europe,0.8788235294117647
2026-04-02,Eastern Spirit 70,457007733,Israel,Blocked,Rerouted,0,Yes (Cape of Good Hope),Container Ship,Mumbai,N/A (Exempt/Diplomatic),110000000,0.15,165000,12,1800,2022000,2187000,None,150000000,260000000,Asia,145.8
2026-04-02,Eastern Trader 98,307992155,Panama,Taxed,Passed,2000000,No,Container Ship,Houston,Other Non-USD,110000000,1.25,1375000,0,0,0,3375000,None,150000000,260000000,North America,225.0
2026-04-02,Eastern Leader 31,553717803,Pakistan,Privileged,Passed,0,No,Crude Oil Tanker,Hidden/Private,N/A (Exempt/Diplomatic),140000000,0.05,70000,0,0,0,70000,Light (Cooperative),240000000,380000000,Asia,0.035
2026-04-02,Eastern Carrier 50,605471762,Israel,Blocked,Rerouted,0,Yes (Cape of Good Hope),Bulk Carrier,Mumbai,N/A (Exempt/Diplomatic),45000000,0.15,67500,12,480,607200,674700,None,50000000,95000000,Asia,
2026-04-02,Golden Spirit 18,471635630,Liberia,Taxed,Passed,2000000,No,Container Ship,Houston,Other Non-USD,110000000,1.25,1375000,0,0,0,3375000,None,150000000,260000000,Africa,225.0
2026-04-02,Eastern Spirit 94,655274738,Iran,Privileged,Passed,0,No,Crude Oil Tanker,Hidden/Private,N/A (Exempt/Diplomatic),140000000,0.05,70000,0,0,0,70000,Internal (IRGC Navy),240000000,380000000,Asia,0.035
2026-04-02,Golden Trader 40,416775349,Iran,Privileged,Passed,0,No,Container Ship,Hidden/Private,N/A (Exempt/Diplomatic),110000000,0.05,55000,0,0,0,55000,Internal (IRGC Navy),150000000,260000000,Asia,3.6666666666666665
2026-04-02,Eastern Leader 25,333093315,UAE,Taxed,Passed,2000000,No,LNG Carrier,Houston,Other Non-USD,220000000,1.25,2750000,0,0,0,4750000,None,200000000,420000000,Asia,1.3970588235294117
2026-04-02,Eastern Carrier 13,686903727,USA,Blocked,Rerouted,0,Yes (Cape of Good Hope),Container Ship,Singapore,N/A (Exempt/Diplomatic),110000000,0.15,165000,12,1800,2022000,2187000,None,150000000,260000000,North America,145.8
2026-04-02,Iron Carrier 97,586241038,India,Taxed,Passed,2000000,No,LNG Carrier,Mumbai,Other Non-USD,220000000,1.25,2750000,0,0,0,4750000,None,200000000,420000000,Asia,1.3970588235294117
2026-04-02,Eastern Star 49,509128512,USA,Blocked,Rerouted,0,Yes (Cape of Good Hope),Bulk Carrier,Singapore,N/A (Exempt/Diplomatic),45000000,0.15,67500,12,480,607200,674700,None,50000000,95000000,North America,
2026-04-02,Northern Leader 90,509060961,India,Taxed,Passed,2000000,No,Container Ship,Rotterdam,Other Non-USD,110000000,1.25,1375000,0,0,0,3375000,None,150000000,260000000,Asia,225.0
2026-04-02,Northern Express 68,276703600,Turkey,Taxed,Rerouted,0,Yes (Cape of Good Hope),LNG Carrier,Ningbo,N/A (Exempt/Diplomatic),220000000,0.15,330000,12,1800,2658000,2988000,None,200000000,420000000,Asia,0.8788235294117647
2026-04-02,Eastern Express 64,501134582,China,Privileged,Passed,0,No,Bulk Carrier,Hidden/Private,N/A (Exempt/Diplomatic),45000000,0.05,22500,0,0,0,22500,Heavy (PLAN/RF Navy),50000000,95000000,Asia,
2026-04-02,Iron Star 45,388520142,Germany,Blocked,Rerouted,0,Yes (Cape of Good Hope),Container Ship,Rotterdam,N/A (Exempt/Diplomatic),110000000,0.15,165000,12,1800,2022000,2187000,None,150000000,260000000,Europe,145.8
2026-04-02,Eastern Leader 42,686048824,Russia,Privileged,Passed,0,No,LNG Carrier,Hidden/Private,N/A (Exempt/Diplomatic),220000000,0.05,110000,0,0,0,110000,Heavy (PLAN/RF Navy),200000000,420000000,Eurasia,0.03235294117647059
2026-04-02,Global Spirit 24,677660874,Iran,Privileged,Passed,0,No,Crude Oil Tanker,Hidden/Private,N/A (Exempt/Diplomatic),140000000,0.05,70000,0,0,0,70000,Internal (IRGC Navy),240000000,380000000,Asia,0.035
2026-04-02,Northern Leader 85,344093758,Liberia,Taxed,Passed,2000000,No,Crude Oil Tanker,Ningbo,Other Non-USD,140000000,1.25,1750000,0,0,0,3750000,None,240000000,380000000,Africa,1.875
2026-04-03,Red Spirit 36,559556395,Liberia,Taxed,Rerouted,0,Yes (Cape of Good Hope),Bulk Carrier,Houston,N/A (Exempt/Diplomatic),45000000,0.15,67500,12,480,607200,674700,None,50000000,95000000,Africa,
2026-04-03,Ocean Carrier 41,692562960,Iran,Privileged,Passed,0,No,Container Ship,Hidden/Private,N/A (Exempt/Diplomatic),110000000,0.05,55000,0,0,0,55000,Internal (IRGC Navy),150000000,260000000,Asia,3.6666666666666665
2026-04-03,Northern Trader 12,249957637,Panama,Taxed,Passed,2000000,No,Container Ship,Houston,Other Non-USD,110000000,1.25,1375000,0,0,0,3375000,None,150000000,260000000,North America,225.0
2026-04-03,Iron Carrier 30,230536988,Germany,Blocked,Rerouted,0,Yes (Cape of Good Hope),Bulk Carrier,Houston,N/A (Exempt/Diplomatic),45000000,0.15,67500,12,480,607200,674700,None,50000000,95000000,Europe,
2026-04-03,Ocean Spirit 32,511701739,Turkey,Taxed,Passed,2000000,No,Container Ship,Singapore,Other Non-USD,110000000,1.25,1375000,0,0,0,3375000,None,150000000,260000000,Asia,225.0
2026-04-03,Global Trader 35,279110057,China,Privileged,Passed,0,No,Bulk Carrier,Hidden/Private,N/A (Exempt/Diplomatic),45000000,0.05,22500,0,0,0,22500,Heavy (PLAN/RF Navy),50000000,95000000,Asia,
2026-04-03,Eastern Leader 31,553717803,Pakistan,Privileged,Passed,0,No,LNG Carrier,Hidden/Private,N/A (Exempt/Diplomatic),220000000,0.05,110000,0,0,0,110000,Light (Cooperative),200000000,420000000,Asia,0.03235294117647059
2026-04-03,Northern Leader 37,664205646,USA,Blocked,Blocked/Waiting (Anchored off Oman),0,No,LNG Carrier,Houston,N/A (Exempt/Diplomatic),220000000,0.5,1100000,0,0,0,1100000,None,200000000,420000000,North America,0.3235294117647059
2026-04-03,Global Leader 95,403552071,Greece,Taxed,Passed,2000000,No,Container Ship,Rotterdam,Tether (USDT) / Yuan,110000000,1.25,1375000,0,0,0,3375000,None,150000000,260000000,Europe,225.0
2026-04-03,Red Carrier 69,423217093,Russia,Privileged,Passed,0,No,Bulk Carrier,Hidden/Private,N/A (Exempt/Diplomatic),45000000,0.05,22500,0,0,0,22500,Heavy (PLAN/RF Navy),50000000,95000000,Eurasia,
2026-04-03,Eastern Trader 77,693112443,China,Privileged,Passed,0,No,Container Ship,Hidden/Private,N/A (Exempt/Diplomatic),110000000,0.05,55000,0,0,0,55000,Heavy (PLAN/RF Navy),150000000,260000000,Asia,3.6666666666666665
2026-04-03,Ocean Titan 52,620040549,UK,Blocked,Rerouted,0,Yes (Cape of Good Hope),Container Ship,Singapore,N/A (Exempt/Diplomatic),110000000,0.15,165000,12,1800,2022000,2187000,None,150000000,260000000,Europe,145.8
2026-04-03,Eastern Titan 10,238114122,Russia,Privileged,Passed,0,No,LNG Carrier,Hidden/Private,N/A (Exempt/Diplomatic),220000000,0.05,110000,0,0,0,110000,Heavy (PLAN/RF Navy),200000000,420000000,Eurasia,0.03235294117647059
2026-04-03,Global Leader 51,381194227,USA,Blocked,Rerouted,0,Yes (Cape of Good Hope),Crude Oil Tanker,Ningbo,N/A (Exempt/Diplomatic),140000000,0.15,210000,12,1200,1548000,1758000,None,240000000,380000000,North America,0.879
2026-04-03,Global Star 81,610407450,UK,Blocked,Rerouted,0,Yes (Cape of Good Hope),Bulk Carrier,Rotterdam,N/A (Exempt/Diplomatic),45000000,0.15,67500,12,480,607200,674700,None,50000000,95000000,Europe,
2026-04-03,Eastern Trader 32,472559523,Iran,Privileged,Passed,0,No,Container Ship,Hidden/Private,N/A (Exempt/Diplomatic),110000000,0.05,55000,0,0,0,55000,Internal (IRGC Navy),150000000,260000000,Asia,3.6666666666666665
2026-04-03,Red Titan 95,343332624,Pakistan,Privileged,Passed,0,No,Crude Oil Tanker,Hidden/Private,N/A (Exempt/Diplomatic),140000000,0.05,70000,0,0,0,70000,Light (Cooperative),240000000,380000000,Asia,0.035
2026-04-03,Ocean Trader 33,236787109,Pakistan,Privileged,Passed,0,No,Container Ship,Hidden/Private,N/A (Exempt/Diplomatic),110000000,0.05,55000,0,0,0,55000,Light (Cooperative),150000000,260000000,Asia,3.6666666666666665
2026-04-03,Ocean Trader 18,415128168,Norway,Blocked,Rerouted,0,Yes (Cape of Good Hope),LNG Carrier,Singapore,N/A (Exempt/Diplomatic),220000000,0.15,330000,12,1800,2658000,2988000,None,200000000,420000000,Europe,0.8788235294117647
2026-04-03,Ocean Star 52,613991481,Iraq,Privileged,Passed,0,No,LNG Carrier,Hidden/Private,N/A (Exempt/Diplomatic),220000000,0.05,110000,0,0,0,110000,Light (Cooperative),200000000,420000000,Asia,0.03235294117647059
2026-04-03,Global Titan 99,478076450,Israel,Blocked,Rerouted,0,Yes (Cape of Good Hope),Bulk Carrier,Mumbai,N/A (Exempt/Diplomatic),45000000,0.15,67500,12,480,607200,674700,None,50000000,95000000,Asia,
2026-04-03,Ocean Star 84,455973885,Germany,Blocked,Rerouted,0,Yes (Cape of Good Hope),Container Ship,Rotterdam,N/A (Exempt/Diplomatic),110000000,0.15,165000,12,1800,2022000,2187000,None,150000000,260000000,Europe,145.8
2026-04-03,Golden Star 13,598116895,Turkey,Taxed,Passed,2000000,No,Container Ship,Mumbai,Other Non-USD,110000000,1.25,1375000,0,0,0,3375000,None,150000000,260000000,Asia,225.0
2026-04-04,Red Titan 16,335548300,Norway,Blocked,Rerouted,0,Yes (Cape of Good Hope),Bulk Carrier,Singapore,N/A (Exempt/Diplomatic),45000000,0.15,67500,12,480,607200,674700,None,50000000,95000000,Europe,
2026-04-04,Ocean Titan 70,528175214,Pakistan,Privileged,Passed,0,No,LNG Carrier,Hidden/Private,N/A (Exempt/Diplomatic),220000000,0.05,110000,0,0,0,110000,Light (Cooperative),200000000,420000000,Asia,0.03235294117647059
2026-04-04,Red Spirit 79,243259801,Iraq,Privileged,Passed,0,No,LNG Carrier,Hidden/Private,N/A (Exempt/Diplomatic),220000000,0.05,110000,0,0,0,110000,Light (Cooperative),200000000,420000000,Asia,0.03235294117647059
2026-04-04,Ocean Star 58,251924210,Marshall Islands,Taxed,Passed,2000000,No,LNG Carrier,Ningbo,Other Non-USD,220000000,1.25,2750000,0,0,0,4750000,None,200000000,420000000,Oceania,1.3970588235294117
2026-04-04,Eastern Titan 40,267764370,Norway,Blocked,Rerouted,0,Yes (Cape of Good Hope),Container Ship,Houston,N/A (Exempt/Diplomatic),110000000,0.15,165000,12,1800,2022000,2187000,None,150000000,260000000,Europe,145.8
2026-04-04,Red Titan 95,343332624,Pakistan,Privileged,Passed,0,No,LNG Carrier,Hidden/Private,N/A (Exempt/Diplomatic),220000000,0.05,110000,0,0,0,110000,Light (Cooperative),200000000,420000000,Asia,0.03235294117647059
2026-04-04,Ocean Express 79,648838894,China,Privileged,Passed,0,No,Container Ship,Hidden/Private,N/A (Exempt/Diplomatic),110000000,0.05,55000,0,0,0,55000,Heavy (PLAN/RF Navy),150000000,260000000,Asia,3.6666666666666665
2026-04-04,Iron Trader 30,366987748,Iran,Privileged,Passed,0,No,LNG Carrier,Hidden/Private,N/A (Exempt/Diplomatic),220000000,0.05,110000,0,0,0,110000,Internal (IRGC Navy),200000000,420000000,Asia,0.03235294117647059
2026-04-04,Global Leader 37,390495200,Turkey,Taxed,Rerouted,0,Yes (Cape of Good Hope),Bulk Carrier,Singapore,N/A (Exempt/Diplomatic),45000000,0.15,67500,12,480,607200,674700,None,50000000,95000000,Asia,
2026-04-04,Eastern Star 63,552924530,Germany,Blocked,Rerouted,0,Yes (Cape of Good Hope),Crude Oil Tanker,Singapore,N/A (Exempt/Diplomatic),140000000,0.15,210000,12,1200,1548000,1758000,None,240000000,380000000,Europe,0.879
2026-04-04,Global Leader 33,349542787,Israel,Blocked,Blocked/Waiting (Anchored off Oman),0,No,LNG Carrier,Rotterdam,N/A (Exempt/Diplomatic),220000000,0.5,1100000,0,0,0,1100000,None,200000000,420000000,Asia,0.3235294117647059
2026-04-04,Northern Express 68,276703600,Turkey,Taxed,Passed,2000000,No,Bulk Carrier,Houston,Other Non-USD,45000000,1.25,562500,0,0,0,2562500,None,50000000,95000000,Asia,
2026-04-04,Iron Carrier 97,586241038,India,Taxed,Rerouted,0,Yes (Cape of Good Hope),Container Ship,Mumbai,N/A (Exempt/Diplomatic),110000000,0.15,165000,12,1800,2022000,2187000,None,150000000,260000000,Asia,145.8
2026-04-04,Golden Carrier 64,682014990,USA,Blocked,Rerouted,0,Yes (Cape of Good Hope),Bulk Carrier,Ningbo,N/A (Exempt/Diplomatic),45000000,0.15,67500,12,480,607200,674700,None,50000000,95000000,North America,
2026-04-04,Eastern Star 49,509128512,USA,Blocked,Blocked/Waiting (Anchored off Oman),0,No,Container Ship,Rotterdam,N/A (Exempt/Diplomatic),110000000,0.5,550000,0,0,0,550000,None,150000000,260000000,North America,36.666666666666664
2026-04-04,Northern Trader 12,249957637,Panama,Taxed,Rerouted,0,Yes (Cape of Good Hope),Bulk Carrier,Houston,N/A (Exempt/Diplomatic),45000000,0.15,67500,12,480,607200,674700,None,50000000,95000000,North America,
2026-04-04,Golden Carrier 98,299401567,India,Taxed,Rerouted,0,Yes (Cape of Good Hope),Bulk Carrier,Rotterdam,N/A (Exempt/Diplomatic),45000000,0.15,67500,12,480,607200,674700,None,50000000,95000000,Asia,
2026-04-04,Eastern Spirit 94,655274738,Iran,Privileged,Passed,0,No,Container Ship,Hidden/Private,N/A (Exempt/Diplomatic),110000000,0.05,55000,0,0,0,55000,Internal (IRGC Navy),150000000,260000000,Asia,3.6666666666666665
2026-04-04,Global Express 70,495173558,Greece,Taxed,Rerouted,0,Yes (Cape of Good Hope),Crude Oil Tanker,Houston,N/A (Exempt/Diplomatic),140000000,0.15,210000,12,1200,1548000,1758000,None,240000000,380000000,Europe,0.879
2026-04-04,Eastern Star 76,302572638,Pakistan,Privileged,Passed,0,No,Container Ship,Hidden/Private,N/A (Exempt/Diplomatic),110000000,0.05,55000,0,0,0,55000,Light (Cooperative),150000000,260000000,Asia,3.6666666666666665
2026-04-04,Northern Spirit 19,205001198,Israel,Blocked,Blocked/Waiting (Anchored off Oman),0,No,Bulk Carrier,Ningbo,N/A (Exempt/Diplomatic),45000000,0.5,225000,0,0,0,225000,None,50000000,95000000,Asia,
2026-04-04,Iron Trader 30,574810735,UK,Blocked,Rerouted,0,Yes (Cape of Good Hope),Bulk Carrier,Ningbo,N/A (Exempt/Diplomatic),45000000,0.15,67500,12,480,607200,674700,None,50000000,95000000,Europe,
2026-04-04,Golden Leader 78,267015535,USA,Blocked,Rerouted,0,Yes (Cape of Good Hope),Bulk Carrier,Ningbo,N/A (Exempt/Diplomatic),45000000,0.15,67500,12,480,607200,674700,None,50000000,95000000,North America,
2026-04-04,Golden Carrier 29,346215835,Panama,Taxed,Passed,2000000,No,Crude Oil Tanker,Mumbai,Other Non-USD,140000000,1.25,1750000,0,0,0,3750000,None,240000000,380000000,North America,1.875
2026-04-04,Iron Spirit 20,659195204,UAE,Taxed,Passed,2000000,No,Crude Oil Tanker,Houston,Other Non-USD,140000000,1.25,1750000,0,0,0,3750000,None,240000000,380000000,Asia,1.875
2026-04-05,Northern Titan 68,201742315,Turkey,Taxed,Rerouted,0,Yes (Cape of Good Hope),LNG Carrier,Singapore,N/A (Exempt/Diplomatic),220000000,0.15,330000,12,1800,2658000,2988000,None,200000000,420000000,Asia,0.8788235294117647
2026-04-05,Northern Express 68,276703600,Turkey,Taxed,Passed,2000000,No,Bulk Carrier,Rotterdam,Other Non-USD,45000000,1.25,562500,0,0,0,2562500,None,50000000,95000000,Asia,
2026-04-05,Global Spirit 60,270264740,Panama,Taxed,Passed,2000000,No,Crude Oil Tanker,Mumbai,Other Non-USD,140000000,1.25,1750000,0,0,0,3750000,None,240000000,380000000,North America,1.875
2026-04-05,Golden Carrier 29,346215835,Panama,Taxed,Passed,2000000,No,Container Ship,Mumbai,Other Non-USD,110000000,1.25,1375000,0,0,0,3375000,None,150000000,260000000,North America,225.0
2026-04-05,Ocean Star 80,356839665,Iraq,Privileged,Passed,0,No,Bulk Carrier,Hidden/Private,N/A (Exempt/Diplomatic),45000000,0.05,22500,0,0,0,22500,Light (Cooperative),50000000,95000000,Asia,
2026-04-05,Ocean Spirit 32,511701739,Turkey,Taxed,Passed,2000000,No,Bulk Carrier,Rotterdam,Other Non-USD,45000000,1.25,562500,0,0,0,2562500,None,50000000,95000000,Asia,
2026-04-05,Eastern Trader 98,307992155,Panama,Taxed,Passed,2000000,No,Container Ship,Rotterdam,Other Non-USD,110000000,1.25,1375000,0,0,0,3375000,None,150000000,260000000,North America,225.0
2026-04-05,Global Carrier 26,588346949,Norway,Blocked,Rerouted,0,Yes (Cape of Good Hope),Bulk Carrier,Houston,N/A (Exempt/Diplomatic),45000000,0.15,67500,12,480,607200,674700,None,50000000,95000000,Europe,
2026-04-05,Eastern Carrier 89,321164857,Germany,Blocked,Rerouted,0,Yes (Cape of Good Hope),Crude Oil Tanker,Singapore,N/A (Exempt/Diplomatic),140000000,0.15,210000,12,1200,1548000,1758000,None,240000000,380000000,Europe,0.879
2026-04-05,Red Spirit 79,243259801,Iraq,Privileged,Passed,0,No,Bulk Carrier,Hidden/Private,N/A (Exempt/Diplomatic),45000000,0.05,22500,0,0,0,22500,Light (Cooperative),50000000,95000000,Asia,
2026-04-05,Iron Trader 15,682606488,Marshall Islands,Taxed,Passed,2000000,No,Crude Oil Tanker,Ningbo,Other Non-USD,140000000,1.25,1750000,0,0,0,3750000,None,240000000,380000000,Oceania,1.875
2026-04-05,Iron Titan 91,348880396,Germany,Blocked,Rerouted,0,Yes (Cape of Good Hope),Crude Oil Tanker,Mumbai,N/A (Exempt/Diplomatic),140000000,0.15,210000,12,1200,1548000,1758000,None,240000000,380000000,Europe,0.879
2026-04-05,Iron Trader 23,617911275,UK,Blocked,Blocked/Waiting (Anchored off Oman),0,No,Crude Oil Tanker,Rotterdam,N/A (Exempt/Diplomatic),140000000,0.5,700000,0,0,0,700000,None,240000000,380000000,Europe,0.35
2026-04-05,Iron Carrier 30,230536988,Germany,Blocked,Rerouted,0,Yes (Cape of Good Hope),LNG Carrier,Singapore,N/A (Exempt/Diplomatic),220000000,0.15,330000,12,1800,2658000,2988000,None,200000000,420000000,Europe,0.8788235294117647
2026-04-05,Global Express 70,495173558,Greece,Taxed,Passed,2000000,No,Container Ship,Houston,Tether (USDT) / Yuan,110000000,1.25,1375000,0,0,0,3375000,None,150000000,260000000,Europe,225.0
2026-04-05,Golden Express 81,555339452,Norway,Blocked,Rerouted,0,Yes (Cape of Good Hope),LNG Carrier,Singapore,N/A (Exempt/Diplomatic),220000000,0.15,330000,12,1800,2658000,2988000,None,200000000,420000000,Europe,0.8788235294117647
2026-04-05,Global Trader 35,279110057,China,Privileged,Passed,0,No,Crude Oil Tanker,Hidden/Private,N/A (Exempt/Diplomatic),140000000,0.05,70000,0,0,0,70000,Heavy (PLAN/RF Navy),240000000,380000000,Asia,0.035
2026-04-05,Global Titan 82,363120451,Pakistan,Privileged,Passed,0,No,Container Ship,Hidden/Private,N/A (Exempt/Diplomatic),110000000,0.05,55000,0,0,0,55000,Light (Cooperative),150000000,260000000,Asia,3.6666666666666665
2026-04-05,Ocean Express 64,645252867,Turkey,Taxed,Passed,2000000,No,Bulk Carrier,Rotterdam,Other Non-USD,45000000,1.25,562500,0,0,0,2562500,None,50000000,95000000,Asia,
2026-04-05,Eastern Star 59,404880292,Israel,Blocked,Rerouted,0,Yes (Cape of Good Hope),LNG Carrier,Singapore,N/A (Exempt/Diplomatic),220000000,0.15,330000,12,1800,2658000,2988000,None,200000000,420000000,Asia,0.8788235294117647
2026-04-05,Northern Leader 66,562724611,India,Taxed,Passed,2000000,No,LNG Carrier,Mumbai,Other Non-USD,220000000,1.25,2750000,0,0,0,4750000,None,200000000,420000000,Asia,1.3970588235294117
2026-04-05,Global Leader 58,344927134,UAE,Taxed,Rerouted,0,Yes (Cape of Good Hope),Bulk Carrier,Houston,N/A (Exempt/Diplomatic),45000000,0.15,67500,12,480,607200,674700,None,50000000,95000000,Asia,
2026-04-06,Iron Star 58,349235943,Israel,Blocked,Rerouted,0,Yes (Cape of Good Hope),LNG Carrier,Mumbai,N/A (Exempt/Diplomatic),220000000,0.15,330000,12,1800,2658000,2988000,None,200000000,420000000,Asia,0.8788235294117647
2026-04-06,Iron Leader 38,307144846,Israel,Blocked,Rerouted,0,Yes (Cape of Good Hope),Crude Oil Tanker,Mumbai,N/A (Exempt/Diplomatic),140000000,0.15,210000,12,1200,1548000,1758000,None,240000000,380000000,Asia,0.879
2026-04-06,Ocean Trader 33,236787109,Pakistan,Privileged,Passed,0,No,LNG Carrier,Hidden/Private,N/A (Exempt/Diplomatic),220000000,0.05,110000,0,0,0,110000,Light (Cooperative),200000000,420000000,Asia,0.03235294117647059
2026-04-06,Eastern Titan 10,238114122,Russia,Privileged,Passed,0,No,LNG Carrier,Hidden/Private,N/A (Exempt/Diplomatic),220000000,0.05,110000,0,0,0,110000,Heavy (PLAN/RF Navy),200000000,420000000,Eurasia,0.03235294117647059
2026-04-06,Golden Express 24,565990466,Turkey,Taxed,Passed,2000000,No,LNG Carrier,Rotterdam,Other Non-USD,220000000,1.25,2750000,0,0,0,4750000,None,200000000,420000000,Asia,1.3970588235294117
2026-04-06,Global Leader 95,403552071,Greece,Taxed,Passed,2000000,No,Crude Oil Tanker,Ningbo,Tether (USDT) / Yuan,140000000,1.25,1750000,0,0,0,3750000,None,240000000,380000000,Europe,1.875
2026-04-06,Northern Express 68,276703600,Turkey,Taxed,Rerouted,0,Yes (Cape of Good Hope),LNG Carrier,Houston,N/A (Exempt/Diplomatic),220000000,0.15,330000,12,1800,2658000,2988000,None,200000000,420000000,Asia,0.8788235294117647
2026-04-06,Golden Titan 65,294562809,Germany,Blocked,Rerouted,0,Yes (Cape of Good Hope),LNG Carrier,Mumbai,N/A (Exempt/Diplomatic),220000000,0.15,330000,12,1800,2658000,2988000,None,200000000,420000000,Europe,0.8788235294117647
2026-04-06,Red Leader 62,450731958,Russia,Privileged,Passed,0,No,Crude Oil Tanker,Hidden/Private,N/A (Exempt/Diplomatic),140000000,0.05,70000,0,0,0,70000,Heavy (PLAN/RF Navy),240000000,380000000,Eurasia,0.035
2026-04-06,Ocean Express 48,656497707,Iran,Privileged,Passed,0,No,LNG Carrier,Hidden/Private,N/A (Exempt/Diplomatic),220000000,0.05,110000,0,0,0,110000,Internal (IRGC Navy),200000000,420000000,Asia,0.03235294117647059
2026-04-06,Northern Express 35,240800296,UAE,Taxed,Passed,2000000,No,Crude Oil Tanker,Rotterdam,Other Non-USD,140000000,1.25,1750000,0,0,0,3750000,None,240000000,380000000,Asia,1.875
2026-04-06,Global Star 43,403529838,Liberia,Taxed,Passed,2000000,No,Bulk Carrier,Houston,Other Non-USD,45000000,1.25,562500,0,0,0,2562500,None,50000000,95000000,Africa,
2026-04-06,Golden Express 99,492563230,UK,Blocked,Rerouted,0,Yes (Cape of Good Hope),Container Ship,Houston,N/A (Exempt/Diplomatic),110000000,0.15,165000,12,1800,2022000,2187000,None,150000000,260000000,Europe,145.8
2026-04-06,Ocean Carrier 47,645283238,Marshall Islands,Taxed,Rerouted,0,Yes (Cape of Good Hope),Crude Oil Tanker,Houston,N/A (Exempt/Diplomatic),140000000,0.15,210000,12,1200,1548000,1758000,None,240000000,380000000,Oceania,0.879
2026-04-06,Eastern Leader 42,686048824,Russia,Privileged,Passed,0,No,Bulk Carrier,Hidden/Private,N/A (Exempt/Diplomatic),45000000,0.05,22500,0,0,0,22500,Heavy (PLAN/RF Navy),50000000,95000000,Eurasia,
2026-04-06,Northern Leader 37,664205646,USA,Blocked,Rerouted,0,Yes (Cape of Good Hope),Crude Oil Tanker,Rotterdam,N/A (Exempt/Diplomatic),140000000,0.15,210000,12,1200,1548000,1758000,None,240000000,380000000,North America,0.879
2026-04-06,Iron Express 53,259889117,Panama,Taxed,Passed,2000000,No,Container Ship,Singapore,Other Non-USD,110000000,1.25,1375000,0,0,0,3375000,None,150000000,260000000,North America,225.0
2026-04-06,Ocean Spirit 48,604518879,USA,Blocked,Rerouted,0,Yes (Cape of Good Hope),Container Ship,Singapore,N/A (Exempt/Diplomatic),110000000,0.15,165000,12,1800,2022000,2187000,None,150000000,260000000,North America,145.8
2026-04-06,Global Trader 70,633521651,UK,Blocked,Rerouted,0,Yes (Cape of Good Hope),Crude Oil Tanker,Mumbai,N/A (Exempt/Diplomatic),140000000,0.15,210000,12,1200,1548000,1758000,None,240000000,380000000,Europe,0.879
2026-04-06,Red Titan 95,343332624,Pakistan,Privileged,Passed,0,No,LNG Carrier,Hidden/Private,N/A (Exempt/Diplomatic),220000000,0.05,110000,0,0,0,110000,Light (Cooperative),200000000,420000000,Asia,0.03235294117647059
2026-04-06,Red Carrier 69,423217093,Russia,Privileged,Passed,0,No,Crude Oil Tanker,Hidden/Private,N/A (Exempt/Diplomatic),140000000,0.05,70000,0,0,0,70000,Heavy (PLAN/RF Navy),240000000,380000000,Eurasia,0.035
2026-04-06,Global Star 22,553788671,UK,Blocked,Rerouted,0,Yes (Cape of Good Hope),Bulk Carrier,Singapore,N/A (Exempt/Diplomatic),45000000,0.15,67500,12,480,607200,674700,None,50000000,95000000,Europe,
2026-04-07,Global Spirit 60,270264740,Panama,Taxed,Passed,2000000,No,Bulk Carrier,Mumbai,Other Non-USD,45000000,1.25,562500,0,0,0,2562500,None,50000000,95000000,North America,
2026-04-07,Global Leader 95,403552071,Greece,Taxed,Passed,2000000,No,Container Ship,Rotterdam,Tether (USDT) / Yuan,110000000,1.25,1375000,0,0,0,3375000,None,150000000,260000000,Europe,225.0
2026-04-07,Global Titan 99,478076450,Israel,Blocked,Rerouted,0,Yes (Cape of Good Hope),Crude Oil Tanker,Rotterdam,N/A (Exempt/Diplomatic),140000000,0.15,210000,12,1200,1548000,1758000,None,240000000,380000000,Asia,0.879
2026-04-07,Red Trader 63,335437245,Pakistan,Privileged,Passed,0,No,Container Ship,Hidden/Private,N/A (Exempt/Diplomatic),110000000,0.05,55000,0,0,0,55000,Light (Cooperative),150000000,260000000,Asia,3.6666666666666665
2026-04-07,Ocean Express 65,200907996,Germany,Blocked,Rerouted,0,Yes (Cape of Good Hope),Bulk Carrier,Ningbo,N/A (Exempt/Diplomatic),45000000,0.15,67500,12,480,607200,674700,None,50000000,95000000,Europe,
2026-04-07,Golden Carrier 64,682014990,USA,Blocked,Rerouted,0,Yes (Cape of Good Hope),Bulk Carrier,Rotterdam,N/A (Exempt/Diplomatic),45000000,0.15,67500,12,480,607200,674700,None,50000000,95000000,North America,
2026-04-07,Golden Leader 92,582167480,Norway,Blocked,Rerouted,0,Yes (Cape of Good Hope),Container Ship,Rotterdam,N/A (Exempt/Diplomatic),110000000,0.15,165000,12,1800,2022000,2187000,None,150000000,260000000,Europe,145.8
2026-04-07,Eastern Star 59,404880292,Israel,Blocked,Blocked/Waiting (Anchored off Oman),0,No,Bulk Carrier,Mumbai,N/A (Exempt/Diplomatic),45000000,0.5,225000,0,0,0,225000,None,50000000,95000000,Asia,
2026-04-07,Ocean Trader 63,641485549,Norway,Blocked,Rerouted,0,Yes (Cape of Good Hope),LNG Carrier,Ningbo,N/A (Exempt/Diplomatic),220000000,0.15,330000,12,1800,2658000,2988000,None,200000000,420000000,Europe,0.8788235294117647
2026-04-07,Golden Spirit 18,471635630,Liberia,Taxed,Passed,2000000,No,LNG Carrier,Rotterdam,Other Non-USD,220000000,1.25,2750000,0,0,0,4750000,None,200000000,420000000,Africa,1.3970588235294117
2026-04-07,Red Carrier 69,423217093,Russia,Privileged,Passed,0,No,Bulk Carrier,Hidden/Private,N/A (Exempt/Diplomatic),45000000,0.05,22500,0,0,0,22500,Heavy (PLAN/RF Navy),50000000,95000000,Eurasia,
2026-04-07,Golden Leader 44,364616964,Turkey,Taxed,Passed,2000000,No,Bulk Carrier,Rotterdam,Other Non-USD,45000000,1.25,562500,0,0,0,2562500,None,50000000,95000000,Asia,
2026-04-07,Golden Express 92,252837693,Russia,Privileged,Passed,0,No,Bulk Carrier,Hidden/Private,N/A (Exempt/Diplomatic),45000000,0.05,22500,0,0,0,22500,Heavy (PLAN/RF Navy),50000000,95000000,Eurasia,
2026-04-07,Ocean Trader 18,415128168,Norway,Blocked,Rerouted,0,Yes (Cape of Good Hope),Container Ship,Houston,N/A (Exempt/Diplomatic),110000000,0.15,165000,12,1800,2022000,2187000,None,150000000,260000000,Europe,145.8
2026-04-07,Red Leader 99,358728676,Iraq,Privileged,Passed,0,No,Crude Oil Tanker,Hidden/Private,N/A (Exempt/Diplomatic),140000000,0.05,70000,0,0,0,70000,Light (Cooperative),240000000,380000000,Asia,0.035
2026-04-07,Global Leader 33,349542787,Israel,Blocked,Rerouted,0,Yes (Cape of Good Hope),Bulk Carrier,Rotterdam,N/A (Exempt/Diplomatic),45000000,0.15,67500,12,480,607200,674700,None,50000000,95000000,Asia,
2026-04-07,Northern Express 78,377784731,China,Privileged,Passed,0,No,LNG Carrier,Hidden/Private,N/A (Exempt/Diplomatic),220000000,0.05,110000,0,0,0,110000,Heavy (PLAN/RF Navy),200000000,420000000,Asia,0.03235294117647059
2026-04-07,Ocean Express 64,645252867,Turkey,Taxed,Rerouted,0,Yes (Cape of Good Hope),Bulk Carrier,Mumbai,N/A (Exempt/Diplomatic),45000000,0.15,67500,12,480,607200,674700,None,50000000,95000000,Asia,
2026-04-07,Global Star 81,610407450,UK,Blocked,Rerouted,0,Yes (Cape of Good Hope),LNG Carrier,Ningbo,N/A (Exempt/Diplomatic),220000000,0.15,330000,12,1800,2658000,2988000,None,200000000,420000000,Europe,0.8788235294117647
2026-04-07,Red Spirit 39,319681170,China,Privileged,Passed,0,No,Container Ship,Hidden/Private,N/A (Exempt/Diplomatic),110000000,0.05,55000,0,0,0,55000,Heavy (PLAN/RF Navy),150000000,260000000,Asia,3.6666666666666665
2026-04-07,Ocean Spirit 32,511701739,Turkey,Taxed,Rerouted,0,Yes (Cape of Good Hope),Crude Oil Tanker,Rotterdam,N/A (Exempt/Diplomatic),140000000,0.15,210000,12,1200,1548000,1758000,None,240000000,380000000,Asia,0.879
2026-04-07,Global Titan 81,489361229,Turkey,Taxed,Passed,2000000,No,LNG Carrier,Singapore,Other Non-USD,220000000,1.25,2750000,0,0,0,4750000,None,200000000,420000000,Asia,1.3970588235294117
2026-04-07,Iron Carrier 48,528391997,Germany,Blocked,Rerouted,0,Yes (Cape of Good Hope),Bulk Carrier,Ningbo,N/A (Exempt/Diplomatic),45000000,0.15,67500,12,480,607200,674700,None,50000000,95000000,Europe,
2026-04-08,Golden Leader 44,364616964,Turkey,Taxed,Passed,2000000,No,Container Ship,Mumbai,Other Non-USD,110000000,1.25,1375000,0,0,0,3375000,None,150000000,260000000,Asia,225.0
2026-04-08,Golden Carrier 29,346215835,Panama,Taxed,Rerouted,0,Yes (Cape of Good Hope),Crude Oil Tanker,Mumbai,N/A (Exempt/Diplomatic),140000000,0.15,210000,12,1200,1548000,1758000,None,240000000,380000000,North America,0.879
2026-04-08,Global Star 81,610407450,UK,Blocked,Rerouted,0,Yes (Cape of Good Hope),Bulk Carrier,Houston,N/A (Exempt/Diplomatic),45000000,0.15,67500,12,480,607200,674700,None,50000000,95000000,Europe,
2026-04-08,Iron Trader 63,488954965,UAE,Taxed,Passed,2000000,No,Bulk Carrier,Rotterdam,Other Non-USD,45000000,1.25,562500,0,0,0,2562500,None,50000000,95000000,Asia,
2026-04-08,Global Star 43,403529838,Liberia,Taxed,Rerouted,0,Yes (Cape of Good Hope),Crude Oil Tanker,Rotterdam,N/A (Exempt/Diplomatic),140000000,0.15,210000,12,1200,1548000,1758000,None,240000000,380000000,Africa,0.879
2026-04-08,Iron Spirit 61,343742291,Pakistan,Privileged,Passed,0,No,LNG Carrier,Hidden/Private,N/A (Exempt/Diplomatic),220000000,0.05,110000,0,0,0,110000,Light (Cooperative),200000000,420000000,Asia,0.03235294117647059
2026-04-08,Eastern Titan 18,224601779,UAE,Taxed,Passed,2000000,No,LNG Carrier,Ningbo,Other Non-USD,220000000,1.25,2750000,0,0,0,4750000,None,200000000,420000000,Asia,1.3970588235294117
2026-04-08,Red Trader 49,328554982,Russia,Privileged,Passed,0,No,Bulk Carrier,Hidden/Private,N/A (Exempt/Diplomatic),45000000,0.05,22500,0,0,0,22500,Heavy (PLAN/RF Navy),50000000,95000000,Eurasia,
2026-04-08,Global Carrier 20,245984845,Norway,Blocked,Rerouted,0,Yes (Cape of Good Hope),Crude Oil Tanker,Rotterdam,N/A (Exempt/Diplomatic),140000000,0.15,210000,12,1200,1548000,1758000,None,240000000,380000000,Europe,0.879
2026-04-08,Eastern Spirit 70,457007733,Israel,Blocked,Rerouted,0,Yes (Cape of Good Hope),Container Ship,Ningbo,N/A (Exempt/Diplomatic),110000000,0.15,165000,12,1800,2022000,2187000,None,150000000,260000000,Asia,145.8
2026-04-08,Eastern Titan 40,267764370,Norway,Blocked,Rerouted,0,Yes (Cape of Good Hope),LNG Carrier,Houston,N/A (Exempt/Diplomatic),220000000,0.15,330000,12,1800,2658000,2988000,None,200000000,420000000,Europe,0.8788235294117647
2026-04-08,Ocean Carrier 47,645283238,Marshall Islands,Taxed,Passed,2000000,No,Bulk Carrier,Rotterdam,Other Non-USD,45000000,1.25,562500,0,0,0,2562500,None,50000000,95000000,Oceania,
2026-04-08,Iron Titan 21,349748461,Israel,Blocked,Rerouted,0,Yes (Cape of Good Hope),Crude Oil Tanker,Singapore,N/A (Exempt/Diplomatic),140000000,0.15,210000,12,1200,1548000,1758000,None,240000000,380000000,Asia,0.879
2026-04-08,Golden Spirit 17,322969247,Russia,Privileged,Passed,0,No,Crude Oil Tanker,Hidden/Private,N/A (Exempt/Diplomatic),140000000,0.05,70000,0,0,0,70000,Heavy (PLAN/RF Navy),240000000,380000000,Eurasia,0.035
2026-04-08,Iron Carrier 30,230536988,Germany,Blocked,Rerouted,0,Yes (Cape of Good Hope),Crude Oil Tanker,Mumbai,N/A (Exempt/Diplomatic),140000000,0.15,210000,12,1200,1548000,1758000,None,240000000,380000000,Europe,0.879
2026-04-08,Eastern Spirit 94,655274738,Iran,Privileged,Passed,0,No,Container Ship,Hidden/Private,N/A (Exempt/Diplomatic),110000000,0.05,55000,0,0,0,55000,Internal (IRGC Navy),150000000,260000000,Asia,3.6666666666666665
2026-04-08,Golden Titan 65,294562809,Germany,Blocked,Rerouted,0,Yes (Cape of Good Hope),Container Ship,Mumbai,N/A (Exempt/Diplomatic),110000000,0.15,165000,12,1800,2022000,2187000,None,150000000,260000000,Europe,145.8
2026-04-08,Golden Trader 50,434287182,Germany,Blocked,Rerouted,0,Yes (Cape of Good Hope),Crude Oil Tanker,Mumbai,N/A (Exempt/Diplomatic),140000000,0.15,210000,12,1200,1548000,1758000,None,240000000,380000000,Europe,0.879
2026-04-08,Ocean Titan 70,528175214,Pakistan,Privileged,Passed,0,No,LNG Carrier,Hidden/Private,N/A (Exempt/Diplomatic),220000000,0.05,110000,0,0,0,110000,Light (Cooperative),200000000,420000000,Asia,0.03235294117647059
2026-04-09,Red Spirit 86,576445159,Turkey,Taxed,Passed,2000000,No,Crude Oil Tanker,Ningbo,Other Non-USD,140000000,1.25,1750000,0,0,0,3750000,None,240000000,380000000,Asia,1.875
2026-04-09,Northern Titan 15,365494940,Marshall Islands,Taxed,Passed,2000000,No,Container Ship,Singapore,Other Non-USD,110000000,1.25,1375000,0,0,0,3375000,None,150000000,260000000,Oceania,225.0
2026-04-09,Global Carrier 50,314153005,Norway,Blocked,Rerouted,0,Yes (Cape of Good Hope),Container Ship,Houston,N/A (Exempt/Diplomatic),110000000,0.15,165000,12,1800,2022000,2187000,None,150000000,260000000,Europe,145.8
2026-04-09,Iron Carrier 97,586241038,India,Taxed,Passed,2000000,No,Bulk Carrier,Mumbai,Other Non-USD,45000000,1.25,562500,0,0,0,2562500,None,50000000,95000000,Asia,
2026-04-09,Ocean Trader 16,662301106,Iran,Privileged,Passed,0,No,LNG Carrier,Hidden/Private,N/A (Exempt/Diplomatic),220000000,0.05,110000,0,0,0,110000,Internal (IRGC Navy),200000000,420000000,Asia,0.03235294117647059
2026-04-09,Northern Leader 37,664205646,USA,Blocked,Rerouted,0,Yes (Cape of Good Hope),Container Ship,Singapore,N/A (Exempt/Diplomatic),110000000,0.15,165000,12,1800,2022000,2187000,None,150000000,260000000,North America,145.8
2026-04-09,Ocean Carrier 90,568535587,Russia,Privileged,Passed,0,No,Bulk Carrier,Hidden/Private,N/A (Exempt/Diplomatic),45000000,0.05,22500,0,0,0,22500,Heavy (PLAN/RF Navy),50000000,95000000,Eurasia,
2026-04-09,Eastern Carrier 94,214550303,Pakistan,Privileged,Passed,0,No,Bulk Carrier,Hidden/Private,N/A (Exempt/Diplomatic),45000000,0.05,22500,0,0,0,22500,Light (Cooperative),50000000,95000000,Asia,
2026-04-09,Red Spirit 39,319681170,China,Privileged,Passed,0,No,Crude Oil Tanker,Hidden/Private,N/A (Exempt/Diplomatic),140000000,0.05,70000,0,0,0,70000,Heavy (PLAN/RF Navy),240000000,380000000,Asia,0.035
2026-04-09,Global Express 70,441629363,Turkey,Taxed,Passed,2000000,No,Crude Oil Tanker,Mumbai,Other Non-USD,140000000,1.25,1750000,0,0,0,3750000,None,240000000,380000000,Asia,1.875
2026-04-09,Golden Spirit 17,322969247,Russia,Privileged,Passed,0,No,Container Ship,Hidden/Private,N/A (Exempt/Diplomatic),110000000,0.05,55000,0,0,0,55000,Heavy (PLAN/RF Navy),150000000,260000000,Eurasia,3.6666666666666665
2026-04-09,Iron Leader 38,307144846,Israel,Blocked,Rerouted,0,Yes (Cape of Good Hope),Crude Oil Tanker,Mumbai,N/A (Exempt/Diplomatic),140000000,0.15,210000,12,1200,1548000,1758000,None,240000000,380000000,Asia,0.879
2026-04-09,Global Spirit 46,284689687,Israel,Blocked,Blocked/Waiting (Anchored off Oman),0,No,Crude Oil Tanker,Rotterdam,N/A (Exempt/Diplomatic),140000000,0.5,700000,0,0,0,700000,None,240000000,380000000,Asia,0.35
2026-04-09,Ocean Express 64,645252867,Turkey,Taxed,Passed,2000000,No,Container Ship,Singapore,Other Non-USD,110000000,1.25,1375000,0,0,0,3375000,None,150000000,260000000,Asia,225.0
2026-04-09,Northern Express 53,629814830,Iran,Privileged,Passed,0,No,Crude Oil Tanker,Hidden/Private,N/A (Exempt/Diplomatic),140000000,0.05,70000,0,0,0,70000,Internal (IRGC Navy),240000000,380000000,Asia,0.035
2026-04-09,Eastern Leader 42,686048824,Russia,Privileged,Passed,0,No,Container Ship,Hidden/Private,N/A (Exempt/Diplomatic),110000000,0.05,55000,0,0,0,55000,Heavy (PLAN/RF Navy),150000000,260000000,Eurasia,3.6666666666666665
2026-04-09,Red Carrier 87,427170451,India,Taxed,Passed,2000000,No,LNG Carrier,Mumbai,Other Non-USD,220000000,1.25,2750000,0,0,0,4750000,None,200000000,420000000,Asia,1.3970588235294117
2026-04-09,Global Leader 58,344927134,UAE,Taxed,Passed,2000000,No,LNG Carrier,Rotterdam,Other Non-USD,220000000,1.25,2750000,0,0,0,4750000,None,200000000,420000000,Asia,1.3970588235294117
2026-04-09,Ocean Carrier 41,692562960,Iran,Privileged,Passed,0,No,Container Ship,Hidden/Private,N/A (Exempt/Diplomatic),110000000,0.05,55000,0,0,0,55000,Internal (IRGC Navy),150000000,260000000,Asia,3.6666666666666665
2026-04-09,Eastern Star 49,509128512,USA,Blocked,Rerouted,0,Yes (Cape of Good Hope),Bulk Carrier,Rotterdam,N/A (Exempt/Diplomatic),45000000,0.15,67500,12,480,607200,674700,None,50000000,95000000,North America,
2026-04-09,Eastern Star 59,404880292,Israel,Blocked,Rerouted,0,Yes (Cape of Good Hope),LNG Carrier,Rotterdam,N/A (Exempt/Diplomatic),220000000,0.15,330000,12,1800,2658000,2988000,None,200000000,420000000,Asia,0.8788235294117647
2026-04-09,Iron Titan 91,348880396,Germany,Blocked,Rerouted,0,Yes (Cape of Good Hope),Container Ship,Singapore,N/A (Exempt/Diplomatic),110000000,0.15,165000,12,1800,2022000,2187000,None,150000000,260000000,Europe,145.8
2026-04-09,Global Leader 98,330623464,Panama,Taxed,Passed,2000000,No,LNG Carrier,Mumbai,Other Non-USD,220000000,1.25,2750000,0,0,0,4750000,None,200000000,420000000,North America,1.3970588235294117
2026-04-09,Global Star 14,661513240,Liberia,Taxed,Passed,2000000,No,Bulk Carrier,Singapore,Other Non-USD,45000000,1.25,562500,0,0,0,2562500,None,50000000,95000000,Africa,
2026-04-09,Eastern Express 64,501134582,China,Privileged,Passed,0,No,Container Ship,Hidden/Private,N/A (Exempt/Diplomatic),110000000,0.05,55000,0,0,0,55000,Heavy (PLAN/RF Navy),150000000,260000000,Asia,3.6666666666666665
2026-04-09,Global Leader 37,390495200,Turkey,Taxed,Passed,2000000,No,Crude Oil Tanker,Mumbai,Other Non-USD,140000000,1.25,1750000,0,0,0,3750000,None,240000000,380000000,Asia,1.875
2026-04-09,Iron Carrier 15,386403601,UK,Blocked,Rerouted,0,Yes (Cape of Good Hope),Crude Oil Tanker,Houston,N/A (Exempt/Diplomatic),140000000,0.15,210000,12,1200,1548000,1758000,None,240000000,380000000,Europe,0.879
2026-04-09,Eastern Trader 77,693112443,China,Privileged,Passed,0,No,Container Ship,Hidden/Private,N/A (Exempt/Diplomatic),110000000,0.05,55000,0,0,0,55000,Heavy (PLAN/RF Navy),150000000,260000000,Asia,3.6666666666666665
2026-04-09,Ocean Express 79,648838894,China,Privileged,Passed,0,No,Bulk Carrier,Hidden/Private,N/A (Exempt/Diplomatic),45000000,0.05,22500,0,0,0,22500,Heavy (PLAN/RF Navy),50000000,95000000,Asia,
2026-04-09,Red Titan 27,473549845,Norway,Blocked,Rerouted,0,Yes (Cape of Good Hope),LNG Carrier,Mumbai,N/A (Exempt/Diplomatic),220000000,0.15,330000,12,1800,2658000,2988000,None,200000000,420000000,Europe,0.8788235294117647
2026-04-09,Iron Titan 21,349748461,Israel,Blocked,Rerouted,0,Yes (Cape of Good Hope),LNG Carrier,Mumbai,N/A (Exempt/Diplomatic),220000000,0.15,330000,12,1800,2658000,2988000,None,200000000,420000000,Asia,0.8788235294117647
2026-04-09,Golden Express 81,555339452,Norway,Blocked,Rerouted,0,Yes (Cape of Good Hope),Container Ship,Ningbo,N/A (Exempt/Diplomatic),110000000,0.15,165000,12,1800,2022000,2187000,None,150000000,260000000,Europe,145.8
2026-04-09,Ocean Carrier 40,349506343,Norway,Blocked,Rerouted,0,Yes (Cape of Good Hope),Crude Oil Tanker,Mumbai,N/A (Exempt/Diplomatic),140000000,0.15,210000,12,1200,1548000,1758000,None,240000000,380000000,Europe,0.879
2026-04-09,Eastern Trader 98,307992155,Panama,Taxed,Passed,2000000,No,Bulk Carrier,Ningbo,Other Non-USD,45000000,1.25,562500,0,0,0,2562500,None,50000000,95000000,North America,
2026-04-10,Iron Carrier 15,386403601,UK,Blocked,Rerouted,0,Yes (Cape of Good Hope),LNG Carrier,Ningbo,N/A (Exempt/Diplomatic),220000000,0.15,330000,12,1800,2658000,2988000,None,200000000,420000000,Europe,0.8788235294117647
2026-04-10,Northern Leader 85,344093758,Liberia,Taxed,Passed,2000000,No,LNG Carrier,Singapore,Other Non-USD,220000000,1.25,2750000,0,0,0,4750000,None,200000000,420000000,Africa,1.3970588235294117
2026-04-10,Golden Trader 50,434287182,Germany,Blocked,Rerouted,0,Yes (Cape of Good Hope),Bulk Carrier,Ningbo,N/A (Exempt/Diplomatic),45000000,0.15,67500,12,480,607200,674700,None,50000000,95000000,Europe,
2026-04-10,Ocean Carrier 41,692562960,Iran,Privileged,Passed,0,No,Container Ship,Hidden/Private,N/A (Exempt/Diplomatic),110000000,0.05,55000,0,0,0,55000,Internal (IRGC Navy),150000000,260000000,Asia,3.6666666666666665
2026-04-10,Northern Titan 15,365494940,Marshall Islands,Taxed,Passed,2000000,No,Container Ship,Ningbo,Other Non-USD,110000000,1.25,1375000,0,0,0,3375000,None,150000000,260000000,Oceania,225.0
2026-04-10,Eastern Carrier 13,501316148,India,Taxed,Passed,2000000,No,Bulk Carrier,Singapore,Other Non-USD,45000000,1.25,562500,0,0,0,2562500,None,50000000,95000000,Asia,
2026-04-10,Ocean Trader 18,415128168,Norway,Blocked,Blocked/Waiting (Anchored off Oman),0,No,LNG Carrier,Mumbai,N/A (Exempt/Diplomatic),220000000,0.5,1100000,0,0,0,1100000,None,200000000,420000000,Europe,0.3235294117647059
2026-04-10,Global Spirit 46,284689687,Israel,Blocked,Rerouted,0,Yes (Cape of Good Hope),Container Ship,Singapore,N/A (Exempt/Diplomatic),110000000,0.15,165000,12,1800,2022000,2187000,None,150000000,260000000,Asia,145.8
2026-04-10,Eastern Leader 25,333093315,UAE,Taxed,Passed,2000000,No,Container Ship,Houston,Other Non-USD,110000000,1.25,1375000,0,0,0,3375000,None,150000000,260000000,Asia,225.0
2026-04-10,Red Leader 62,450731958,Russia,Privileged,Passed,0,No,Container Ship,Hidden/Private,N/A (Exempt/Diplomatic),110000000,0.05,55000,0,0,0,55000,Heavy (PLAN/RF Navy),150000000,260000000,Eurasia,3.6666666666666665
2026-04-10,Ocean Star 52,613991481,Iraq,Privileged,Passed,0,No,LNG Carrier,Hidden/Private,N/A (Exempt/Diplomatic),220000000,0.05,110000,0,0,0,110000,Light (Cooperative),200000000,420000000,Asia,0.03235294117647059
2026-04-10,Ocean Titan 70,528175214,Pakistan,Privileged,Passed,0,No,LNG Carrier,Hidden/Private,N/A (Exempt/Diplomatic),220000000,0.05,110000,0,0,0,110000,Light (Cooperative),200000000,420000000,Asia,0.03235294117647059
2026-04-10,Global Star 14,661513240,Liberia,Taxed,Passed,2000000,No,LNG Carrier,Mumbai,Other Non-USD,220000000,1.25,2750000,0,0,0,4750000,None,200000000,420000000,Africa,1.3970588235294117
2026-04-10,Global Titan 34,487916220,Israel,Blocked,Rerouted,0,Yes (Cape of Good Hope),Container Ship,Mumbai,N/A (Exempt/Diplomatic),110000000,0.15,165000,12,1800,2022000,2187000,None,150000000,260000000,Asia,145.8
2026-04-10,Iron Express 48,651867790,Germany,Blocked,Rerouted,0,Yes (Cape of Good Hope),Crude Oil Tanker,Houston,N/A (Exempt/Diplomatic),140000000,0.15,210000,12,1200,1548000,1758000,None,240000000,380000000,Europe,0.879
2026-04-10,Red Trader 49,328554982,Russia,Privileged,Passed,0,No,Crude Oil Tanker,Hidden/Private,N/A (Exempt/Diplomatic),140000000,0.05,70000,0,0,0,70000,Heavy (PLAN/RF Navy),240000000,380000000,Eurasia,0.035
2026-04-10,Global Leader 58,344927134,UAE,Taxed,Rerouted,0,Yes (Cape of Good Hope),LNG Carrier,Mumbai,N/A (Exempt/Diplomatic),220000000,0.15,330000,12,1800,2658000,2988000,None,200000000,420000000,Asia,0.8788235294117647
2026-04-10,Global Spirit 60,270264740,Panama,Taxed,Passed,2000000,No,LNG Carrier,Singapore,Other Non-USD,220000000,1.25,2750000,0,0,0,4750000,None,200000000,420000000,North America,1.3970588235294117
2026-04-10,Golden Carrier 64,682014990,USA,Blocked,Rerouted,0,Yes (Cape of Good Hope),LNG Carrier,Singapore,N/A (Exempt/Diplomatic),220000000,0.15,330000,12,1800,2658000,2988000,None,200000000,420000000,North America,0.8788235294117647
2026-04-10,Global Titan 99,478076450,Israel,Blocked,Blocked/Waiting (Anchored off Oman),0,No,Crude Oil Tanker,Singapore,N/A (Exempt/Diplomatic),140000000,0.5,700000,0,0,0,700000,None,240000000,380000000,Asia,0.35
2026-04-10,Red Spirit 79,243259801,Iraq,Privileged,Passed,0,No,Crude Oil Tanker,Hidden/Private,N/A (Exempt/Diplomatic),140000000,0.05,70000,0,0,0,70000,Light (Cooperative),240000000,380000000,Asia,0.035
2026-04-10,Global Express 70,441629363,Turkey,Taxed,Passed,2000000,No,Bulk Carrier,Ningbo,Other Non-USD,45000000,1.25,562500,0,0,0,2562500,None,50000000,95000000,Asia,
2026-04-10,Ocean Star 58,251924210,Marshall Islands,Taxed,Passed,2000000,No,Crude Oil Tanker,Mumbai,Other Non-USD,140000000,1.25,1750000,0,0,0,3750000,None,240000000,380000000,Oceania,1.875
2026-04-10,Golden Titan 65,294562809,Germany,Blocked,Rerouted,0,Yes (Cape of Good Hope),Bulk Carrier,Rotterdam,N/A (Exempt/Diplomatic),45000000,0.15,67500,12,480,607200,674700,None,50000000,95000000,Europe,
2026-04-10,Ocean Express 64,645252867,Turkey,Taxed,Passed,2000000,No,Bulk Carrier,Ningbo,Other Non-USD,45000000,1.25,562500,0,0,0,2562500,None,50000000,95000000,Asia,
2026-04-10,Eastern Titan 40,267764370,Norway,Blocked,Rerouted,0,Yes (Cape of Good Hope),Bulk Carrier,Singapore,N/A (Exempt/Diplomatic),45000000,0.15,67500,12,480,607200,674700,None,50000000,95000000,Europe,
2026-04-10,Northern Titan 68,201742315,Turkey,Taxed,Passed,2000000,No,LNG Carrier,Singapore,Other Non-USD,220000000,1.25,2750000,0,0,0,4750000,None,200000000,420000000,Asia,1.3970588235294117
2026-04-10,Global Star 43,403529838,Liberia,Taxed,Passed,2000000,No,Crude Oil Tanker,Rotterdam,Other Non-USD,140000000,1.25,1750000,0,0,0,3750000,None,240000000,380000000,Africa,1.875
2026-04-11,Golden Express 92,252837693,Russia,Privileged,Passed,0,No,LNG Carrier,Hidden/Private,N/A (Exempt/Diplomatic),220000000,0.05,110000,0,0,0,110000,Heavy (PLAN/RF Navy),200000000,420000000,Eurasia,0.03235294117647059
2026-04-11,Eastern Spirit 72,210456496,Iran,Privileged,Passed,0,No,LNG Carrier,Hidden/Private,N/A (Exempt/Diplomatic),220000000,0.05,110000,0,0,0,110000,Internal (IRGC Navy),200000000,420000000,Asia,0.03235294117647059
2026-04-11,Golden Titan 18,422730506,UK,Blocked,Rerouted,0,Yes (Cape of Good Hope),Crude Oil Tanker,Houston,N/A (Exempt/Diplomatic),140000000,0.15,210000,12,1200,1548000,1758000,None,240000000,380000000,Europe,0.879
2026-04-11,Golden Carrier 98,299401567,India,Taxed,Passed,2000000,No,Container Ship,Ningbo,Other Non-USD,110000000,1.25,1375000,0,0,0,3375000,None,150000000,260000000,Asia,225.0
2026-04-11,Northern Star 79,227963244,Marshall Islands,Taxed,Passed,2000000,No,Crude Oil Tanker,Houston,Other Non-USD,140000000,1.25,1750000,0,0,0,3750000,None,240000000,380000000,Oceania,1.875
2026-04-11,Iron Titan 91,348880396,Germany,Blocked,Blocked/Waiting (Anchored off Oman),0,No,Crude Oil Tanker,Houston,N/A (Exempt/Diplomatic),140000000,0.5,700000,0,0,0,700000,None,240000000,380000000,Europe,0.35
2026-04-11,Golden Trader 50,434287182,Germany,Blocked,Rerouted,0,Yes (Cape of Good Hope),Crude Oil Tanker,Singapore,N/A (Exempt/Diplomatic),140000000,0.15,210000,12,1200,1548000,1758000,None,240000000,380000000,Europe,0.879
2026-04-11,Global Express 30,625244369,UK,Blocked,Blocked/Waiting (Anchored off Oman),0,No,Crude Oil Tanker,Singapore,N/A (Exempt/Diplomatic),140000000,0.5,700000,0,0,0,700000,None,240000000,380000000,Europe,0.35
2026-04-11,Eastern Star 63,552924530,Germany,Blocked,Blocked/Waiting (Anchored off Oman),0,No,Bulk Carrier,Rotterdam,N/A (Exempt/Diplomatic),45000000,0.5,225000,0,0,0,225000,None,50000000,95000000,Europe,
2026-04-11,Ocean Express 79,648838894,China,Privileged,Passed,0,No,Bulk Carrier,Hidden/Private,N/A (Exempt/Diplomatic),45000000,0.05,22500,0,0,0,22500,Heavy (PLAN/RF Navy),50000000,95000000,Asia,
2026-04-11,Eastern Carrier 22,239331548,India,Taxed,Passed,2000000,No,Bulk Carrier,Ningbo,Other Non-USD,45000000,1.25,562500,0,0,0,2562500,None,50000000,95000000,Asia,
2026-04-11,Golden Express 24,565990466,Turkey,Taxed,Passed,2000000,No,Crude Oil Tanker,Houston,Other Non-USD,140000000,1.25,1750000,0,0,0,3750000,None,240000000,380000000,Asia,1.875
2026-04-11,Ocean Carrier 47,645283238,Marshall Islands,Taxed,Passed,2000000,No,Bulk Carrier,Ningbo,Other Non-USD,45000000,1.25,562500,0,0,0,2562500,None,50000000,95000000,Oceania,
2026-04-11,Ocean Trader 40,289287596,UK,Blocked,Rerouted,0,Yes (Cape of Good Hope),Bulk Carrier,Ningbo,N/A (Exempt/Diplomatic),45000000,0.15,67500,12,480,607200,674700,None,50000000,95000000,Europe,
2026-04-11,Ocean Star 86,433304641,Marshall Islands,Taxed,Passed,2000000,No,Container Ship,Singapore,Other Non-USD,110000000,1.25,1375000,0,0,0,3375000,None,150000000,260000000,Oceania,225.0
2026-04-11,Northern Express 35,240800296,UAE,Taxed,Passed,2000000,No,LNG Carrier,Rotterdam,Other Non-USD,220000000,1.25,2750000,0,0,0,4750000,None,200000000,420000000,Asia,1.3970588235294117
2026-04-11,Golden Star 82,317018823,Israel,Blocked,Rerouted,0,Yes (Cape of Good Hope),Container Ship,Rotterdam,N/A (Exempt/Diplomatic),110000000,0.15,165000,12,1800,2022000,2187000,None,150000000,260000000,Asia,145.8
2026-04-11,Eastern Carrier 48,418009946,China,Privileged,Passed,0,No,Bulk Carrier,Hidden/Private,N/A (Exempt/Diplomatic),45000000,0.05,22500,0,0,0,22500,Heavy (PLAN/RF Navy),50000000,95000000,Asia,
2026-04-11,Golden Trader 56,287324253,Marshall Islands,Taxed,Rerouted,0,Yes (Cape of Good Hope),LNG Carrier,Rotterdam,N/A (Exempt/Diplomatic),220000000,0.15,330000,12,1800,2658000,2988000,None,200000000,420000000,Oceania,0.8788235294117647
2026-04-11,Golden Trader 72,255076321,China,Privileged,Passed,0,No,Bulk Carrier,Hidden/Private,N/A (Exempt/Diplomatic),45000000,0.05,22500,0,0,0,22500,Heavy (PLAN/RF Navy),50000000,95000000,Asia,
2026-04-11,Global Titan 93,569164473,China,Privileged,Passed,0,No,Bulk Carrier,Hidden/Private,N/A (Exempt/Diplomatic),45000000,0.05,22500,0,0,0,22500,Heavy (PLAN/RF Navy),50000000,95000000,Asia,
2026-04-11,Global Star 43,403529838,Liberia,Taxed,Passed,2000000,No,Container Ship,Mumbai,Other Non-USD,110000000,1.25,1375000,0,0,0,3375000,None,150000000,260000000,Africa,225.0
2026-04-11,Ocean Express 46,325892782,Turkey,Taxed,Rerouted,0,Yes (Cape of Good Hope),LNG Carrier,Mumbai,N/A (Exempt/Diplomatic),220000000,0.15,330000,12,1800,2658000,2988000,None,200000000,420000000,Asia,0.8788235294117647
2026-04-11,Eastern Carrier 13,501316148,India,Taxed,Passed,2000000,No,Crude Oil Tanker,Mumbai,Other Non-USD,140000000,1.25,1750000,0,0,0,3750000,None,240000000,380000000,Asia,1.875
2026-04-11,Iron Trader 30,366987748,Iran,Privileged,Passed,0,No,Bulk Carrier,Hidden/Private,N/A (Exempt/Diplomatic),45000000,0.05,22500,0,0,0,22500,Internal (IRGC Navy),50000000,95000000,Asia,
2026-04-11,Northern Titan 69,558403064,Germany,Blocked,Rerouted,0,Yes (Cape of Good Hope),Bulk Carrier,Singapore,N/A (Exempt/Diplomatic),45000000,0.15,67500,12,480,607200,674700,None,50000000,95000000,Europe,
2026-04-11,Ocean Leader 53,559098790,USA,Blocked,Blocked/Waiting (Anchored off Oman),0,No,Container Ship,Singapore,N/A (Exempt/Diplomatic),110000000,0.5,550000,0,0,0,550000,None,150000000,260000000,North America,36.666666666666664
2026-04-12,Global Titan 93,569164473,China,Privileged,Passed,0,No,Bulk Carrier,Hidden/Private,N/A (Exempt/Diplomatic),45000000,0.05,22500,0,0,0,22500,Heavy (PLAN/RF Navy),50000000,95000000,Asia,
2026-04-12,Eastern Star 76,302572638,Pakistan,Privileged,Passed,0,No,Container Ship,Hidden/Private,N/A (Exempt/Diplomatic),110000000,0.05,55000,0,0,0,55000,Light (Cooperative),150000000,260000000,Asia,3.6666666666666665
2026-04-12,Eastern Carrier 89,321164857,Germany,Blocked,Rerouted,0,Yes (Cape of Good Hope),Bulk Carrier,Houston,N/A (Exempt/Diplomatic),45000000,0.15,67500,12,480,607200,674700,None,50000000,95000000,Europe,
2026-04-12,Global Express 41,558057151,Iran,Privileged,Passed,0,No,Container Ship,Hidden/Private,N/A (Exempt/Diplomatic),110000000,0.05,55000,0,0,0,55000,Internal (IRGC Navy),150000000,260000000,Asia,3.6666666666666665
2026-04-12,Eastern Carrier 50,605471762,Israel,Blocked,Rerouted,0,Yes (Cape of Good Hope),Crude Oil Tanker,Rotterdam,N/A (Exempt/Diplomatic),140000000,0.15,210000,12,1200,1548000,1758000,None,240000000,380000000,Asia,0.879
2026-04-12,Ocean Star 84,455973885,Germany,Blocked,Rerouted,0,Yes (Cape of Good Hope),Container Ship,Mumbai,N/A (Exempt/Diplomatic),110000000,0.15,165000,12,1800,2022000,2187000,None,150000000,260000000,Europe,145.8
2026-04-12,Iron Spirit 61,343742291,Pakistan,Privileged,Passed,0,No,LNG Carrier,Hidden/Private,N/A (Exempt/Diplomatic),220000000,0.05,110000,0,0,0,110000,Light (Cooperative),200000000,420000000,Asia,0.03235294117647059
2026-04-12,Golden Carrier 98,299401567,India,Taxed,Passed,2000000,No,LNG Carrier,Houston,Other Non-USD,220000000,1.25,2750000,0,0,0,4750000,None,200000000,420000000,Asia,1.3970588235294117
2026-04-12,Golden Trader 50,434287182,Germany,Blocked,Rerouted,0,Yes (Cape of Good Hope),Container Ship,Rotterdam,N/A (Exempt/Diplomatic),110000000,0.15,165000,12,1800,2022000,2187000,None,150000000,260000000,Europe,145.8
2026-04-12,Golden Spirit 17,322969247,Russia,Privileged,Passed,0,No,LNG Carrier,Hidden/Private,N/A (Exempt/Diplomatic),220000000,0.05,110000,0,0,0,110000,Heavy (PLAN/RF Navy),200000000,420000000,Eurasia,0.03235294117647059
2026-04-12,Ocean Express 65,200907996,Germany,Blocked,Rerouted,0,Yes (Cape of Good Hope),Bulk Carrier,Mumbai,N/A (Exempt/Diplomatic),45000000,0.15,67500,12,480,607200,674700,None,50000000,95000000,Europe,
2026-04-12,Red Trader 63,335437245,Pakistan,Privileged,Passed,0,No,Container Ship,Hidden/Private,N/A (Exempt/Diplomatic),110000000,0.05,55000,0,0,0,55000,Light (Cooperative),150000000,260000000,Asia,3.6666666666666665
2026-04-12,Eastern Leader 25,333093315,UAE,Taxed,Passed,2000000,No,Crude Oil Tanker,Houston,Other Non-USD,140000000,1.25,1750000,0,0,0,3750000,None,240000000,380000000,Asia,1.875
2026-04-12,Global Titan 59,572561470,Iraq,Privileged,Passed,0,No,LNG Carrier,Hidden/Private,N/A (Exempt/Diplomatic),220000000,0.05,110000,0,0,0,110000,Light (Cooperative),200000000,420000000,Asia,0.03235294117647059
2026-04-12,Global Spirit 60,270264740,Panama,Taxed,Passed,2000000,No,Bulk Carrier,Mumbai,Other Non-USD,45000000,1.25,562500,0,0,0,2562500,None,50000000,95000000,North America,
2026-04-12,Global Spirit 24,677660874,Iran,Privileged,Passed,0,No,Container Ship,Hidden/Private,N/A (Exempt/Diplomatic),110000000,0.05,55000,0,0,0,55000,Internal (IRGC Navy),150000000,260000000,Asia,3.6666666666666665
2026-04-12,Red Titan 27,473549845,Norway,Blocked,Rerouted,0,Yes (Cape of Good Hope),LNG Carrier,Houston,N/A (Exempt/Diplomatic),220000000,0.15,330000,12,1800,2658000,2988000,None,200000000,420000000,Europe,0.8788235294117647
2026-04-12,Ocean Express 78,267958709,Turkey,Taxed,Passed,2000000,No,Bulk Carrier,Mumbai,Other Non-USD,45000000,1.25,562500,0,0,0,2562500,None,50000000,95000000,Asia,
2026-04-12,Golden Carrier 29,346215835,Panama,Taxed,Rerouted,0,Yes (Cape of Good Hope),Crude Oil Tanker,Rotterdam,N/A (Exempt/Diplomatic),140000000,0.15,210000,12,1200,1548000,1758000,None,240000000,380000000,North America,0.879
2026-04-12,Golden Titan 65,294562809,Germany,Blocked,Rerouted,0,Yes (Cape of Good Hope),Container Ship,Houston,N/A (Exempt/Diplomatic),110000000,0.15,165000,12,1800,2022000,2187000,None,150000000,260000000,Europe,145.8
2026-04-12,Global Star 34,369408512,Iran,Privileged,Passed,0,No,Container Ship,Hidden/Private,N/A (Exempt/Diplomatic),110000000,0.05,55000,0,0,0,55000,Internal (IRGC Navy),150000000,260000000,Asia,3.6666666666666665
2026-04-12,Eastern Spirit 26,387372691,Pakistan,Privileged,Passed,0,No,Crude Oil Tanker,Hidden/Private,N/A (Exempt/Diplomatic),140000000,0.05,70000,0,0,0,70000,Light (Cooperative),240000000,380000000,Asia,0.035
2026-04-12,Golden Spirit 74,366045938,UK,Blocked,Rerouted,0,Yes (Cape of Good Hope),Bulk Carrier,Singapore,N/A (Exempt/Diplomatic),45000000,0.15,67500,12,480,607200,674700,None,50000000,95000000,Europe,
2026-04-12,Eastern Spirit 22,647013948,India,Taxed,Rerouted,0,Yes (Cape of Good Hope),Bulk Carrier,Singapore,N/A (Exempt/Diplomatic),45000000,0.15,67500,12,480,607200,674700,None,50000000,95000000,Asia,
2026-04-12,Ocean Leader 83,302047765,Turkey,Taxed,Rerouted,0,Yes (Cape of Good Hope),LNG Carrier,Rotterdam,N/A (Exempt/Diplomatic),220000000,0.15,330000,12,1800,2658000,2988000,None,200000000,420000000,Asia,0.8788235294117647
2026-04-12,Global Express 70,495173558,Greece,Taxed,Passed,2000000,No,Container Ship,Rotterdam,Tether (USDT) / Yuan,110000000,1.25,1375000,0,0,0,3375000,None,150000000,260000000,Europe,225.0
2026-04-12,Eastern Spirit 94,655274738,Iran,Privileged,Passed,0,No,Bulk Carrier,Hidden/Private,N/A (Exempt/Diplomatic),45000000,0.05,22500,0,0,0,22500,Internal (IRGC Navy),50000000,95000000,Asia,
2026-04-13,Golden Titan 18,422730506,UK,Blocked,Rerouted,0,Yes (Cape of Good Hope),Crude Oil Tanker,Rotterdam,N/A (Exempt/Diplomatic),140000000,0.15,210000,12,1200,1548000,1758000,None,240000000,380000000,Europe,0.879
2026-04-13,Red Spirit 79,243259801,Iraq,Privileged,Passed,0,No,Bulk Carrier,Hidden/Private,N/A (Exempt/Diplomatic),45000000,0.05,22500,0,0,0,22500,Light (Cooperative),50000000,95000000,Asia,
2026-04-13,Red Spirit 36,559556395,Liberia,Taxed,Passed,2000000,No,Container Ship,Houston,Other Non-USD,110000000,1.25,1375000,0,0,0,3375000,None,150000000,260000000,Africa,225.0
2026-04-13,Northern Spirit 19,205001198,Israel,Blocked,Rerouted,0,Yes (Cape of Good Hope),Container Ship,Houston,N/A (Exempt/Diplomatic),110000000,0.15,165000,12,1800,2022000,2187000,None,150000000,260000000,Asia,145.8
2026-04-13,Global Carrier 20,245984845,Norway,Blocked,Rerouted,0,Yes (Cape of Good Hope),Bulk Carrier,Rotterdam,N/A (Exempt/Diplomatic),45000000,0.15,67500,12,480,607200,674700,None,50000000,95000000,Europe,
2026-04-13,Golden Carrier 57,454079790,Germany,Blocked,Rerouted,0,Yes (Cape of Good Hope),Bulk Carrier,Ningbo,N/A (Exempt/Diplomatic),45000000,0.15,67500,12,480,607200,674700,None,50000000,95000000,Europe,
2026-04-13,Global Leader 98,330623464,Panama,Taxed,Passed,2000000,No,LNG Carrier,Ningbo,Other Non-USD,220000000,1.25,2750000,0,0,0,4750000,None,200000000,420000000,North America,1.3970588235294117
2026-04-13,Golden Leader 92,582167480,Norway,Blocked,Rerouted,0,Yes (Cape of Good Hope),Crude Oil Tanker,Rotterdam,N/A (Exempt/Diplomatic),140000000,0.15,210000,12,1200,1548000,1758000,None,240000000,380000000,Europe,0.879
2026-04-13,Northern Express 35,240800296,UAE,Taxed,Passed,2000000,No,Bulk Carrier,Ningbo,Other Non-USD,45000000,1.25,562500,0,0,0,2562500,None,50000000,95000000,Asia,
2026-04-13,Eastern Trader 98,307992155,Panama,Taxed,Rerouted,0,Yes (Cape of Good Hope),LNG Carrier,Mumbai,N/A (Exempt/Diplomatic),220000000,0.15,330000,12,1800,2658000,2988000,None,200000000,420000000,North America,0.8788235294117647
2026-04-13,Northern Titan 15,365494940,Marshall Islands,Taxed,Passed,2000000,No,Bulk Carrier,Rotterdam,Other Non-USD,45000000,1.25,562500,0,0,0,2562500,None,50000000,95000000,Oceania,
2026-04-13,Ocean Carrier 41,692562960,Iran,Privileged,Passed,0,No,Bulk Carrier,Hidden/Private,N/A (Exempt/Diplomatic),45000000,0.05,22500,0,0,0,22500,Internal (IRGC Navy),50000000,95000000,Asia,
2026-04-13,Global Titan 34,487916220,Israel,Blocked,Rerouted,0,Yes (Cape of Good Hope),Bulk Carrier,Ningbo,N/A (Exempt/Diplomatic),45000000,0.15,67500,12,480,607200,674700,None,50000000,95000000,Asia,
2026-04-13,Golden Express 24,565990466,Turkey,Taxed,Passed,2000000,No,Crude Oil Tanker,Houston,Other Non-USD,140000000,1.25,1750000,0,0,0,3750000,None,240000000,380000000,Asia,1.875
2026-04-13,Global Carrier 26,588346949,Norway,Blocked,Rerouted,0,Yes (Cape of Good Hope),LNG Carrier,Ningbo,N/A (Exempt/Diplomatic),220000000,0.15,330000,12,1800,2658000,2988000,None,200000000,420000000,Europe,0.8788235294117647
2026-04-13,Iron Express 48,651867790,Germany,Blocked,Rerouted,0,Yes (Cape of Good Hope),Bulk Carrier,Houston,N/A (Exempt/Diplomatic),45000000,0.15,67500,12,480,607200,674700,None,50000000,95000000,Europe,
2026-04-13,Ocean Express 79,648838894,China,Privileged,Passed,0,No,Crude Oil Tanker,Hidden/Private,N/A (Exempt/Diplomatic),140000000,0.05,70000,0,0,0,70000,Heavy (PLAN/RF Navy),240000000,380000000,Asia,0.035
2026-04-13,Golden Express 59,465416722,USA,Blocked,Blocked/Waiting (Anchored off Oman),0,No,Crude Oil Tanker,Rotterdam,N/A (Exempt/Diplomatic),140000000,0.5,700000,0,0,0,700000,None,240000000,380000000,North America,0.35
2026-04-13,Global Leader 85,349352498,China,Privileged,Passed,0,No,Crude Oil Tanker,Hidden/Private,N/A (Exempt/Diplomatic),140000000,0.05,70000,0,0,0,70000,Heavy (PLAN/RF Navy),240000000,380000000,Asia,0.035
2026-04-13,Red Titan 56,296336946,Panama,Taxed,Passed,2000000,No,Bulk Carrier,Ningbo,Other Non-USD,45000000,1.25,562500,0,0,0,2562500,None,50000000,95000000,North America,
2026-04-13,Red Carrier 69,423217093,Russia,Privileged,Passed,0,No,Container Ship,Hidden/Private,N/A (Exempt/Diplomatic),110000000,0.05,55000,0,0,0,55000,Heavy (PLAN/RF Navy),150000000,260000000,Eurasia,3.6666666666666665
2026-04-13,Northern Titan 44,433987659,Norway,Blocked,Rerouted,0,Yes (Cape of Good Hope),Crude Oil Tanker,Singapore,N/A (Exempt/Diplomatic),140000000,0.15,210000,12,1200,1548000,1758000,None,240000000,380000000,Europe,0.879
2026-04-13,Global Express 41,558057151,Iran,Privileged,Passed,0,No,Bulk Carrier,Hidden/Private,N/A (Exempt/Diplomatic),45000000,0.05,22500,0,0,0,22500,Internal (IRGC Navy),50000000,95000000,Asia,
2026-04-13,Northern Leader 66,562724611,India,Taxed,Passed,2000000,No,Bulk Carrier,Singapore,Other Non-USD,45000000,1.25,562500,0,0,0,2562500,None,50000000,95000000,Asia,
2026-04-13,Golden Trader 72,255076321,China,Privileged,Passed,0,No,LNG Carrier,Hidden/Private,N/A (Exempt/Diplomatic),220000000,0.05,110000,0,0,0,110000,Heavy (PLAN/RF Navy),200000000,420000000,Asia,0.03235294117647059
2026-04-13,Northern Titan 68,201742315,Turkey,Taxed,Passed,2000000,No,Container Ship,Mumbai,Other Non-USD,110000000,1.25,1375000,0,0,0,3375000,None,150000000,260000000,Asia,225.0
2026-04-14,Red Spirit 86,576445159,Turkey,Taxed,Rerouted,0,Yes (Cape of Good Hope),Crude Oil Tanker,Rotterdam,N/A (Exempt/Diplomatic),140000000,0.15,210000,12,1200,1548000,1758000,None,240000000,380000000,Asia,0.879
2026-04-14,Iron Star 58,349235943,Israel,Blocked,Rerouted,0,Yes (Cape of Good Hope),Container Ship,Houston,N/A (Exempt/Diplomatic),110000000,0.15,165000,12,1800,2022000,2187000,None,150000000,260000000,Asia,145.8
2026-04-14,Global Carrier 20,245984845,Norway,Blocked,Rerouted,0,Yes (Cape of Good Hope),LNG Carrier,Mumbai,N/A (Exempt/Diplomatic),220000000,0.15,330000,12,1800,2658000,2988000,None,200000000,420000000,Europe,0.8788235294117647
2026-04-14,Red Leader 18,556609890,Liberia,Taxed,Passed,2000000,No,Bulk Carrier,Ningbo,Other Non-USD,45000000,1.25,562500,0,0,0,2562500,None,50000000,95000000,Africa,
2026-04-14,Ocean Spirit 32,511701739,Turkey,Taxed,Passed,2000000,No,Container Ship,Houston,Other Non-USD,110000000,1.25,1375000,0,0,0,3375000,None,150000000,260000000,Asia,225.0
2026-04-14,Global Trader 35,279110057,China,Privileged,Passed,0,No,Container Ship,Hidden/Private,N/A (Exempt/Diplomatic),110000000,0.05,55000,0,0,0,55000,Heavy (PLAN/RF Navy),150000000,260000000,Asia,3.6666666666666665
2026-04-14,Red Spirit 36,430794441,Liberia,Taxed,Passed,2000000,No,Bulk Carrier,Singapore,Other Non-USD,45000000,1.25,562500,0,0,0,2562500,None,50000000,95000000,Africa,
2026-04-14,Global Trader 70,633521651,UK,Blocked,Rerouted,0,Yes (Cape of Good Hope),Container Ship,Houston,N/A (Exempt/Diplomatic),110000000,0.15,165000,12,1800,2022000,2187000,None,150000000,260000000,Europe,145.8
2026-04-14,Ocean Star 52,613991481,Iraq,Privileged,Passed,0,No,Container Ship,Hidden/Private,N/A (Exempt/Diplomatic),110000000,0.05,55000,0,0,0,55000,Light (Cooperative),150000000,260000000,Asia,3.6666666666666665
2026-04-14,Northern Star 79,227963244,Marshall Islands,Taxed,Passed,2000000,No,LNG Carrier,Houston,Other Non-USD,220000000,1.25,2750000,0,0,0,4750000,None,200000000,420000000,Oceania,1.3970588235294117
2026-04-14,Eastern Titan 29,400743469,Greece,Taxed,Passed,2000000,No,Crude Oil Tanker,Mumbai,Tether (USDT) / Yuan,140000000,1.25,1750000,0,0,0,3750000,None,240000000,380000000,Europe,1.875
2026-04-14,Iron Carrier 48,528391997,Germany,Blocked,Rerouted,0,Yes (Cape of Good Hope),Container Ship,Mumbai,N/A (Exempt/Diplomatic),110000000,0.15,165000,12,1800,2022000,2187000,None,150000000,260000000,Europe,145.8
2026-04-14,Red Leader 80,377592227,Marshall Islands,Taxed,Passed,2000000,No,Crude Oil Tanker,Singapore,Other Non-USD,140000000,1.25,1750000,0,0,0,3750000,None,240000000,380000000,Oceania,1.875
2026-04-14,Ocean Express 80,360727741,Iran,Privileged,Passed,0,No,LNG Carrier,Hidden/Private,N/A (Exempt/Diplomatic),220000000,0.05,110000,0,0,0,110000,Internal (IRGC Navy),200000000,420000000,Asia,0.03235294117647059
2026-04-14,Golden Spirit 30,597945315,Israel,Blocked,Blocked/Waiting (Anchored off Oman),0,No,Bulk Carrier,Singapore,N/A (Exempt/Diplomatic),45000000,0.5,225000,0,0,0,225000,None,50000000,95000000,Asia,
2026-04-14,Red Spirit 39,319681170,China,Privileged,Passed,0,No,Bulk Carrier,Hidden/Private,N/A (Exempt/Diplomatic),45000000,0.05,22500,0,0,0,22500,Heavy (PLAN/RF Navy),50000000,95000000,Asia,
2026-04-14,Northern Titan 68,201742315,Turkey,Taxed,Rerouted,0,Yes (Cape of Good Hope),Crude Oil Tanker,Houston,N/A (Exempt/Diplomatic),140000000,0.15,210000,12,1200,1548000,1758000,None,240000000,380000000,Asia,0.879
2026-04-14,Global Express 41,558057151,Iran,Privileged,Passed,0,No,LNG Carrier,Hidden/Private,N/A (Exempt/Diplomatic),220000000,0.05,110000,0,0,0,110000,Internal (IRGC Navy),200000000,420000000,Asia,0.03235294117647059
2026-04-14,Northern Titan 69,558403064,Germany,Blocked,Rerouted,0,Yes (Cape of Good Hope),Bulk Carrier,Rotterdam,N/A (Exempt/Diplomatic),45000000,0.15,67500,12,480,607200,674700,None,50000000,95000000,Europe,
2026-04-14,Iron Trader 83,404215510,Norway,Blocked,Rerouted,0,Yes (Cape of Good Hope),Container Ship,Houston,N/A (Exempt/Diplomatic),110000000,0.15,165000,12,1800,2022000,2187000,None,150000000,260000000,Europe,145.8
2026-04-14,Ocean Trader 16,662301106,Iran,Privileged,Passed,0,No,Bulk Carrier,Hidden/Private,N/A (Exempt/Diplomatic),45000000,0.05,22500,0,0,0,22500,Internal (IRGC Navy),50000000,95000000,Asia,
2026-04-14,Golden Carrier 98,299401567,India,Taxed,Passed,2000000,No,Crude Oil Tanker,Ningbo,Other Non-USD,140000000,1.25,1750000,0,0,0,3750000,None,240000000,380000000,Asia,1.875
2026-04-14,Ocean Trader 40,289287596,UK,Blocked,Blocked/Waiting (Anchored off Oman),0,No,Container Ship,Mumbai,N/A (Exempt/Diplomatic),110000000,0.5,550000,0,0,0,550000,None,150000000,260000000,Europe,36.666666666666664
2026-04-14,Northern Leader 66,562724611,India,Taxed,Passed,2000000,No,Bulk Carrier,Houston,Other Non-USD,45000000,1.25,562500,0,0,0,2562500,None,50000000,95000000,Asia,
2026-04-14,Golden Express 24,565990466,Turkey,Taxed,Passed,2000000,No,LNG Carrier,Ningbo,Other Non-USD,220000000,1.25,2750000,0,0,0,4750000,None,200000000,420000000,Asia,1.3970588235294117
2026-04-14,Ocean Star 84,455973885,Germany,Blocked,Rerouted,0,Yes (Cape of Good Hope),Container Ship,Houston,N/A (Exempt/Diplomatic),110000000,0.15,165000,12,1800,2022000,2187000,None,150000000,260000000,Europe,145.8
2026-04-14,Red Leader 99,358728676,Iraq,Privileged,Passed,0,No,Crude Oil Tanker,Hidden/Private,N/A (Exempt/Diplomatic),140000000,0.05,70000,0,0,0,70000,Light (Cooperative),240000000,380000000,Asia,0.035
2026-04-15,Iron Express 48,651867790,Germany,Blocked,Rerouted,0,Yes (Cape of Good Hope),Bulk Carrier,Singapore,N/A (Exempt/Diplomatic),45000000,0.15,67500,12,480,607200,674700,None,50000000,95000000,Europe,
2026-04-15,Golden Carrier 57,454079790,Germany,Blocked,Blocked/Waiting (Anchored off Oman),0,No,Bulk Carrier,Mumbai,N/A (Exempt/Diplomatic),45000000,0.5,225000,0,0,0,225000,None,50000000,95000000,Europe,
2026-04-15,Eastern Leader 42,686048824,Russia,Privileged,Passed,0,No,Crude Oil Tanker,Hidden/Private,N/A (Exempt/Diplomatic),140000000,0.05,70000,0,0,0,70000,Heavy (PLAN/RF Navy),240000000,380000000,Eurasia,0.035
2026-04-15,Red Carrier 94,539807534,Liberia,Taxed,Passed,2000000,No,Bulk Carrier,Rotterdam,Other Non-USD,45000000,1.25,562500,0,0,0,2562500,None,50000000,95000000,Africa,
2026-04-15,Eastern Carrier 50,605471762,Israel,Blocked,Rerouted,0,Yes (Cape of Good Hope),Bulk Carrier,Houston,N/A (Exempt/Diplomatic),45000000,0.15,67500,12,480,607200,674700,None,50000000,95000000,Asia,
2026-04-15,Global Leader 95,403552071,Greece,Taxed,Passed,2000000,No,Crude Oil Tanker,Houston,Tether (USDT) / Yuan,140000000,1.25,1750000,0,0,0,3750000,None,240000000,380000000,Europe,1.875
2026-04-15,Eastern Spirit 72,210456496,Iran,Privileged,Passed,0,No,Container Ship,Hidden/Private,N/A (Exempt/Diplomatic),110000000,0.05,55000,0,0,0,55000,Internal (IRGC Navy),150000000,260000000,Asia,3.6666666666666665
2026-04-15,Northern Star 79,227963244,Marshall Islands,Taxed,Rerouted,0,Yes (Cape of Good Hope),Container Ship,Ningbo,N/A (Exempt/Diplomatic),110000000,0.15,165000,12,1800,2022000,2187000,None,150000000,260000000,Oceania,145.8
2026-04-15,Northern Titan 69,558403064,Germany,Blocked,Blocked/Waiting (Anchored off Oman),0,No,LNG Carrier,Rotterdam,N/A (Exempt/Diplomatic),220000000,0.5,1100000,0,0,0,1100000,None,200000000,420000000,Europe,0.3235294117647059
2026-04-15,Eastern Carrier 89,321164857,Germany,Blocked,Rerouted,0,Yes (Cape of Good Hope),Crude Oil Tanker,Ningbo,N/A (Exempt/Diplomatic),140000000,0.15,210000,12,1200,1548000,1758000,None,240000000,380000000,Europe,0.879
2026-04-15,Golden Carrier 29,346215835,Panama,Taxed,Rerouted,0,Yes (Cape of Good Hope),Bulk Carrier,Singapore,N/A (Exempt/Diplomatic),45000000,0.15,67500,12,480,607200,674700,None,50000000,95000000,North America,
2026-04-15,Global Express 18,619421299,Russia,Privileged,Passed,0,No,LNG Carrier,Hidden/Private,N/A (Exempt/Diplomatic),220000000,0.05,110000,0,0,0,110000,Heavy (PLAN/RF Navy),200000000,420000000,Eurasia,0.03235294117647059
2026-04-15,Ocean Express 80,360727741,Iran,Privileged,Passed,0,No,Container Ship,Hidden/Private,N/A (Exempt/Diplomatic),110000000,0.05,55000,0,0,0,55000,Internal (IRGC Navy),150000000,260000000,Asia,3.6666666666666665
2026-04-15,Iron Star 78,611154230,Iraq,Privileged,Passed,0,No,LNG Carrier,Hidden/Private,N/A (Exempt/Diplomatic),220000000,0.05,110000,0,0,0,110000,Light (Cooperative),200000000,420000000,Asia,0.03235294117647059
2026-04-15,Iron Express 23,405375523,Russia,Privileged,Passed,0,No,Container Ship,Hidden/Private,N/A (Exempt/Diplomatic),110000000,0.05,55000,0,0,0,55000,Heavy (PLAN/RF Navy),150000000,260000000,Eurasia,3.6666666666666665
2026-04-15,Iron Star 41,307030950,China,Privileged,Passed,0,No,Container Ship,Hidden/Private,N/A (Exempt/Diplomatic),110000000,0.05,55000,0,0,0,55000,Heavy (PLAN/RF Navy),150000000,260000000,Asia,3.6666666666666665
2026-04-15,Northern Spirit 19,205001198,Israel,Blocked,Blocked/Waiting (Anchored off Oman),0,No,Crude Oil Tanker,Ningbo,N/A (Exempt/Diplomatic),140000000,0.5,700000,0,0,0,700000,None,240000000,380000000,Asia,0.35
2026-04-15,Golden Leader 27,665387276,Israel,Blocked,Rerouted,0,Yes (Cape of Good Hope),Bulk Carrier,Singapore,N/A (Exempt/Diplomatic),45000000,0.15,67500,12,480,607200,674700,None,50000000,95000000,Asia,
2026-04-15,Ocean Express 64,645252867,Turkey,Taxed,Passed,2000000,No,Bulk Carrier,Ningbo,Other Non-USD,45000000,1.25,562500,0,0,0,2562500,None,50000000,95000000,Asia,
2026-04-15,Global Titan 99,478076450,Israel,Blocked,Rerouted,0,Yes (Cape of Good Hope),Bulk Carrier,Houston,N/A (Exempt/Diplomatic),45000000,0.15,67500,12,480,607200,674700,None,50000000,95000000,Asia,
2026-04-15,Ocean Carrier 41,692562960,Iran,Privileged,Passed,0,No,Bulk Carrier,Hidden/Private,N/A (Exempt/Diplomatic),45000000,0.05,22500,0,0,0,22500,Internal (IRGC Navy),50000000,95000000,Asia,
2026-04-15,Northern Express 40,347423381,Israel,Blocked,Rerouted,0,Yes (Cape of Good Hope),Bulk Carrier,Houston,N/A (Exempt/Diplomatic),45000000,0.15,67500,12,480,607200,674700,None,50000000,95000000,Asia,
2026-04-15,Northern Leader 90,509060961,India,Taxed,Passed,2000000,No,LNG Carrier,Mumbai,Other Non-USD,220000000,1.25,2750000,0,0,0,4750000,None,200000000,420000000,Asia,1.3970588235294117
2026-04-16,Global Titan 34,487916220,Israel,Blocked,Rerouted,0,Yes (Cape of Good Hope),Container Ship,Ningbo,N/A (Exempt/Diplomatic),110000000,0.15,165000,12,1800,2022000,2187000,None,150000000,260000000,Asia,145.8
2026-04-16,Northern Spirit 19,205001198,Israel,Blocked,Rerouted,0,Yes (Cape of Good Hope),Bulk Carrier,Houston,N/A (Exempt/Diplomatic),45000000,0.15,67500,12,480,607200,674700,None,50000000,95000000,Asia,
2026-04-16,Global Titan 82,363120451,Pakistan,Privileged,Passed,0,No,Bulk Carrier,Hidden/Private,N/A (Exempt/Diplomatic),45000000,0.05,22500,0,0,0,22500,Light (Cooperative),50000000,95000000,Asia,
2026-04-16,Eastern Star 63,552924530,Germany,Blocked,Rerouted,0,Yes (Cape of Good Hope),LNG Carrier,Ningbo,N/A (Exempt/Diplomatic),220000000,0.15,330000,12,1800,2658000,2988000,None,200000000,420000000,Europe,0.8788235294117647
2026-04-16,Northern Trader 12,249957637,Panama,Taxed,Rerouted,0,Yes (Cape of Good Hope),LNG Carrier,Ningbo,N/A (Exempt/Diplomatic),220000000,0.15,330000,12,1800,2658000,2988000,None,200000000,420000000,North America,0.8788235294117647
2026-04-16,Global Star 22,553788671,UK,Blocked,Rerouted,0,Yes (Cape of Good Hope),Container Ship,Mumbai,N/A (Exempt/Diplomatic),110000000,0.15,165000,12,1800,2022000,2187000,None,150000000,260000000,Europe,145.8
2026-04-16,Red Spirit 86,576445159,Turkey,Taxed,Passed,2000000,No,Crude Oil Tanker,Ningbo,Other Non-USD,140000000,1.25,1750000,0,0,0,3750000,None,240000000,380000000,Asia,1.875
2026-04-16,Ocean Trader 18,415128168,Norway,Blocked,Rerouted,0,Yes (Cape of Good Hope),LNG Carrier,Singapore,N/A (Exempt/Diplomatic),220000000,0.15,330000,12,1800,2658000,2988000,None,200000000,420000000,Europe,0.8788235294117647
2026-04-16,Northern Leader 90,509060961,India,Taxed,Passed,2000000,No,Container Ship,Singapore,Other Non-USD,110000000,1.25,1375000,0,0,0,3375000,None,150000000,260000000,Asia,225.0
2026-04-16,Ocean Express 80,360727741,Iran,Privileged,Passed,0,No,LNG Carrier,Hidden/Private,N/A (Exempt/Diplomatic),220000000,0.05,110000,0,0,0,110000,Internal (IRGC Navy),200000000,420000000,Asia,0.03235294117647059
2026-04-16,Ocean Trader 40,561204424,Panama,Taxed,Passed,2000000,No,Bulk Carrier,Mumbai,Other Non-USD,45000000,1.25,562500,0,0,0,2562500,None,50000000,95000000,North America,
2026-04-16,Eastern Express 64,501134582,China,Privileged,Passed,0,No,Bulk Carrier,Hidden/Private,N/A (Exempt/Diplomatic),45000000,0.05,22500,0,0,0,22500,Heavy (PLAN/RF Navy),50000000,95000000,Asia,
2026-04-16,Iron Trader 83,404215510,Norway,Blocked,Rerouted,0,Yes (Cape of Good Hope),Crude Oil Tanker,Houston,N/A (Exempt/Diplomatic),140000000,0.15,210000,12,1200,1548000,1758000,None,240000000,380000000,Europe,0.879
2026-04-16,Golden Leader 44,364616964,Turkey,Taxed,Rerouted,0,Yes (Cape of Good Hope),Crude Oil Tanker,Ningbo,N/A (Exempt/Diplomatic),140000000,0.15,210000,12,1200,1548000,1758000,None,240000000,380000000,Asia,0.879
2026-04-16,Ocean Trader 33,236787109,Pakistan,Privileged,Passed,0,No,Container Ship,Hidden/Private,N/A (Exempt/Diplomatic),110000000,0.05,55000,0,0,0,55000,Light (Cooperative),150000000,260000000,Asia,3.6666666666666665
2026-04-16,Ocean Carrier 90,568535587,Russia,Privileged,Passed,0,No,LNG Carrier,Hidden/Private,N/A (Exempt/Diplomatic),220000000,0.05,110000,0,0,0,110000,Heavy (PLAN/RF Navy),200000000,420000000,Eurasia,0.03235294117647059
2026-04-16,Golden Express 24,565990466,Turkey,Taxed,Passed,2000000,No,Crude Oil Tanker,Singapore,Other Non-USD,140000000,1.25,1750000,0,0,0,3750000,None,240000000,380000000,Asia,1.875
2026-04-16,Northern Titan 44,433987659,Norway,Blocked,Rerouted,0,Yes (Cape of Good Hope),LNG Carrier,Mumbai,N/A (Exempt/Diplomatic),220000000,0.15,330000,12,1800,2658000,2988000,None,200000000,420000000,Europe,0.8788235294117647
2026-04-16,Global Trader 69,505935698,USA,Blocked,Blocked/Waiting (Anchored off Oman),0,No,Crude Oil Tanker,Mumbai,N/A (Exempt/Diplomatic),140000000,0.5,700000,0,0,0,700000,None,240000000,380000000,North America,0.35
2026-04-16,Global Titan 59,572561470,Iraq,Privileged,Passed,0,No,Crude Oil Tanker,Hidden/Private,N/A (Exempt/Diplomatic),140000000,0.05,70000,0,0,0,70000,Light (Cooperative),240000000,380000000,Asia,0.035
2026-04-16,Iron Titan 32,673206722,UK,Blocked,Blocked/Waiting (Anchored off Oman),0,No,Bulk Carrier,Mumbai,N/A (Exempt/Diplomatic),45000000,0.5,225000,0,0,0,225000,None,50000000,95000000,Europe,
2026-04-16,Iron Leader 38,307144846,Israel,Blocked,Rerouted,0,Yes (Cape of Good Hope),Container Ship,Ningbo,N/A (Exempt/Diplomatic),110000000,0.15,165000,12,1800,2022000,2187000,None,150000000,260000000,Asia,145.8
2026-04-16,Golden Spirit 30,597945315,Israel,Blocked,Blocked/Waiting (Anchored off Oman),0,No,Container Ship,Mumbai,N/A (Exempt/Diplomatic),110000000,0.5,550000,0,0,0,550000,None,150000000,260000000,Asia,36.666666666666664
2026-04-16,Eastern Trader 77,693112443,China,Privileged,Passed,0,No,LNG Carrier,Hidden/Private,N/A (Exempt/Diplomatic),220000000,0.05,110000,0,0,0,110000,Heavy (PLAN/RF Navy),200000000,420000000,Asia,0.03235294117647059
2026-04-16,Red Spirit 36,559556395,Liberia,Taxed,Passed,2000000,No,Bulk Carrier,Ningbo,Other Non-USD,45000000,1.25,562500,0,0,0,2562500,None,50000000,95000000,Africa,
2026-04-16,Iron Spirit 87,342013556,Russia,Privileged,Passed,0,No,Container Ship,Hidden/Private,N/A (Exempt/Diplomatic),110000000,0.05,55000,0,0,0,55000,Heavy (PLAN/RF Navy),150000000,260000000,Eurasia,3.6666666666666665
2026-04-16,Golden Carrier 98,299401567,India,Taxed,Passed,2000000,No,LNG Carrier,Rotterdam,Other Non-USD,220000000,1.25,2750000,0,0,0,4750000,None,200000000,420000000,Asia,1.3970588235294117
2026-04-16,Golden Spirit 17,322969247,Russia,Privileged,Passed,0,No,Bulk Carrier,Hidden/Private,N/A (Exempt/Diplomatic),45000000,0.05,22500,0,0,0,22500,Heavy (PLAN/RF Navy),50000000,95000000,Eurasia,
2026-04-16,Eastern Star 76,302572638,Pakistan,Privileged,Passed,0,No,Bulk Carrier,Hidden/Private,N/A (Exempt/Diplomatic),45000000,0.05,22500,0,0,0,22500,Light (Cooperative),50000000,95000000,Asia,
2026-04-16,Eastern Spirit 94,655274738,Iran,Privileged,Passed,0,No,LNG Carrier,Hidden/Private,N/A (Exempt/Diplomatic),220000000,0.05,110000,0,0,0,110000,Internal (IRGC Navy),200000000,420000000,Asia,0.03235294117647059
2026-04-16,Ocean Trader 63,641485549,Norway,Blocked,Rerouted,0,Yes (Cape of Good Hope),Container Ship,Singapore,N/A (Exempt/Diplomatic),110000000,0.15,165000,12,1800,2022000,2187000,None,150000000,260000000,Europe,145.8
2026-04-17,Global Carrier 50,314153005,Norway,Blocked,Blocked/Waiting (Anchored off Oman),0,No,Bulk Carrier,Rotterdam,N/A (Exempt/Diplomatic),45000000,0.5,225000,0,0,0,225000,None,50000000,95000000,Europe,
2026-04-17,Red Spirit 39,319681170,China,Privileged,Passed,0,No,Bulk Carrier,Hidden/Private,N/A (Exempt/Diplomatic),45000000,0.05,22500,0,0,0,22500,Heavy (PLAN/RF Navy),50000000,95000000,Asia,
2026-04-17,Northern Leader 85,344093758,Liberia,Taxed,Passed,2000000,No,LNG Carrier,Ningbo,Other Non-USD,220000000,1.25,2750000,0,0,0,4750000,None,200000000,420000000,Africa,1.3970588235294117
2026-04-17,Global Titan 81,489361229,Turkey,Taxed,Passed,2000000,No,Container Ship,Ningbo,Other Non-USD,110000000,1.25,1375000,0,0,0,3375000,None,150000000,260000000,Asia,225.0
2026-04-17,Ocean Spirit 12,515845836,UAE,Taxed,Passed,2000000,No,Bulk Carrier,Singapore,Other Non-USD,45000000,1.25,562500,0,0,0,2562500,None,50000000,95000000,Asia,
2026-04-17,Iron Express 48,651867790,Germany,Blocked,Rerouted,0,Yes (Cape of Good Hope),Container Ship,Houston,N/A (Exempt/Diplomatic),110000000,0.15,165000,12,1800,2022000,2187000,None,150000000,260000000,Europe,145.8
2026-04-17,Ocean Trader 40,561204424,Panama,Taxed,Passed,2000000,No,LNG Carrier,Ningbo,Other Non-USD,220000000,1.25,2750000,0,0,0,4750000,None,200000000,420000000,North America,1.3970588235294117
2026-04-17,Global Spirit 24,677660874,Iran,Privileged,Passed,0,No,Crude Oil Tanker,Hidden/Private,N/A (Exempt/Diplomatic),140000000,0.05,70000,0,0,0,70000,Internal (IRGC Navy),240000000,380000000,Asia,0.035
2026-04-17,Ocean Titan 58,201157156,USA,Blocked,Rerouted,0,Yes (Cape of Good Hope),Bulk Carrier,Rotterdam,N/A (Exempt/Diplomatic),45000000,0.15,67500,12,480,607200,674700,None,50000000,95000000,North America,
2026-04-17,Global Titan 27,595389973,Iran,Privileged,Passed,0,No,Crude Oil Tanker,Hidden/Private,N/A (Exempt/Diplomatic),140000000,0.05,70000,0,0,0,70000,Internal (IRGC Navy),240000000,380000000,Asia,0.035
2026-04-17,Global Titan 47,316877277,Russia,Privileged,Passed,0,No,Crude Oil Tanker,Hidden/Private,N/A (Exempt/Diplomatic),140000000,0.05,70000,0,0,0,70000,Heavy (PLAN/RF Navy),240000000,380000000,Eurasia,0.035
2026-04-17,Ocean Titan 52,620040549,UK,Blocked,Blocked/Waiting (Anchored off Oman),0,No,LNG Carrier,Houston,N/A (Exempt/Diplomatic),220000000,0.5,1100000,0,0,0,1100000,None,200000000,420000000,Europe,0.3235294117647059
2026-04-17,Ocean Express 79,648838894,China,Privileged,Passed,0,No,LNG Carrier,Hidden/Private,N/A (Exempt/Diplomatic),220000000,0.05,110000,0,0,0,110000,Heavy (PLAN/RF Navy),200000000,420000000,Asia,0.03235294117647059
2026-04-17,Golden Spirit 74,366045938,UK,Blocked,Rerouted,0,Yes (Cape of Good Hope),Container Ship,Rotterdam,N/A (Exempt/Diplomatic),110000000,0.15,165000,12,1800,2022000,2187000,None,150000000,260000000,Europe,145.8
2026-04-17,Ocean Star 84,455973885,Germany,Blocked,Rerouted,0,Yes (Cape of Good Hope),Container Ship,Rotterdam,N/A (Exempt/Diplomatic),110000000,0.15,165000,12,1800,2022000,2187000,None,150000000,260000000,Europe,145.8
2026-04-17,Eastern Titan 53,309305473,Turkey,Taxed,Passed,2000000,No,Container Ship,Rotterdam,Other Non-USD,110000000,1.25,1375000,0,0,0,3375000,None,150000000,260000000,Asia,225.0
2026-04-17,Eastern Carrier 22,239331548,India,Taxed,Passed,2000000,No,Container Ship,Singapore,Other Non-USD,110000000,1.25,1375000,0,0,0,3375000,None,150000000,260000000,Asia,225.0
2026-04-17,Eastern Carrier 13,686903727,USA,Blocked,Rerouted,0,Yes (Cape of Good Hope),Container Ship,Mumbai,N/A (Exempt/Diplomatic),110000000,0.15,165000,12,1800,2022000,2187000,None,150000000,260000000,North America,145.8
2026-04-17,Northern Titan 44,433987659,Norway,Blocked,Rerouted,0,Yes (Cape of Good Hope),Container Ship,Mumbai,N/A (Exempt/Diplomatic),110000000,0.15,165000,12,1800,2022000,2187000,None,150000000,260000000,Europe,145.8
2026-04-17,Golden Express 79,246674928,UK,Blocked,Blocked/Waiting (Anchored off Oman),0,No,LNG Carrier,Houston,N/A (Exempt/Diplomatic),220000000,0.5,1100000,0,0,0,1100000,None,200000000,420000000,Europe,0.3235294117647059
2026-04-17,Red Titan 56,296336946,Panama,Taxed,Rerouted,0,Yes (Cape of Good Hope),Container Ship,Mumbai,N/A (Exempt/Diplomatic),110000000,0.15,165000,12,1800,2022000,2187000,None,150000000,260000000,North America,145.8
2026-04-17,Ocean Trader 63,641485549,Norway,Blocked,Rerouted,0,Yes (Cape of Good Hope),Crude Oil Tanker,Rotterdam,N/A (Exempt/Diplomatic),140000000,0.15,210000,12,1200,1548000,1758000,None,240000000,380000000,Europe,0.879
2026-04-17,Northern Titan 15,365494940,Marshall Islands,Taxed,Passed,2000000,No,Container Ship,Rotterdam,Other Non-USD,110000000,1.25,1375000,0,0,0,3375000,None,150000000,260000000,Oceania,225.0
2026-04-17,Global Express 71,348444607,Germany,Blocked,Rerouted,0,Yes (Cape of Good Hope),LNG Carrier,Ningbo,N/A (Exempt/Diplomatic),220000000,0.15,330000,12,1800,2658000,2988000,None,200000000,420000000,Europe,0.8788235294117647
2026-04-17,Iron Star 58,349235943,Israel,Blocked,Rerouted,0,Yes (Cape of Good Hope),Container Ship,Mumbai,N/A (Exempt/Diplomatic),110000000,0.15,165000,12,1800,2022000,2187000,None,150000000,260000000,Asia,145.8
2026-04-17,Golden Spirit 88,633898650,Norway,Blocked,Blocked/Waiting (Anchored off Oman),0,No,Container Ship,Singapore,N/A (Exempt/Diplomatic),110000000,0.5,550000,0,0,0,550000,None,150000000,260000000,Europe,36.666666666666664
2026-04-17,Eastern Spirit 80,662127581,China,Privileged,Passed,0,No,Container Ship,Hidden/Private,N/A (Exempt/Diplomatic),110000000,0.05,55000,0,0,0,55000,Heavy (PLAN/RF Navy),150000000,260000000,Asia,3.6666666666666665
2026-04-17,Northern Leader 66,562724611,India,Taxed,Passed,2000000,No,LNG Carrier,Mumbai,Other Non-USD,220000000,1.25,2750000,0,0,0,4750000,None,200000000,420000000,Asia,1.3970588235294117
2026-04-17,Eastern Spirit 26,387372691,Pakistan,Privileged,Passed,0,No,Crude Oil Tanker,Hidden/Private,N/A (Exempt/Diplomatic),140000000,0.05,70000,0,0,0,70000,Light (Cooperative),240000000,380000000,Asia,0.035
2026-04-17,Global Carrier 20,245984845,Norway,Blocked,Rerouted,0,Yes (Cape of Good Hope),Container Ship,Houston,N/A (Exempt/Diplomatic),110000000,0.15,165000,12,1800,2022000,2187000,None,150000000,260000000,Europe,145.8
2026-04-17,Golden Titan 61,376234293,Turkey,Taxed,Rerouted,0,Yes (Cape of Good Hope),LNG Carrier,Rotterdam,N/A (Exempt/Diplomatic),220000000,0.15,330000,12,1800,2658000,2988000,None,200000000,420000000,Asia,0.8788235294117647
2026-04-17,Iron Trader 23,617911275,UK,Blocked,Rerouted,0,Yes (Cape of Good Hope),Bulk Carrier,Singapore,N/A (Exempt/Diplomatic),45000000,0.15,67500,12,480,607200,674700,None,50000000,95000000,Europe,
2026-04-18,Northern Express 40,347423381,Israel,Blocked,Rerouted,0,Yes (Cape of Good Hope),Crude Oil Tanker,Ningbo,N/A (Exempt/Diplomatic),140000000,0.15,210000,12,1200,1548000,1758000,None,240000000,380000000,Asia,0.879
2026-04-18,Iron Titan 32,673206722,UK,Blocked,Rerouted,0,Yes (Cape of Good Hope),Bulk Carrier,Ningbo,N/A (Exempt/Diplomatic),45000000,0.15,67500,12,480,607200,674700,None,50000000,95000000,Europe,
2026-04-18,Global Leader 33,349542787,Israel,Blocked,Blocked/Waiting (Anchored off Oman),0,No,Bulk Carrier,Houston,N/A (Exempt/Diplomatic),45000000,0.5,225000,0,0,0,225000,None,50000000,95000000,Asia,
2026-04-18,Ocean Titan 58,201157156,USA,Blocked,Rerouted,0,Yes (Cape of Good Hope),Bulk Carrier,Ningbo,N/A (Exempt/Diplomatic),45000000,0.15,67500,12,480,607200,674700,None,50000000,95000000,North America,
2026-04-18,Eastern Carrier 48,418009946,China,Privileged,Passed,0,No,Bulk Carrier,Hidden/Private,N/A (Exempt/Diplomatic),45000000,0.05,22500,0,0,0,22500,Heavy (PLAN/RF Navy),50000000,95000000,Asia,
2026-04-18,Golden Spirit 30,597945315,Israel,Blocked,Blocked/Waiting (Anchored off Oman),0,No,LNG Carrier,Singapore,N/A (Exempt/Diplomatic),220000000,0.5,1100000,0,0,0,1100000,None,200000000,420000000,Asia,0.3235294117647059
2026-04-18,Red Trader 49,328554982,Russia,Privileged,Passed,0,No,Bulk Carrier,Hidden/Private,N/A (Exempt/Diplomatic),45000000,0.05,22500,0,0,0,22500,Heavy (PLAN/RF Navy),50000000,95000000,Eurasia,
2026-04-18,Ocean Trader 33,236787109,Pakistan,Privileged,Passed,0,No,Bulk Carrier,Hidden/Private,N/A (Exempt/Diplomatic),45000000,0.05,22500,0,0,0,22500,Light (Cooperative),50000000,95000000,Asia,
2026-04-18,Eastern Titan 10,238114122,Russia,Privileged,Passed,0,No,Crude Oil Tanker,Hidden/Private,N/A (Exempt/Diplomatic),140000000,0.05,70000,0,0,0,70000,Heavy (PLAN/RF Navy),240000000,380000000,Eurasia,0.035
2026-04-18,Global Star 34,369408512,Iran,Privileged,Passed,0,No,LNG Carrier,Hidden/Private,N/A (Exempt/Diplomatic),220000000,0.05,110000,0,0,0,110000,Internal (IRGC Navy),200000000,420000000,Asia,0.03235294117647059
2026-04-18,Global Express 30,625244369,UK,Blocked,Rerouted,0,Yes (Cape of Good Hope),Container Ship,Houston,N/A (Exempt/Diplomatic),110000000,0.15,165000,12,1800,2022000,2187000,None,150000000,260000000,Europe,145.8
2026-04-18,Red Spirit 29,315595695,Liberia,Taxed,Passed,2000000,No,Bulk Carrier,Singapore,Other Non-USD,45000000,1.25,562500,0,0,0,2562500,None,50000000,95000000,Africa,
2026-04-18,Golden Titan 65,294562809,Germany,Blocked,Rerouted,0,Yes (Cape of Good Hope),Bulk Carrier,Singapore,N/A (Exempt/Diplomatic),45000000,0.15,67500,12,480,607200,674700,None,50000000,95000000,Europe,
2026-04-18,Ocean Star 86,433304641,Marshall Islands,Taxed,Passed,2000000,No,Bulk Carrier,Singapore,Other Non-USD,45000000,1.25,562500,0,0,0,2562500,None,50000000,95000000,Oceania,
2026-04-18,Iron Star 41,307030950,China,Privileged,Passed,0,No,LNG Carrier,Hidden/Private,N/A (Exempt/Diplomatic),220000000,0.05,110000,0,0,0,110000,Heavy (PLAN/RF Navy),200000000,420000000,Asia,0.03235294117647059
2026-04-18,Eastern Carrier 13,501316148,India,Taxed,Passed,2000000,No,Container Ship,Ningbo,Other Non-USD,110000000,1.25,1375000,0,0,0,3375000,None,150000000,260000000,Asia,225.0
2026-04-18,Ocean Trader 40,289287596,UK,Blocked,Blocked/Waiting (Anchored off Oman),0,No,Bulk Carrier,Ningbo,N/A (Exempt/Diplomatic),45000000,0.5,225000,0,0,0,225000,None,50000000,95000000,Europe,
2026-04-18,Global Trader 70,633521651,UK,Blocked,Blocked/Waiting (Anchored off Oman),0,No,Crude Oil Tanker,Houston,N/A (Exempt/Diplomatic),140000000,0.5,700000,0,0,0,700000,None,240000000,380000000,Europe,0.35
2026-04-18,Red Titan 95,343332624,Pakistan,Privileged,Passed,0,No,Container Ship,Hidden/Private,N/A (Exempt/Diplomatic),110000000,0.05,55000,0,0,0,55000,Light (Cooperative),150000000,260000000,Asia,3.6666666666666665
2026-04-18,Golden Carrier 64,682014990,USA,Blocked,Blocked/Waiting (Anchored off Oman),0,No,LNG Carrier,Singapore,N/A (Exempt/Diplomatic),220000000,0.5,1100000,0,0,0,1100000,None,200000000,420000000,North America,0.3235294117647059
2026-04-18,Global Star 43,403529838,Liberia,Taxed,Rerouted,0,Yes (Cape of Good Hope),LNG Carrier,Mumbai,N/A (Exempt/Diplomatic),220000000,0.15,330000,12,1800,2658000,2988000,None,200000000,420000000,Africa,0.8788235294117647
2026-04-18,Eastern Spirit 22,647013948,India,Taxed,Passed,2000000,No,Container Ship,Mumbai,Other Non-USD,110000000,1.25,1375000,0,0,0,3375000,None,150000000,260000000,Asia,225.0
2026-04-18,Golden Spirit 74,366045938,UK,Blocked,Rerouted,0,Yes (Cape of Good Hope),LNG Carrier,Rotterdam,N/A (Exempt/Diplomatic),220000000,0.15,330000,12,1800,2658000,2988000,None,200000000,420000000,Europe,0.8788235294117647
2026-04-18,Global Leader 51,381194227,USA,Blocked,Rerouted,0,Yes (Cape of Good Hope),Crude Oil Tanker,Rotterdam,N/A (Exempt/Diplomatic),140000000,0.15,210000,12,1200,1548000,1758000,None,240000000,380000000,North America,0.879
2026-04-18,Iron Titan 21,349748461,Israel,Blocked,Rerouted,0,Yes (Cape of Good Hope),LNG Carrier,Singapore,N/A (Exempt/Diplomatic),220000000,0.15,330000,12,1800,2658000,2988000,None,200000000,420000000,Asia,0.8788235294117647
2026-04-18,Ocean Carrier 47,645283238,Marshall Islands,Taxed,Rerouted,0,Yes (Cape of Good Hope),Bulk Carrier,Mumbai,N/A (Exempt/Diplomatic),45000000,0.15,67500,12,480,607200,674700,None,50000000,95000000,Oceania,
2026-04-18,Northern Leader 37,664205646,USA,Blocked,Blocked/Waiting (Anchored off Oman),0,No,Crude Oil Tanker,Ningbo,N/A (Exempt/Diplomatic),140000000,0.5,700000,0,0,0,700000,None,240000000,380000000,North America,0.35
2026-04-18,Golden Leader 78,267015535,USA,Blocked,Blocked/Waiting (Anchored off Oman),0,No,Crude Oil Tanker,Singapore,N/A (Exempt/Diplomatic),140000000,0.5,700000,0,0,0,700000,None,240000000,380000000,North America,0.35
2026-04-18,Red Spirit 39,319681170,China,Privileged,Passed,0,No,LNG Carrier,Hidden/Private,N/A (Exempt/Diplomatic),220000000,0.05,110000,0,0,0,110000,Heavy (PLAN/RF Navy),200000000,420000000,Asia,0.03235294117647059
2026-04-18,Red Leader 18,556609890,Liberia,Taxed,Passed,2000000,No,LNG Carrier,Singapore,Other Non-USD,220000000,1.25,2750000,0,0,0,4750000,None,200000000,420000000,Africa,1.3970588235294117
2026-04-18,Global Trader 19,437904006,Iran,Privileged,Passed,0,No,LNG Carrier,Hidden/Private,N/A (Exempt/Diplomatic),220000000,0.05,110000,0,0,0,110000,Internal (IRGC Navy),200000000,420000000,Asia,0.03235294117647059
2026-04-18,Red Spirit 79,243259801,Iraq,Privileged,Passed,0,No,Bulk Carrier,Hidden/Private,N/A (Exempt/Diplomatic),45000000,0.05,22500,0,0,0,22500,Light (Cooperative),50000000,95000000,Asia,
2026-04-18,Golden Express 92,252837693,Russia,Privileged,Passed,0,No,Bulk Carrier,Hidden/Private,N/A (Exempt/Diplomatic),45000000,0.05,22500,0,0,0,22500,Heavy (PLAN/RF Navy),50000000,95000000,Eurasia,
2026-04-19,Northern Express 40,347423381,Israel,Blocked,Rerouted,0,Yes (Cape of Good Hope),LNG Carrier,Singapore,N/A (Exempt/Diplomatic),220000000,0.15,330000,12,1800,2658000,2988000,None,200000000,420000000,Asia,0.8788235294117647
2026-04-19,Golden Spirit 18,471635630,Liberia,Taxed,Passed,2000000,No,Bulk Carrier,Mumbai,Other Non-USD,45000000,1.25,562500,0,0,0,2562500,None,50000000,95000000,Africa,
2026-04-19,Eastern Star 57,512732442,Iraq,Privileged,Passed,0,No,Container Ship,Hidden/Private,N/A (Exempt/Diplomatic),110000000,0.05,55000,0,0,0,55000,Light (Cooperative),150000000,260000000,Asia,3.6666666666666665
2026-04-19,Eastern Spirit 26,387372691,Pakistan,Privileged,Passed,0,No,Container Ship,Hidden/Private,N/A (Exempt/Diplomatic),110000000,0.05,55000,0,0,0,55000,Light (Cooperative),150000000,260000000,Asia,3.6666666666666665
2026-04-19,Global Titan 47,316877277,Russia,Privileged,Passed,0,No,Container Ship,Hidden/Private,N/A (Exempt/Diplomatic),110000000,0.05,55000,0,0,0,55000,Heavy (PLAN/RF Navy),150000000,260000000,Eurasia,3.6666666666666665
2026-04-19,Northern Titan 15,365494940,Marshall Islands,Taxed,Rerouted,0,Yes (Cape of Good Hope),Bulk Carrier,Ningbo,N/A (Exempt/Diplomatic),45000000,0.15,67500,12,480,607200,674700,None,50000000,95000000,Oceania,
2026-04-19,Northern Titan 69,558403064,Germany,Blocked,Rerouted,0,Yes (Cape of Good Hope),Container Ship,Ningbo,N/A (Exempt/Diplomatic),110000000,0.15,165000,12,1800,2022000,2187000,None,150000000,260000000,Europe,145.8
2026-04-19,Global Titan 93,569164473,China,Privileged,Passed,0,No,Crude Oil Tanker,Hidden/Private,N/A (Exempt/Diplomatic),140000000,0.05,70000,0,0,0,70000,Heavy (PLAN/RF Navy),240000000,380000000,Asia,0.035
2026-04-19,Northern Leader 66,562724611,India,Taxed,Passed,2000000,No,Crude Oil Tanker,Rotterdam,Other Non-USD,140000000,1.25,1750000,0,0,0,3750000,None,240000000,380000000,Asia,1.875
2026-04-19,Golden Carrier 64,682014990,USA,Blocked,Rerouted,0,Yes (Cape of Good Hope),Container Ship,Ningbo,N/A (Exempt/Diplomatic),110000000,0.15,165000,12,1800,2022000,2187000,None,150000000,260000000,North America,145.8
2026-04-19,Golden Leader 44,364616964,Turkey,Taxed,Passed,2000000,No,LNG Carrier,Rotterdam,Other Non-USD,220000000,1.25,2750000,0,0,0,4750000,None,200000000,420000000,Asia,1.3970588235294117
2026-04-19,Eastern Leader 31,553717803,Pakistan,Privileged,Passed,0,No,LNG Carrier,Hidden/Private,N/A (Exempt/Diplomatic),220000000,0.05,110000,0,0,0,110000,Light (Cooperative),200000000,420000000,Asia,0.03235294117647059
2026-04-19,Ocean Express 80,360727741,Iran,Privileged,Passed,0,No,Crude Oil Tanker,Hidden/Private,N/A (Exempt/Diplomatic),140000000,0.05,70000,0,0,0,70000,Internal (IRGC Navy),240000000,380000000,Asia,0.035
2026-04-19,Global Trader 70,633521651,UK,Blocked,Rerouted,0,Yes (Cape of Good Hope),Container Ship,Mumbai,N/A (Exempt/Diplomatic),110000000,0.15,165000,12,1800,2022000,2187000,None,150000000,260000000,Europe,145.8
2026-04-19,Global Express 41,558057151,Iran,Privileged,Passed,0,No,Crude Oil Tanker,Hidden/Private,N/A (Exempt/Diplomatic),140000000,0.05,70000,0,0,0,70000,Internal (IRGC Navy),240000000,380000000,Asia,0.035
2026-04-19,Iron Carrier 48,528391997,Germany,Blocked,Rerouted,0,Yes (Cape of Good Hope),Container Ship,Singapore,N/A (Exempt/Diplomatic),110000000,0.15,165000,12,1800,2022000,2187000,None,150000000,260000000,Europe,145.8
2026-04-19,Northern Express 78,377784731,China,Privileged,Passed,0,No,Crude Oil Tanker,Hidden/Private,N/A (Exempt/Diplomatic),140000000,0.05,70000,0,0,0,70000,Heavy (PLAN/RF Navy),240000000,380000000,Asia,0.035
2026-04-19,Golden Leader 78,267015535,USA,Blocked,Rerouted,0,Yes (Cape of Good Hope),Container Ship,Rotterdam,N/A (Exempt/Diplomatic),110000000,0.15,165000,12,1800,2022000,2187000,None,150000000,260000000,North America,145.8
2026-04-19,Ocean Spirit 48,604518879,USA,Blocked,Rerouted,0,Yes (Cape of Good Hope),Bulk Carrier,Houston,N/A (Exempt/Diplomatic),45000000,0.15,67500,12,480,607200,674700,None,50000000,95000000,North America,
2026-04-19,Northern Express 53,629814830,Iran,Privileged,Passed,0,No,Bulk Carrier,Hidden/Private,N/A (Exempt/Diplomatic),45000000,0.05,22500,0,0,0,22500,Internal (IRGC Navy),50000000,95000000,Asia,
2026-04-19,Eastern Trader 77,693112443,China,Privileged,Passed,0,No,Crude Oil Tanker,Hidden/Private,N/A (Exempt/Diplomatic),140000000,0.05,70000,0,0,0,70000,Heavy (PLAN/RF Navy),240000000,380000000,Asia,0.035
2026-04-19,Eastern Carrier 13,501316148,India,Taxed,Passed,2000000,No,Container Ship,Ningbo,Other Non-USD,110000000,1.25,1375000,0,0,0,3375000,None,150000000,260000000,Asia,225.0
2026-04-19,Ocean Trader 18,415128168,Norway,Blocked,Rerouted,0,Yes (Cape of Good Hope),Crude Oil Tanker,Houston,N/A (Exempt/Diplomatic),140000000,0.15,210000,12,1200,1548000,1758000,None,240000000,380000000,Europe,0.879
2026-04-19,Red Carrier 69,423217093,Russia,Privileged,Passed,0,No,LNG Carrier,Hidden/Private,N/A (Exempt/Diplomatic),220000000,0.05,110000,0,0,0,110000,Heavy (PLAN/RF Navy),200000000,420000000,Eurasia,0.03235294117647059
2026-04-19,Eastern Carrier 13,686903727,USA,Blocked,Rerouted,0,Yes (Cape of Good Hope),Bulk Carrier,Mumbai,N/A (Exempt/Diplomatic),45000000,0.15,67500,12,480,607200,674700,None,50000000,95000000,North America,
2026-04-19,Golden Titan 69,693675149,Iraq,Privileged,Passed,0,No,Bulk Carrier,Hidden/Private,N/A (Exempt/Diplomatic),45000000,0.05,22500,0,0,0,22500,Light (Cooperative),50000000,95000000,Asia,
2026-04-19,Ocean Spirit 32,511701739,Turkey,Taxed,Passed,2000000,No,Crude Oil Tanker,Mumbai,Other Non-USD,140000000,1.25,1750000,0,0,0,3750000,None,240000000,380000000,Asia,1.875
2026-04-19,Global Spirit 60,270264740,Panama,Taxed,Passed,2000000,No,Container Ship,Houston,Other Non-USD,110000000,1.25,1375000,0,0,0,3375000,None,150000000,260000000,North America,225.0
2026-04-19,Red Trader 49,328554982,Russia,Privileged,Passed,0,No,LNG Carrier,Hidden/Private,N/A (Exempt/Diplomatic),220000000,0.05,110000,0,0,0,110000,Heavy (PLAN/RF Navy),200000000,420000000,Eurasia,0.03235294117647059
2026-04-19,Ocean Carrier 40,349506343,Norway,Blocked,Blocked/Waiting (Anchored off Oman),0,No,LNG Carrier,Mumbai,N/A (Exempt/Diplomatic),220000000,0.5,1100000,0,0,0,1100000,None,200000000,420000000,Europe,0.3235294117647059
2026-04-19,Eastern Titan 53,309305473,Turkey,Taxed,Passed,2000000,No,Crude Oil Tanker,Rotterdam,Other Non-USD,140000000,1.25,1750000,0,0,0,3750000,None,240000000,380000000,Asia,1.875
2026-04-19,Global Leader 33,349542787,Israel,Blocked,Rerouted,0,Yes (Cape of Good Hope),Container Ship,Singapore,N/A (Exempt/Diplomatic),110000000,0.15,165000,12,1800,2022000,2187000,None,150000000,260000000,Asia,145.8
2026-04-19,Iron Titan 32,673206722,UK,Blocked,Rerouted,0,Yes (Cape of Good Hope),Crude Oil Tanker,Rotterdam,N/A (Exempt/Diplomatic),140000000,0.15,210000,12,1200,1548000,1758000,None,240000000,380000000,Europe,0.879
2026-04-20,Global Titan 93,569164473,China,Privileged,Passed,0,No,LNG Carrier,Hidden/Private,N/A (Exempt/Diplomatic),220000000,0.05,110000,0,0,0,110000,Heavy (PLAN/RF Navy),200000000,420000000,Asia,0.03235294117647059
2026-04-20,Iron Carrier 97,586241038,India,Taxed,Passed,2000000,No,Container Ship,Rotterdam,Other Non-USD,110000000,1.25,1375000,0,0,0,3375000,None,150000000,260000000,Asia,225.0
2026-04-20,Iron Carrier 15,386403601,UK,Blocked,Rerouted,0,Yes (Cape of Good Hope),LNG Carrier,Houston,N/A (Exempt/Diplomatic),220000000,0.15,330000,12,1800,2658000,2988000,None,200000000,420000000,Europe,0.8788235294117647
2026-04-20,Eastern Titan 53,309305473,Turkey,Taxed,Passed,2000000,No,Container Ship,Houston,Other Non-USD,110000000,1.25,1375000,0,0,0,3375000,None,150000000,260000000,Asia,225.0
2026-04-20,Ocean Spirit 48,604518879,USA,Blocked,Rerouted,0,Yes (Cape of Good Hope),LNG Carrier,Rotterdam,N/A (Exempt/Diplomatic),220000000,0.15,330000,12,1800,2658000,2988000,None,200000000,420000000,North America,0.8788235294117647
2026-04-20,Global Titan 81,489361229,Turkey,Taxed,Passed,2000000,No,Bulk Carrier,Rotterdam,Other Non-USD,45000000,1.25,562500,0,0,0,2562500,None,50000000,95000000,Asia,
2026-04-20,Iron Titan 91,348880396,Germany,Blocked,Rerouted,0,Yes (Cape of Good Hope),LNG Carrier,Rotterdam,N/A (Exempt/Diplomatic),220000000,0.15,330000,12,1800,2658000,2988000,None,200000000,420000000,Europe,0.8788235294117647
2026-04-20,Iron Spirit 87,342013556,Russia,Privileged,Passed,0,No,Bulk Carrier,Hidden/Private,N/A (Exempt/Diplomatic),45000000,0.05,22500,0,0,0,22500,Heavy (PLAN/RF Navy),50000000,95000000,Eurasia,
2026-04-20,Global Leader 33,349542787,Israel,Blocked,Rerouted,0,Yes (Cape of Good Hope),Container Ship,Mumbai,N/A (Exempt/Diplomatic),110000000,0.15,165000,12,1800,2022000,2187000,None,150000000,260000000,Asia,145.8
2026-04-20,Red Leader 62,450731958,Russia,Privileged,Passed,0,No,Crude Oil Tanker,Hidden/Private,N/A (Exempt/Diplomatic),140000000,0.05,70000,0,0,0,70000,Heavy (PLAN/RF Navy),240000000,380000000,Eurasia,0.035
2026-04-20,Eastern Star 76,302572638,Pakistan,Privileged,Passed,0,No,Bulk Carrier,Hidden/Private,N/A (Exempt/Diplomatic),45000000,0.05,22500,0,0,0,22500,Light (Cooperative),50000000,95000000,Asia,
2026-04-20,Iron Trader 63,488954965,UAE,Taxed,Passed,2000000,No,Container Ship,Singapore,Other Non-USD,110000000,1.25,1375000,0,0,0,3375000,None,150000000,260000000,Asia,225.0
2026-04-20,Red Carrier 94,539807534,Liberia,Taxed,Rerouted,0,Yes (Cape of Good Hope),Container Ship,Singapore,N/A (Exempt/Diplomatic),110000000,0.15,165000,12,1800,2022000,2187000,None,150000000,260000000,Africa,145.8
2026-04-20,Iron Carrier 30,230536988,Germany,Blocked,Rerouted,0,Yes (Cape of Good Hope),Container Ship,Rotterdam,N/A (Exempt/Diplomatic),110000000,0.15,165000,12,1800,2022000,2187000,None,150000000,260000000,Europe,145.8
2026-04-20,Golden Leader 78,267015535,USA,Blocked,Rerouted,0,Yes (Cape of Good Hope),Bulk Carrier,Ningbo,N/A (Exempt/Diplomatic),45000000,0.15,67500,12,480,607200,674700,None,50000000,95000000,North America,
2026-04-20,Global Leader 58,344927134,UAE,Taxed,Passed,2000000,No,Crude Oil Tanker,Mumbai,Other Non-USD,140000000,1.25,1750000,0,0,0,3750000,None,240000000,380000000,Asia,1.875
2026-04-20,Global Leader 37,390495200,Turkey,Taxed,Rerouted,0,Yes (Cape of Good Hope),LNG Carrier,Singapore,N/A (Exempt/Diplomatic),220000000,0.15,330000,12,1800,2658000,2988000,None,200000000,420000000,Asia,0.8788235294117647
2026-04-20,Golden Trader 40,416775349,Iran,Privileged,Passed,0,No,Bulk Carrier,Hidden/Private,N/A (Exempt/Diplomatic),45000000,0.05,22500,0,0,0,22500,Internal (IRGC Navy),50000000,95000000,Asia,
2026-04-20,Global Titan 59,572561470,Iraq,Privileged,Passed,0,No,Bulk Carrier,Hidden/Private,N/A (Exempt/Diplomatic),45000000,0.05,22500,0,0,0,22500,Light (Cooperative),50000000,95000000,Asia,
2026-04-20,Ocean Trader 18,415128168,Norway,Blocked,Rerouted,0,Yes (Cape of Good Hope),Crude Oil Tanker,Mumbai,N/A (Exempt/Diplomatic),140000000,0.15,210000,12,1200,1548000,1758000,None,240000000,380000000,Europe,0.879
2026-04-20,Ocean Leader 56,541227155,Israel,Blocked,Rerouted,0,Yes (Cape of Good Hope),Bulk Carrier,Rotterdam,N/A (Exempt/Diplomatic),45000000,0.15,67500,12,480,607200,674700,None,50000000,95000000,Asia,
2026-04-20,Red Spirit 29,315595695,Liberia,Taxed,Rerouted,0,Yes (Cape of Good Hope),LNG Carrier,Singapore,N/A (Exempt/Diplomatic),220000000,0.15,330000,12,1800,2658000,2988000,None,200000000,420000000,Africa,0.8788235294117647
2026-04-20,Northern Express 93,400478606,Israel,Blocked,Rerouted,0,Yes (Cape of Good Hope),Container Ship,Rotterdam,N/A (Exempt/Diplomatic),110000000,0.15,165000,12,1800,2022000,2187000,None,150000000,260000000,Asia,145.8
2026-04-20,Iron Carrier 48,528391997,Germany,Blocked,Rerouted,0,Yes (Cape of Good Hope),Bulk Carrier,Houston,N/A (Exempt/Diplomatic),45000000,0.15,67500,12,480,607200,674700,None,50000000,95000000,Europe,
2026-04-20,Eastern Carrier 13,501316148,India,Taxed,Rerouted,0,Yes (Cape of Good Hope),Bulk Carrier,Singapore,N/A (Exempt/Diplomatic),45000000,0.15,67500,12,480,607200,674700,None,50000000,95000000,Asia,
2026-04-21,Northern Express 78,377784731,China,Privileged,Passed,0,No,Bulk Carrier,Hidden/Private,N/A (Exempt/Diplomatic),45000000,0.05,22500,0,0,0,22500,Heavy (PLAN/RF Navy),50000000,95000000,Asia,
2026-04-21,Iron Express 41,343240225,Greece,Taxed,Passed,2000000,No,Container Ship,Houston,Tether (USDT) / Yuan,110000000,1.25,1375000,0,0,0,3375000,None,150000000,260000000,Europe,225.0
2026-04-21,Iron Spirit 61,343742291,Pakistan,Privileged,Passed,0,No,LNG Carrier,Hidden/Private,N/A (Exempt/Diplomatic),220000000,0.05,110000,0,0,0,110000,Light (Cooperative),200000000,420000000,Asia,0.03235294117647059
2026-04-21,Global Star 34,369408512,Iran,Privileged,Passed,0,No,Container Ship,Hidden/Private,N/A (Exempt/Diplomatic),110000000,0.05,55000,0,0,0,55000,Internal (IRGC Navy),150000000,260000000,Asia,3.6666666666666665
2026-04-21,Iron Trader 83,404215510,Norway,Blocked,Rerouted,0,Yes (Cape of Good Hope),Bulk Carrier,Rotterdam,N/A (Exempt/Diplomatic),45000000,0.15,67500,12,480,607200,674700,None,50000000,95000000,Europe,
2026-04-21,Northern Leader 37,664205646,USA,Blocked,Blocked/Waiting (Anchored off Oman),0,No,Bulk Carrier,Houston,N/A (Exempt/Diplomatic),45000000,0.5,225000,0,0,0,225000,None,50000000,95000000,North America,
2026-04-21,Northern Titan 44,433987659,Norway,Blocked,Rerouted,0,Yes (Cape of Good Hope),Bulk Carrier,Singapore,N/A (Exempt/Diplomatic),45000000,0.15,67500,12,480,607200,674700,None,50000000,95000000,Europe,
2026-04-21,Eastern Trader 74,429104699,Israel,Blocked,Rerouted,0,Yes (Cape of Good Hope),LNG Carrier,Mumbai,N/A (Exempt/Diplomatic),220000000,0.15,330000,12,1800,2658000,2988000,None,200000000,420000000,Asia,0.8788235294117647
2026-04-21,Red Carrier 87,427170451,India,Taxed,Passed,2000000,No,LNG Carrier,Singapore,Other Non-USD,220000000,1.25,2750000,0,0,0,4750000,None,200000000,420000000,Asia,1.3970588235294117
2026-04-21,Global Leader 37,390495200,Turkey,Taxed,Passed,2000000,No,Container Ship,Mumbai,Other Non-USD,110000000,1.25,1375000,0,0,0,3375000,None,150000000,260000000,Asia,225.0
2026-04-21,Iron Titan 32,673206722,UK,Blocked,Rerouted,0,Yes (Cape of Good Hope),Container Ship,Houston,N/A (Exempt/Diplomatic),110000000,0.15,165000,12,1800,2022000,2187000,None,150000000,260000000,Europe,145.8
2026-04-21,Ocean Star 80,356839665,Iraq,Privileged,Passed,0,No,LNG Carrier,Hidden/Private,N/A (Exempt/Diplomatic),220000000,0.05,110000,0,0,0,110000,Light (Cooperative),200000000,420000000,Asia,0.03235294117647059
2026-04-21,Iron Express 48,651867790,Germany,Blocked,Rerouted,0,Yes (Cape of Good Hope),Bulk Carrier,Singapore,N/A (Exempt/Diplomatic),45000000,0.15,67500,12,480,607200,674700,None,50000000,95000000,Europe,
2026-04-21,Ocean Star 84,455973885,Germany,Blocked,Rerouted,0,Yes (Cape of Good Hope),LNG Carrier,Houston,N/A (Exempt/Diplomatic),220000000,0.15,330000,12,1800,2658000,2988000,None,200000000,420000000,Europe,0.8788235294117647
2026-04-21,Eastern Carrier 22,239331548,India,Taxed,Passed,2000000,No,LNG Carrier,Houston,Other Non-USD,220000000,1.25,2750000,0,0,0,4750000,None,200000000,420000000,Asia,1.3970588235294117
2026-04-21,Golden Carrier 98,299401567,India,Taxed,Rerouted,0,Yes (Cape of Good Hope),Container Ship,Ningbo,N/A (Exempt/Diplomatic),110000000,0.15,165000,12,1800,2022000,2187000,None,150000000,260000000,Asia,145.8
2026-04-21,Golden Express 59,465416722,USA,Blocked,Rerouted,0,Yes (Cape of Good Hope),Bulk Carrier,Rotterdam,N/A (Exempt/Diplomatic),45000000,0.15,67500,12,480,607200,674700,None,50000000,95000000,North America,
2026-04-21,Eastern Trader 77,693112443,China,Privileged,Passed,0,No,Container Ship,Hidden/Private,N/A (Exempt/Diplomatic),110000000,0.05,55000,0,0,0,55000,Heavy (PLAN/RF Navy),150000000,260000000,Asia,3.6666666666666665
2026-04-21,Golden Trader 56,287324253,Marshall Islands,Taxed,Passed,2000000,No,LNG Carrier,Mumbai,Other Non-USD,220000000,1.25,2750000,0,0,0,4750000,None,200000000,420000000,Oceania,1.3970588235294117
2026-04-21,Global Express 70,495173558,Greece,Taxed,Rerouted,0,Yes (Cape of Good Hope),LNG Carrier,Singapore,N/A (Exempt/Diplomatic),220000000,0.15,330000,12,1800,2658000,2988000,None,200000000,420000000,Europe,0.8788235294117647
2026-04-21,Iron Carrier 97,586241038,India,Taxed,Passed,2000000,No,Crude Oil Tanker,Singapore,Other Non-USD,140000000,1.25,1750000,0,0,0,3750000,None,240000000,380000000,Asia,1.875
2026-04-21,Ocean Trader 33,236787109,Pakistan,Privileged,Passed,0,No,Container Ship,Hidden/Private,N/A (Exempt/Diplomatic),110000000,0.05,55000,0,0,0,55000,Light (Cooperative),150000000,260000000,Asia,3.6666666666666665
2026-04-21,Ocean Star 86,433304641,Marshall Islands,Taxed,Passed,2000000,No,Container Ship,Houston,Other Non-USD,110000000,1.25,1375000,0,0,0,3375000,None,150000000,260000000,Oceania,225.0
2026-04-21,Northern Spirit 19,205001198,Israel,Blocked,Rerouted,0,Yes (Cape of Good Hope),Bulk Carrier,Houston,N/A (Exempt/Diplomatic),45000000,0.15,67500,12,480,607200,674700,None,50000000,95000000,Asia,
2026-04-21,Global Trader 35,279110057,China,Privileged,Passed,0,No,Crude Oil Tanker,Hidden/Private,N/A (Exempt/Diplomatic),140000000,0.05,70000,0,0,0,70000,Heavy (PLAN/RF Navy),240000000,380000000,Asia,0.035
2026-04-21,Global Leader 58,344927134,UAE,Taxed,Rerouted,0,Yes (Cape of Good Hope),LNG Carrier,Mumbai,N/A (Exempt/Diplomatic),220000000,0.15,330000,12,1800,2658000,2988000,None,200000000,420000000,Asia,0.8788235294117647
2026-04-21,Northern Titan 15,365494940,Marshall Islands,Taxed,Rerouted,0,Yes (Cape of Good Hope),Crude Oil Tanker,Houston,N/A (Exempt/Diplomatic),140000000,0.15,210000,12,1200,1548000,1758000,None,240000000,380000000,Oceania,0.879
2026-04-22,Ocean Express 65,200907996,Germany,Blocked,Blocked/Waiting (Anchored off Oman),0,No,LNG Carrier,Mumbai,N/A (Exempt/Diplomatic),220000000,0.5,1100000,0,0,0,1100000,None,200000000,420000000,Europe,0.3235294117647059
2026-04-22,Ocean Trader 16,662301106,Iran,Privileged,Passed,0,No,Bulk Carrier,Hidden/Private,N/A (Exempt/Diplomatic),45000000,0.05,22500,0,0,0,22500,Internal (IRGC Navy),50000000,95000000,Asia,
2026-04-22,Golden Express 79,246674928,UK,Blocked,Rerouted,0,Yes (Cape of Good Hope),LNG Carrier,Houston,N/A (Exempt/Diplomatic),220000000,0.15,330000,12,1800,2658000,2988000,None,200000000,420000000,Europe,0.8788235294117647
2026-04-22,Golden Carrier 64,682014990,USA,Blocked,Rerouted,0,Yes (Cape of Good Hope),Container Ship,Rotterdam,N/A (Exempt/Diplomatic),110000000,0.15,165000,12,1800,2022000,2187000,None,150000000,260000000,North America,145.8
2026-04-22,Global Titan 47,316877277,Russia,Privileged,Passed,0,No,Container Ship,Hidden/Private,N/A (Exempt/Diplomatic),110000000,0.05,55000,0,0,0,55000,Heavy (PLAN/RF Navy),150000000,260000000,Eurasia,3.6666666666666665
2026-04-22,Northern Express 53,629814830,Iran,Privileged,Passed,0,No,Container Ship,Hidden/Private,N/A (Exempt/Diplomatic),110000000,0.05,55000,0,0,0,55000,Internal (IRGC Navy),150000000,260000000,Asia,3.6666666666666665
2026-04-22,Ocean Carrier 41,692562960,Iran,Privileged,Passed,0,No,Bulk Carrier,Hidden/Private,N/A (Exempt/Diplomatic),45000000,0.05,22500,0,0,0,22500,Internal (IRGC Navy),50000000,95000000,Asia,
2026-04-22,Ocean Star 80,356839665,Iraq,Privileged,Passed,0,No,Crude Oil Tanker,Hidden/Private,N/A (Exempt/Diplomatic),140000000,0.05,70000,0,0,0,70000,Light (Cooperative),240000000,380000000,Asia,0.035
2026-04-22,Eastern Carrier 50,605471762,Israel,Blocked,Rerouted,0,Yes (Cape of Good Hope),Crude Oil Tanker,Rotterdam,N/A (Exempt/Diplomatic),140000000,0.15,210000,12,1200,1548000,1758000,None,240000000,380000000,Asia,0.879
2026-04-22,Global Trader 63,409098769,China,Privileged,Passed,0,No,Bulk Carrier,Hidden/Private,N/A (Exempt/Diplomatic),45000000,0.05,22500,0,0,0,22500,Heavy (PLAN/RF Navy),50000000,95000000,Asia,
2026-04-22,Golden Titan 69,693675149,Iraq,Privileged,Passed,0,No,Crude Oil Tanker,Hidden/Private,N/A (Exempt/Diplomatic),140000000,0.05,70000,0,0,0,70000,Light (Cooperative),240000000,380000000,Asia,0.035
2026-04-22,Red Spirit 86,576445159,Turkey,Taxed,Passed,2000000,No,LNG Carrier,Ningbo,Other Non-USD,220000000,1.25,2750000,0,0,0,4750000,None,200000000,420000000,Asia,1.3970588235294117
2026-04-22,Ocean Leader 53,559098790,USA,Blocked,Rerouted,0,Yes (Cape of Good Hope),LNG Carrier,Mumbai,N/A (Exempt/Diplomatic),220000000,0.15,330000,12,1800,2658000,2988000,None,200000000,420000000,North America,0.8788235294117647
2026-04-22,Red Titan 16,335548300,Norway,Blocked,Rerouted,0,Yes (Cape of Good Hope),Container Ship,Ningbo,N/A (Exempt/Diplomatic),110000000,0.15,165000,12,1800,2022000,2187000,None,150000000,260000000,Europe,145.8
2026-04-22,Golden Spirit 74,366045938,UK,Blocked,Rerouted,0,Yes (Cape of Good Hope),LNG Carrier,Ningbo,N/A (Exempt/Diplomatic),220000000,0.15,330000,12,1800,2658000,2988000,None,200000000,420000000,Europe,0.8788235294117647
2026-04-22,Red Trader 81,674666203,UK,Blocked,Rerouted,0,Yes (Cape of Good Hope),Container Ship,Singapore,N/A (Exempt/Diplomatic),110000000,0.15,165000,12,1800,2022000,2187000,None,150000000,260000000,Europe,145.8
2026-04-22,Iron Express 23,405375523,Russia,Privileged,Passed,0,No,Crude Oil Tanker,Hidden/Private,N/A (Exempt/Diplomatic),140000000,0.05,70000,0,0,0,70000,Heavy (PLAN/RF Navy),240000000,380000000,Eurasia,0.035
2026-04-22,Red Spirit 36,430794441,Liberia,Taxed,Passed,2000000,No,LNG Carrier,Singapore,Other Non-USD,220000000,1.25,2750000,0,0,0,4750000,None,200000000,420000000,Africa,1.3970588235294117
2026-04-22,Global Trader 69,505935698,USA,Blocked,Rerouted,0,Yes (Cape of Good Hope),Container Ship,Rotterdam,N/A (Exempt/Diplomatic),110000000,0.15,165000,12,1800,2022000,2187000,None,150000000,260000000,North America,145.8
2026-04-22,Eastern Carrier 94,214550303,Pakistan,Privileged,Passed,0,No,LNG Carrier,Hidden/Private,N/A (Exempt/Diplomatic),220000000,0.05,110000,0,0,0,110000,Light (Cooperative),200000000,420000000,Asia,0.03235294117647059
2026-04-22,Eastern Spirit 22,647013948,India,Taxed,Rerouted,0,Yes (Cape of Good Hope),Crude Oil Tanker,Houston,N/A (Exempt/Diplomatic),140000000,0.15,210000,12,1200,1548000,1758000,None,240000000,380000000,Asia,0.879
2026-04-22,Iron Trader 23,617911275,UK,Blocked,Rerouted,0,Yes (Cape of Good Hope),LNG Carrier,Mumbai,N/A (Exempt/Diplomatic),220000000,0.15,330000,12,1800,2658000,2988000,None,200000000,420000000,Europe,0.8788235294117647
2026-04-22,Eastern Spirit 72,210456496,Iran,Privileged,Passed,0,No,Bulk Carrier,Hidden/Private,N/A (Exempt/Diplomatic),45000000,0.05,22500,0,0,0,22500,Internal (IRGC Navy),50000000,95000000,Asia,
2026-04-22,Golden Spirit 30,597945315,Israel,Blocked,Rerouted,0,Yes (Cape of Good Hope),Crude Oil Tanker,Mumbai,N/A (Exempt/Diplomatic),140000000,0.15,210000,12,1200,1548000,1758000,None,240000000,380000000,Asia,0.879
2026-04-22,Global Leader 85,349352498,China,Privileged,Passed,0,No,Container Ship,Hidden/Private,N/A (Exempt/Diplomatic),110000000,0.05,55000,0,0,0,55000,Heavy (PLAN/RF Navy),150000000,260000000,Asia,3.6666666666666665
2026-04-22,Global Trader 35,279110057,China,Privileged,Passed,0,No,Bulk Carrier,Hidden/Private,N/A (Exempt/Diplomatic),45000000,0.05,22500,0,0,0,22500,Heavy (PLAN/RF Navy),50000000,95000000,Asia,
2026-04-22,Red Titan 27,473549845,Norway,Blocked,Rerouted,0,Yes (Cape of Good Hope),Container Ship,Houston,N/A (Exempt/Diplomatic),110000000,0.15,165000,12,1800,2022000,2187000,None,150000000,260000000,Europe,145.8
2026-04-22,Global Spirit 60,270264740,Panama,Taxed,Rerouted,0,Yes (Cape of Good Hope),Bulk Carrier,Singapore,N/A (Exempt/Diplomatic),45000000,0.15,67500,12,480,607200,674700,None,50000000,95000000,North America,
2026-04-22,Ocean Spirit 32,511701739,Turkey,Taxed,Passed,2000000,No,Bulk Carrier,Houston,Other Non-USD,45000000,1.25,562500,0,0,0,2562500,None,50000000,95000000,Asia,
2026-04-22,Iron Spirit 61,343742291,Pakistan,Privileged,Passed,0,No,Crude Oil Tanker,Hidden/Private,N/A (Exempt/Diplomatic),140000000,0.05,70000,0,0,0,70000,Light (Cooperative),240000000,380000000,Asia,0.035
2026-04-22,Eastern Star 59,404880292,Israel,Blocked,Rerouted,0,Yes (Cape of Good Hope),Bulk Carrier,Rotterdam,N/A (Exempt/Diplomatic),45000000,0.15,67500,12,480,607200,674700,None,50000000,95000000,Asia,
2026-04-23,Eastern Star 59,404880292,Israel,Blocked,Rerouted,0,Yes (Cape of Good Hope),Bulk Carrier,Rotterdam,N/A (Exempt/Diplomatic),45000000,0.15,67500,12,480,607200,674700,None,50000000,95000000,Asia,
2026-04-23,Eastern Leader 25,333093315,UAE,Taxed,Passed,2000000,No,LNG Carrier,Singapore,Other Non-USD,220000000,1.25,2750000,0,0,0,4750000,None,200000000,420000000,Asia,1.3970588235294117
2026-04-23,Red Trader 81,674666203,UK,Blocked,Blocked/Waiting (Anchored off Oman),0,No,Container Ship,Singapore,N/A (Exempt/Diplomatic),110000000,0.5,550000,0,0,0,550000,None,150000000,260000000,Europe,36.666666666666664
2026-04-23,Eastern Star 76,302572638,Pakistan,Privileged,Passed,0,No,Container Ship,Hidden/Private,N/A (Exempt/Diplomatic),110000000,0.05,55000,0,0,0,55000,Light (Cooperative),150000000,260000000,Asia,3.6666666666666665
2026-04-23,Eastern Titan 29,400743469,Greece,Taxed,Passed,2000000,No,Container Ship,Singapore,Tether (USDT) / Yuan,110000000,1.25,1375000,0,0,0,3375000,None,150000000,260000000,Europe,225.0
2026-04-23,Ocean Carrier 41,692562960,Iran,Privileged,Passed,0,No,LNG Carrier,Hidden/Private,N/A (Exempt/Diplomatic),220000000,0.05,110000,0,0,0,110000,Internal (IRGC Navy),200000000,420000000,Asia,0.03235294117647059
2026-04-23,Iron Express 41,343240225,Greece,Taxed,Rerouted,0,Yes (Cape of Good Hope),Crude Oil Tanker,Ningbo,N/A (Exempt/Diplomatic),140000000,0.15,210000,12,1200,1548000,1758000,None,240000000,380000000,Europe,0.879
2026-04-23,Ocean Star 86,433304641,Marshall Islands,Taxed,Rerouted,0,Yes (Cape of Good Hope),Bulk Carrier,Ningbo,N/A (Exempt/Diplomatic),45000000,0.15,67500,12,480,607200,674700,None,50000000,95000000,Oceania,
2026-04-23,Global Star 43,403529838,Liberia,Taxed,Passed,2000000,No,LNG Carrier,Singapore,Other Non-USD,220000000,1.25,2750000,0,0,0,4750000,None,200000000,420000000,Africa,1.3970588235294117
2026-04-23,Iron Express 48,651867790,Germany,Blocked,Rerouted,0,Yes (Cape of Good Hope),Container Ship,Houston,N/A (Exempt/Diplomatic),110000000,0.15,165000,12,1800,2022000,2187000,None,150000000,260000000,Europe,145.8
2026-04-23,Ocean Leader 53,559098790,USA,Blocked,Rerouted,0,Yes (Cape of Good Hope),Crude Oil Tanker,Mumbai,N/A (Exempt/Diplomatic),140000000,0.15,210000,12,1200,1548000,1758000,None,240000000,380000000,North America,0.879
2026-04-23,Ocean Titan 52,620040549,UK,Blocked,Rerouted,0,Yes (Cape of Good Hope),Bulk Carrier,Houston,N/A (Exempt/Diplomatic),45000000,0.15,67500,12,480,607200,674700,None,50000000,95000000,Europe,
2026-04-23,Golden Trader 50,434287182,Germany,Blocked,Blocked/Waiting (Anchored off Oman),0,No,Crude Oil Tanker,Singapore,N/A (Exempt/Diplomatic),140000000,0.5,700000,0,0,0,700000,None,240000000,380000000,Europe,0.35
2026-04-23,Ocean Spirit 12,515845836,UAE,Taxed,Passed,2000000,No,Container Ship,Rotterdam,Other Non-USD,110000000,1.25,1375000,0,0,0,3375000,None,150000000,260000000,Asia,225.0
2026-04-23,Ocean Titan 70,528175214,Pakistan,Privileged,Passed,0,No,LNG Carrier,Hidden/Private,N/A (Exempt/Diplomatic),220000000,0.05,110000,0,0,0,110000,Light (Cooperative),200000000,420000000,Asia,0.03235294117647059
2026-04-23,Eastern Star 49,509128512,USA,Blocked,Rerouted,0,Yes (Cape of Good Hope),Crude Oil Tanker,Singapore,N/A (Exempt/Diplomatic),140000000,0.15,210000,12,1200,1548000,1758000,None,240000000,380000000,North America,0.879
2026-04-23,Ocean Express 46,325892782,Turkey,Taxed,Rerouted,0,Yes (Cape of Good Hope),Crude Oil Tanker,Singapore,N/A (Exempt/Diplomatic),140000000,0.15,210000,12,1200,1548000,1758000,None,240000000,380000000,Asia,0.879
2026-04-23,Ocean Carrier 90,568535587,Russia,Privileged,Passed,0,No,Crude Oil Tanker,Hidden/Private,N/A (Exempt/Diplomatic),140000000,0.05,70000,0,0,0,70000,Heavy (PLAN/RF Navy),240000000,380000000,Eurasia,0.035
2026-04-23,Iron Carrier 15,386403601,UK,Blocked,Rerouted,0,Yes (Cape of Good Hope),LNG Carrier,Ningbo,N/A (Exempt/Diplomatic),220000000,0.15,330000,12,1800,2658000,2988000,None,200000000,420000000,Europe,0.8788235294117647
2026-04-23,Eastern Trader 98,307992155,Panama,Taxed,Passed,2000000,No,Bulk Carrier,Houston,Other Non-USD,45000000,1.25,562500,0,0,0,2562500,None,50000000,95000000,North America,
2026-04-23,Global Trader 63,409098769,China,Privileged,Passed,0,No,Container Ship,Hidden/Private,N/A (Exempt/Diplomatic),110000000,0.05,55000,0,0,0,55000,Heavy (PLAN/RF Navy),150000000,260000000,Asia,3.6666666666666665
2026-04-23,Global Express 70,495173558,Greece,Taxed,Rerouted,0,Yes (Cape of Good Hope),LNG Carrier,Ningbo,N/A (Exempt/Diplomatic),220000000,0.15,330000,12,1800,2658000,2988000,None,200000000,420000000,Europe,0.8788235294117647
2026-04-23,Northern Leader 90,509060961,India,Taxed,Passed,2000000,No,Crude Oil Tanker,Houston,Other Non-USD,140000000,1.25,1750000,0,0,0,3750000,None,240000000,380000000,Asia,1.875
2026-04-23,Eastern Star 63,552924530,Germany,Blocked,Rerouted,0,Yes (Cape of Good Hope),Bulk Carrier,Houston,N/A (Exempt/Diplomatic),45000000,0.15,67500,12,480,607200,674700,None,50000000,95000000,Europe,
2026-04-23,Ocean Express 78,267958709,Turkey,Taxed,Passed,2000000,No,Bulk Carrier,Mumbai,Other Non-USD,45000000,1.25,562500,0,0,0,2562500,None,50000000,95000000,Asia,
2026-04-23,Golden Carrier 98,299401567,India,Taxed,Rerouted,0,Yes (Cape of Good Hope),Bulk Carrier,Houston,N/A (Exempt/Diplomatic),45000000,0.15,67500,12,480,607200,674700,None,50000000,95000000,Asia,
2026-04-23,Iron Carrier 48,528391997,Germany,Blocked,Blocked/Waiting (Anchored off Oman),0,No,Crude Oil Tanker,Ningbo,N/A (Exempt/Diplomatic),140000000,0.5,700000,0,0,0,700000,None,240000000,380000000,Europe,0.35
2026-04-23,Red Leader 99,358728676,Iraq,Privileged,Passed,0,No,Container Ship,Hidden/Private,N/A (Exempt/Diplomatic),110000000,0.05,55000,0,0,0,55000,Light (Cooperative),150000000,260000000,Asia,3.6666666666666665
2026-04-24,Ocean Trader 63,641485549,Norway,Blocked,Rerouted,0,Yes (Cape of Good Hope),Container Ship,Mumbai,N/A (Exempt/Diplomatic),110000000,0.15,165000,12,1800,2022000,2187000,None,150000000,260000000,Europe,145.8
2026-04-24,Iron Express 53,259889117,Panama,Taxed,Passed,2000000,No,Crude Oil Tanker,Singapore,Other Non-USD,140000000,1.25,1750000,0,0,0,3750000,None,240000000,380000000,North America,1.875
2026-04-24,Golden Leader 92,582167480,Norway,Blocked,Rerouted,0,Yes (Cape of Good Hope),Bulk Carrier,Rotterdam,N/A (Exempt/Diplomatic),45000000,0.15,67500,12,480,607200,674700,None,50000000,95000000,Europe,
2026-04-24,Northern Titan 68,201742315,Turkey,Taxed,Passed,2000000,No,Container Ship,Ningbo,Other Non-USD,110000000,1.25,1375000,0,0,0,3375000,None,150000000,260000000,Asia,225.0
2026-04-24,Ocean Titan 58,201157156,USA,Blocked,Blocked/Waiting (Anchored off Oman),0,No,LNG Carrier,Singapore,N/A (Exempt/Diplomatic),220000000,0.5,1100000,0,0,0,1100000,None,200000000,420000000,North America,0.3235294117647059
2026-04-24,Eastern Trader 77,693112443,China,Privileged,Passed,0,No,Bulk Carrier,Hidden/Private,N/A (Exempt/Diplomatic),45000000,0.05,22500,0,0,0,22500,Heavy (PLAN/RF Navy),50000000,95000000,Asia,
2026-04-24,Golden Carrier 57,454079790,Germany,Blocked,Rerouted,0,Yes (Cape of Good Hope),Bulk Carrier,Mumbai,N/A (Exempt/Diplomatic),45000000,0.15,67500,12,480,607200,674700,None,50000000,95000000,Europe,
2026-04-24,Global Spirit 24,677660874,Iran,Privileged,Passed,0,No,LNG Carrier,Hidden/Private,N/A (Exempt/Diplomatic),220000000,0.05,110000,0,0,0,110000,Internal (IRGC Navy),200000000,420000000,Asia,0.03235294117647059
2026-04-24,Ocean Trader 18,415128168,Norway,Blocked,Rerouted,0,Yes (Cape of Good Hope),Container Ship,Mumbai,N/A (Exempt/Diplomatic),110000000,0.15,165000,12,1800,2022000,2187000,None,150000000,260000000,Europe,145.8
2026-04-24,Global Trader 69,505935698,USA,Blocked,Blocked/Waiting (Anchored off Oman),0,No,Crude Oil Tanker,Rotterdam,N/A (Exempt/Diplomatic),140000000,0.5,700000,0,0,0,700000,None,240000000,380000000,North America,0.35
2026-04-24,Iron Express 23,405375523,Russia,Privileged,Passed,0,No,Crude Oil Tanker,Hidden/Private,N/A (Exempt/Diplomatic),140000000,0.05,70000,0,0,0,70000,Heavy (PLAN/RF Navy),240000000,380000000,Eurasia,0.035
2026-04-24,Northern Leader 90,509060961,India,Taxed,Passed,2000000,No,Container Ship,Rotterdam,Other Non-USD,110000000,1.25,1375000,0,0,0,3375000,None,150000000,260000000,Asia,225.0
2026-04-24,Eastern Titan 29,400743469,Greece,Taxed,Rerouted,0,Yes (Cape of Good Hope),LNG Carrier,Singapore,N/A (Exempt/Diplomatic),220000000,0.15,330000,12,1800,2658000,2988000,None,200000000,420000000,Europe,0.8788235294117647
2026-04-24,Ocean Leader 53,559098790,USA,Blocked,Rerouted,0,Yes (Cape of Good Hope),Container Ship,Ningbo,N/A (Exempt/Diplomatic),110000000,0.15,165000,12,1800,2022000,2187000,None,150000000,260000000,North America,145.8
2026-04-24,Iron Trader 30,366987748,Iran,Privileged,Passed,0,No,LNG Carrier,Hidden/Private,N/A (Exempt/Diplomatic),220000000,0.05,110000,0,0,0,110000,Internal (IRGC Navy),200000000,420000000,Asia,0.03235294117647059
2026-04-24,Ocean Star 84,455973885,Germany,Blocked,Blocked/Waiting (Anchored off Oman),0,No,Bulk Carrier,Ningbo,N/A (Exempt/Diplomatic),45000000,0.5,225000,0,0,0,225000,None,50000000,95000000,Europe,
2026-04-24,Golden Spirit 57,290081110,Iran,Privileged,Passed,0,No,Bulk Carrier,Hidden/Private,N/A (Exempt/Diplomatic),45000000,0.05,22500,0,0,0,22500,Internal (IRGC Navy),50000000,95000000,Asia,
2026-04-24,Ocean Spirit 32,511701739,Turkey,Taxed,Rerouted,0,Yes (Cape of Good Hope),Bulk Carrier,Mumbai,N/A (Exempt/Diplomatic),45000000,0.15,67500,12,480,607200,674700,None,50000000,95000000,Asia,
2026-04-24,Eastern Express 29,697015667,UAE,Taxed,Rerouted,0,Yes (Cape of Good Hope),LNG Carrier,Rotterdam,N/A (Exempt/Diplomatic),220000000,0.15,330000,12,1800,2658000,2988000,None,200000000,420000000,Asia,0.8788235294117647
2026-04-24,Red Leader 99,358728676,Iraq,Privileged,Passed,0,No,Container Ship,Hidden/Private,N/A (Exempt/Diplomatic),110000000,0.05,55000,0,0,0,55000,Light (Cooperative),150000000,260000000,Asia,3.6666666666666665
2026-04-24,Global Leader 58,344927134,UAE,Taxed,Passed,2000000,No,LNG Carrier,Singapore,Other Non-USD,220000000,1.25,2750000,0,0,0,4750000,None,200000000,420000000,Asia,1.3970588235294117
2026-04-24,Eastern Star 49,509128512,USA,Blocked,Rerouted,0,Yes (Cape of Good Hope),Crude Oil Tanker,Rotterdam,N/A (Exempt/Diplomatic),140000000,0.15,210000,12,1200,1548000,1758000,None,240000000,380000000,North America,0.879
2026-04-24,Northern Express 68,276703600,Turkey,Taxed,Rerouted,0,Yes (Cape of Good Hope),Crude Oil Tanker,Ningbo,N/A (Exempt/Diplomatic),140000000,0.15,210000,12,1200,1548000,1758000,None,240000000,380000000,Asia,0.879
2026-04-24,Golden Titan 61,376234293,Turkey,Taxed,Passed,2000000,No,Container Ship,Rotterdam,Other Non-USD,110000000,1.25,1375000,0,0,0,3375000,None,150000000,260000000,Asia,225.0
2026-04-24,Northern Titan 69,558403064,Germany,Blocked,Rerouted,0,Yes (Cape of Good Hope),Bulk Carrier,Rotterdam,N/A (Exempt/Diplomatic),45000000,0.15,67500,12,480,607200,674700,None,50000000,95000000,Europe,
2026-04-24,Golden Trader 40,416775349,Iran,Privileged,Passed,0,No,Container Ship,Hidden/Private,N/A (Exempt/Diplomatic),110000000,0.05,55000,0,0,0,55000,Internal (IRGC Navy),150000000,260000000,Asia,3.6666666666666665
2026-04-24,Global Express 41,558057151,Iran,Privileged,Passed,0,No,LNG Carrier,Hidden/Private,N/A (Exempt/Diplomatic),220000000,0.05,110000,0,0,0,110000,Internal (IRGC Navy),200000000,420000000,Asia,0.03235294117647059
2026-04-25,Global Leader 33,349542787,Israel,Blocked,Blocked/Waiting (Anchored off Oman),0,No,Container Ship,Ningbo,N/A (Exempt/Diplomatic),110000000,0.5,550000,0,0,0,550000,None,150000000,260000000,Asia,36.666666666666664
2026-04-25,Ocean Titan 52,620040549,UK,Blocked,Rerouted,0,Yes (Cape of Good Hope),Crude Oil Tanker,Ningbo,N/A (Exempt/Diplomatic),140000000,0.15,210000,12,1200,1548000,1758000,None,240000000,380000000,Europe,0.879
2026-04-25,Global Carrier 50,314153005,Norway,Blocked,Rerouted,0,Yes (Cape of Good Hope),Container Ship,Mumbai,N/A (Exempt/Diplomatic),110000000,0.15,165000,12,1800,2022000,2187000,None,150000000,260000000,Europe,145.8
2026-04-25,Global Express 71,348444607,Germany,Blocked,Blocked/Waiting (Anchored off Oman),0,No,Bulk Carrier,Ningbo,N/A (Exempt/Diplomatic),45000000,0.5,225000,0,0,0,225000,None,50000000,95000000,Europe,
2026-04-25,Red Titan 27,473549845,Norway,Blocked,Rerouted,0,Yes (Cape of Good Hope),Crude Oil Tanker,Ningbo,N/A (Exempt/Diplomatic),140000000,0.15,210000,12,1200,1548000,1758000,None,240000000,380000000,Europe,0.879
2026-04-25,Ocean Trader 18,415128168,Norway,Blocked,Rerouted,0,Yes (Cape of Good Hope),Bulk Carrier,Rotterdam,N/A (Exempt/Diplomatic),45000000,0.15,67500,12,480,607200,674700,None,50000000,95000000,Europe,
2026-04-25,Iron Carrier 48,528391997,Germany,Blocked,Blocked/Waiting (Anchored off Oman),0,No,Bulk Carrier,Ningbo,N/A (Exempt/Diplomatic),45000000,0.5,225000,0,0,0,225000,None,50000000,95000000,Europe,
2026-04-25,Global Express 41,558057151,Iran,Privileged,Passed,0,No,LNG Carrier,Hidden/Private,N/A (Exempt/Diplomatic),220000000,0.05,110000,0,0,0,110000,Internal (IRGC Navy),200000000,420000000,Asia,0.03235294117647059
2026-04-25,Northern Spirit 19,205001198,Israel,Blocked,Rerouted,0,Yes (Cape of Good Hope),Bulk Carrier,Rotterdam,N/A (Exempt/Diplomatic),45000000,0.15,67500,12,480,607200,674700,None,50000000,95000000,Asia,
2026-04-25,Iron Express 48,651867790,Germany,Blocked,Rerouted,0,Yes (Cape of Good Hope),LNG Carrier,Singapore,N/A (Exempt/Diplomatic),220000000,0.15,330000,12,1800,2658000,2988000,None,200000000,420000000,Europe,0.8788235294117647
2026-04-25,Iron Titan 32,673206722,UK,Blocked,Rerouted,0,Yes (Cape of Good Hope),LNG Carrier,Singapore,N/A (Exempt/Diplomatic),220000000,0.15,330000,12,1800,2658000,2988000,None,200000000,420000000,Europe,0.8788235294117647
2026-04-25,Eastern Trader 32,472559523,Iran,Privileged,Passed,0,No,Crude Oil Tanker,Hidden/Private,N/A (Exempt/Diplomatic),140000000,0.05,70000,0,0,0,70000,Internal (IRGC Navy),240000000,380000000,Asia,0.035
2026-04-25,Ocean Express 48,656497707,Iran,Privileged,Passed,0,No,Crude Oil Tanker,Hidden/Private,N/A (Exempt/Diplomatic),140000000,0.05,70000,0,0,0,70000,Internal (IRGC Navy),240000000,380000000,Asia,0.035
2026-04-25,Global Trader 69,505935698,USA,Blocked,Blocked/Waiting (Anchored off Oman),0,No,Bulk Carrier,Ningbo,N/A (Exempt/Diplomatic),45000000,0.5,225000,0,0,0,225000,None,50000000,95000000,North America,
2026-04-25,Eastern Titan 29,400743469,Greece,Taxed,Passed,2000000,No,Container Ship,Mumbai,Tether (USDT) / Yuan,110000000,1.25,1375000,0,0,0,3375000,None,150000000,260000000,Europe,225.0
2026-04-25,Red Titan 95,343332624,Pakistan,Privileged,Passed,0,No,LNG Carrier,Hidden/Private,N/A (Exempt/Diplomatic),220000000,0.05,110000,0,0,0,110000,Light (Cooperative),200000000,420000000,Asia,0.03235294117647059
2026-04-25,Iron Titan 91,348880396,Germany,Blocked,Rerouted,0,Yes (Cape of Good Hope),Crude Oil Tanker,Rotterdam,N/A (Exempt/Diplomatic),140000000,0.15,210000,12,1200,1548000,1758000,None,240000000,380000000,Europe,0.879
2026-04-25,Ocean Spirit 48,604518879,USA,Blocked,Rerouted,0,Yes (Cape of Good Hope),Crude Oil Tanker,Mumbai,N/A (Exempt/Diplomatic),140000000,0.15,210000,12,1200,1548000,1758000,None,240000000,380000000,North America,0.879
2026-04-25,Golden Express 79,246674928,UK,Blocked,Rerouted,0,Yes (Cape of Good Hope),Crude Oil Tanker,Singapore,N/A (Exempt/Diplomatic),140000000,0.15,210000,12,1200,1548000,1758000,None,240000000,380000000,Europe,0.879
2026-04-25,Global Express 18,619421299,Russia,Privileged,Passed,0,No,Bulk Carrier,Hidden/Private,N/A (Exempt/Diplomatic),45000000,0.05,22500,0,0,0,22500,Heavy (PLAN/RF Navy),50000000,95000000,Eurasia,
2026-04-25,Golden Spirit 18,471635630,Liberia,Taxed,Passed,2000000,No,Container Ship,Singapore,Other Non-USD,110000000,1.25,1375000,0,0,0,3375000,None,150000000,260000000,Africa,225.0
2026-04-25,Global Express 70,495173558,Greece,Taxed,Passed,2000000,No,Crude Oil Tanker,Houston,Tether (USDT) / Yuan,140000000,1.25,1750000,0,0,0,3750000,None,240000000,380000000,Europe,1.875
2026-04-25,Red Leader 18,556609890,Liberia,Taxed,Passed,2000000,No,LNG Carrier,Mumbai,Other Non-USD,220000000,1.25,2750000,0,0,0,4750000,None,200000000,420000000,Africa,1.3970588235294117
2026-04-25,Eastern Express 64,501134582,China,Privileged,Passed,0,No,Crude Oil Tanker,Hidden/Private,N/A (Exempt/Diplomatic),140000000,0.05,70000,0,0,0,70000,Heavy (PLAN/RF Navy),240000000,380000000,Asia,0.035
2026-04-25,Red Leader 62,450731958,Russia,Privileged,Passed,0,No,Bulk Carrier,Hidden/Private,N/A (Exempt/Diplomatic),45000000,0.05,22500,0,0,0,22500,Heavy (PLAN/RF Navy),50000000,95000000,Eurasia,
2026-04-25,Golden Spirit 57,290081110,Iran,Privileged,Passed,0,No,Crude Oil Tanker,Hidden/Private,N/A (Exempt/Diplomatic),140000000,0.05,70000,0,0,0,70000,Internal (IRGC Navy),240000000,380000000,Asia,0.035
2026-04-25,Eastern Spirit 72,210456496,Iran,Privileged,Passed,0,No,LNG Carrier,Hidden/Private,N/A (Exempt/Diplomatic),220000000,0.05,110000,0,0,0,110000,Internal (IRGC Navy),200000000,420000000,Asia,0.03235294117647059
2026-04-26,Golden Carrier 29,346215835,Panama,Taxed,Passed,2000000,No,Bulk Carrier,Houston,Other Non-USD,45000000,1.25,562500,0,0,0,2562500,None,50000000,95000000,North America,
2026-04-26,Iron Express 23,405375523,Russia,Privileged,Passed,0,No,Bulk Carrier,Hidden/Private,N/A (Exempt/Diplomatic),45000000,0.05,22500,0,0,0,22500,Heavy (PLAN/RF Navy),50000000,95000000,Eurasia,
2026-04-26,Eastern Carrier 94,214550303,Pakistan,Privileged,Passed,0,No,LNG Carrier,Hidden/Private,N/A (Exempt/Diplomatic),220000000,0.05,110000,0,0,0,110000,Light (Cooperative),200000000,420000000,Asia,0.03235294117647059
2026-04-26,Eastern Star 49,509128512,USA,Blocked,Rerouted,0,Yes (Cape of Good Hope),Bulk Carrier,Rotterdam,N/A (Exempt/Diplomatic),45000000,0.15,67500,12,480,607200,674700,None,50000000,95000000,North America,
2026-04-26,Ocean Trader 18,415128168,Norway,Blocked,Rerouted,0,Yes (Cape of Good Hope),Crude Oil Tanker,Mumbai,N/A (Exempt/Diplomatic),140000000,0.15,210000,12,1200,1548000,1758000,None,240000000,380000000,Europe,0.879
2026-04-26,Golden Spirit 18,471635630,Liberia,Taxed,Passed,2000000,No,Bulk Carrier,Houston,Other Non-USD,45000000,1.25,562500,0,0,0,2562500,None,50000000,95000000,Africa,
2026-04-26,Red Star 73,656851825,Liberia,Taxed,Rerouted,0,Yes (Cape of Good Hope),Crude Oil Tanker,Singapore,N/A (Exempt/Diplomatic),140000000,0.15,210000,12,1200,1548000,1758000,None,240000000,380000000,Africa,0.879
2026-04-26,Ocean Express 48,656497707,Iran,Privileged,Passed,0,No,Container Ship,Hidden/Private,N/A (Exempt/Diplomatic),110000000,0.05,55000,0,0,0,55000,Internal (IRGC Navy),150000000,260000000,Asia,3.6666666666666665
2026-04-26,Golden Trader 56,287324253,Marshall Islands,Taxed,Passed,2000000,No,Crude Oil Tanker,Singapore,Other Non-USD,140000000,1.25,1750000,0,0,0,3750000,None,240000000,380000000,Oceania,1.875
2026-04-26,Global Spirit 46,284689687,Israel,Blocked,Blocked/Waiting (Anchored off Oman),0,No,LNG Carrier,Mumbai,N/A (Exempt/Diplomatic),220000000,0.5,1100000,0,0,0,1100000,None,200000000,420000000,Asia,0.3235294117647059
2026-04-26,Global Express 62,462303235,UAE,Taxed,Rerouted,0,Yes (Cape of Good Hope),Crude Oil Tanker,Houston,N/A (Exempt/Diplomatic),140000000,0.15,210000,12,1200,1548000,1758000,None,240000000,380000000,Asia,0.879
2026-04-26,Iron Carrier 97,586241038,India,Taxed,Passed,2000000,No,Crude Oil Tanker,Ningbo,Other Non-USD,140000000,1.25,1750000,0,0,0,3750000,None,240000000,380000000,Asia,1.875
2026-04-26,Golden Carrier 98,299401567,India,Taxed,Passed,2000000,No,Crude Oil Tanker,Rotterdam,Other Non-USD,140000000,1.25,1750000,0,0,0,3750000,None,240000000,380000000,Asia,1.875
2026-04-26,Ocean Trader 40,289287596,UK,Blocked,Blocked/Waiting (Anchored off Oman),0,No,Crude Oil Tanker,Ningbo,N/A (Exempt/Diplomatic),140000000,0.5,700000,0,0,0,700000,None,240000000,380000000,Europe,0.35
2026-04-26,Iron Spirit 20,659195204,UAE,Taxed,Rerouted,0,Yes (Cape of Good Hope),Bulk Carrier,Singapore,N/A (Exempt/Diplomatic),45000000,0.15,67500,12,480,607200,674700,None,50000000,95000000,Asia,
2026-04-26,Northern Leader 37,664205646,USA,Blocked,Blocked/Waiting (Anchored off Oman),0,No,LNG Carrier,Rotterdam,N/A (Exempt/Diplomatic),220000000,0.5,1100000,0,0,0,1100000,None,200000000,420000000,North America,0.3235294117647059
2026-04-26,Global Carrier 50,314153005,Norway,Blocked,Rerouted,0,Yes (Cape of Good Hope),Container Ship,Ningbo,N/A (Exempt/Diplomatic),110000000,0.15,165000,12,1800,2022000,2187000,None,150000000,260000000,Europe,145.8
2026-04-26,Eastern Spirit 22,647013948,India,Taxed,Passed,2000000,No,Container Ship,Mumbai,Other Non-USD,110000000,1.25,1375000,0,0,0,3375000,None,150000000,260000000,Asia,225.0
2026-04-26,Eastern Star 59,404880292,Israel,Blocked,Rerouted,0,Yes (Cape of Good Hope),Crude Oil Tanker,Houston,N/A (Exempt/Diplomatic),140000000,0.15,210000,12,1200,1548000,1758000,None,240000000,380000000,Asia,0.879
2026-04-26,Global Leader 95,403552071,Greece,Taxed,Passed,2000000,No,Crude Oil Tanker,Ningbo,Tether (USDT) / Yuan,140000000,1.25,1750000,0,0,0,3750000,None,240000000,380000000,Europe,1.875
2026-04-26,Global Express 18,619421299,Russia,Privileged,Passed,0,No,LNG Carrier,Hidden/Private,N/A (Exempt/Diplomatic),220000000,0.05,110000,0,0,0,110000,Heavy (PLAN/RF Navy),200000000,420000000,Eurasia,0.03235294117647059
2026-04-26,Northern Star 79,227963244,Marshall Islands,Taxed,Passed,2000000,No,Crude Oil Tanker,Singapore,Other Non-USD,140000000,1.25,1750000,0,0,0,3750000,None,240000000,380000000,Oceania,1.875
2026-04-26,Global Star 34,369408512,Iran,Privileged,Passed,0,No,Crude Oil Tanker,Hidden/Private,N/A (Exempt/Diplomatic),140000000,0.05,70000,0,0,0,70000,Internal (IRGC Navy),240000000,380000000,Asia,0.035
2026-04-26,Ocean Express 78,267958709,Turkey,Taxed,Passed,2000000,No,Bulk Carrier,Mumbai,Other Non-USD,45000000,1.25,562500,0,0,0,2562500,None,50000000,95000000,Asia,
2026-04-26,Golden Spirit 88,633898650,Norway,Blocked,Rerouted,0,Yes (Cape of Good Hope),Container Ship,Rotterdam,N/A (Exempt/Diplomatic),110000000,0.15,165000,12,1800,2022000,2187000,None,150000000,260000000,Europe,145.8
2026-04-26,Ocean Leader 56,541227155,Israel,Blocked,Rerouted,0,Yes (Cape of Good Hope),Bulk Carrier,Houston,N/A (Exempt/Diplomatic),45000000,0.15,67500,12,480,607200,674700,None,50000000,95000000,Asia,
2026-04-26,Eastern Trader 98,307992155,Panama,Taxed,Passed,2000000,No,LNG Carrier,Singapore,Other Non-USD,220000000,1.25,2750000,0,0,0,4750000,None,200000000,420000000,North America,1.3970588235294117
2026-04-26,Eastern Spirit 80,662127581,China,Privileged,Passed,0,No,Bulk Carrier,Hidden/Private,N/A (Exempt/Diplomatic),45000000,0.05,22500,0,0,0,22500,Heavy (PLAN/RF Navy),50000000,95000000,Asia,
2026-04-26,Ocean Star 21,317380369,UAE,Taxed,Passed,2000000,No,Container Ship,Ningbo,Other Non-USD,110000000,1.25,1375000,0,0,0,3375000,None,150000000,260000000,Asia,225.0
2026-04-26,Iron Express 48,651867790,Germany,Blocked,Rerouted,0,Yes (Cape of Good Hope),LNG Carrier,Ningbo,N/A (Exempt/Diplomatic),220000000,0.15,330000,12,1800,2658000,2988000,None,200000000,420000000,Europe,0.8788235294117647
2026-04-26,Golden Express 79,246674928,UK,Blocked,Rerouted,0,Yes (Cape of Good Hope),Container Ship,Rotterdam,N/A (Exempt/Diplomatic),110000000,0.15,165000,12,1800,2022000,2187000,None,150000000,260000000,Europe,145.8
2026-04-26,Iron Star 78,611154230,Iraq,Privileged,Passed,0,No,LNG Carrier,Hidden/Private,N/A (Exempt/Diplomatic),220000000,0.05,110000,0,0,0,110000,Light (Cooperative),200000000,420000000,Asia,0.03235294117647059
2026-04-27,Eastern Star 49,509128512,USA,Blocked,Rerouted,0,Yes (Cape of Good Hope),Container Ship,Rotterdam,N/A (Exempt/Diplomatic),110000000,0.15,165000,12,1800,2022000,2187000,None,150000000,260000000,North America,145.8
2026-04-27,Eastern Star 76,302572638,Pakistan,Privileged,Passed,0,No,Crude Oil Tanker,Hidden/Private,N/A (Exempt/Diplomatic),140000000,0.05,70000,0,0,0,70000,Light (Cooperative),240000000,380000000,Asia,0.035
2026-04-27,Golden Express 79,246674928,UK,Blocked,Rerouted,0,Yes (Cape of Good Hope),LNG Carrier,Ningbo,N/A (Exempt/Diplomatic),220000000,0.15,330000,12,1800,2658000,2988000,None,200000000,420000000,Europe,0.8788235294117647
2026-04-27,Eastern Leader 42,686048824,Russia,Privileged,Passed,0,No,Bulk Carrier,Hidden/Private,N/A (Exempt/Diplomatic),45000000,0.05,22500,0,0,0,22500,Heavy (PLAN/RF Navy),50000000,95000000,Eurasia,
2026-04-27,Golden Star 13,598116895,Turkey,Taxed,Rerouted,0,Yes (Cape of Good Hope),Bulk Carrier,Singapore,N/A (Exempt/Diplomatic),45000000,0.15,67500,12,480,607200,674700,None,50000000,95000000,Asia,
2026-04-27,Red Titan 16,335548300,Norway,Blocked,Rerouted,0,Yes (Cape of Good Hope),Bulk Carrier,Mumbai,N/A (Exempt/Diplomatic),45000000,0.15,67500,12,480,607200,674700,None,50000000,95000000,Europe,
2026-04-27,Ocean Leader 56,541227155,Israel,Blocked,Rerouted,0,Yes (Cape of Good Hope),LNG Carrier,Rotterdam,N/A (Exempt/Diplomatic),220000000,0.15,330000,12,1800,2658000,2988000,None,200000000,420000000,Asia,0.8788235294117647
2026-04-27,Eastern Express 29,697015667,UAE,Taxed,Passed,2000000,No,LNG Carrier,Houston,Other Non-USD,220000000,1.25,2750000,0,0,0,4750000,None,200000000,420000000,Asia,1.3970588235294117
2026-04-27,Eastern Spirit 22,647013948,India,Taxed,Rerouted,0,Yes (Cape of Good Hope),Crude Oil Tanker,Ningbo,N/A (Exempt/Diplomatic),140000000,0.15,210000,12,1200,1548000,1758000,None,240000000,380000000,Asia,0.879
2026-04-27,Golden Carrier 98,299401567,India,Taxed,Passed,2000000,No,Bulk Carrier,Singapore,Other Non-USD,45000000,1.25,562500,0,0,0,2562500,None,50000000,95000000,Asia,
2026-04-27,Eastern Spirit 26,387372691,Pakistan,Privileged,Passed,0,No,Crude Oil Tanker,Hidden/Private,N/A (Exempt/Diplomatic),140000000,0.05,70000,0,0,0,70000,Light (Cooperative),240000000,380000000,Asia,0.035
2026-04-27,Red Titan 27,473549845,Norway,Blocked,Rerouted,0,Yes (Cape of Good Hope),LNG Carrier,Singapore,N/A (Exempt/Diplomatic),220000000,0.15,330000,12,1800,2658000,2988000,None,200000000,420000000,Europe,0.8788235294117647
2026-04-27,Global Trader 70,633521651,UK,Blocked,Rerouted,0,Yes (Cape of Good Hope),Bulk Carrier,Rotterdam,N/A (Exempt/Diplomatic),45000000,0.15,67500,12,480,607200,674700,None,50000000,95000000,Europe,
2026-04-27,Iron Titan 91,348880396,Germany,Blocked,Rerouted,0,Yes (Cape of Good Hope),Bulk Carrier,Houston,N/A (Exempt/Diplomatic),45000000,0.15,67500,12,480,607200,674700,None,50000000,95000000,Europe,
2026-04-27,Ocean Express 79,648838894,China,Privileged,Passed,0,No,Crude Oil Tanker,Hidden/Private,N/A (Exempt/Diplomatic),140000000,0.05,70000,0,0,0,70000,Heavy (PLAN/RF Navy),240000000,380000000,Asia,0.035
2026-04-27,Ocean Star 86,433304641,Marshall Islands,Taxed,Rerouted,0,Yes (Cape of Good Hope),Bulk Carrier,Ningbo,N/A (Exempt/Diplomatic),45000000,0.15,67500,12,480,607200,674700,None,50000000,95000000,Oceania,
2026-04-27,Northern Leader 90,509060961,India,Taxed,Rerouted,0,Yes (Cape of Good Hope),LNG Carrier,Mumbai,N/A (Exempt/Diplomatic),220000000,0.15,330000,12,1800,2658000,2988000,None,200000000,420000000,Asia,0.8788235294117647
2026-04-27,Iron Star 58,349235943,Israel,Blocked,Rerouted,0,Yes (Cape of Good Hope),Crude Oil Tanker,Mumbai,N/A (Exempt/Diplomatic),140000000,0.15,210000,12,1200,1548000,1758000,None,240000000,380000000,Asia,0.879
2026-04-27,Eastern Titan 29,400743469,Greece,Taxed,Rerouted,0,Yes (Cape of Good Hope),LNG Carrier,Rotterdam,N/A (Exempt/Diplomatic),220000000,0.15,330000,12,1800,2658000,2988000,None,200000000,420000000,Europe,0.8788235294117647
2026-04-27,Golden Trader 40,416775349,Iran,Privileged,Passed,0,No,Container Ship,Hidden/Private,N/A (Exempt/Diplomatic),110000000,0.05,55000,0,0,0,55000,Internal (IRGC Navy),150000000,260000000,Asia,3.6666666666666665
2026-04-27,Northern Express 68,276703600,Turkey,Taxed,Passed,2000000,No,LNG Carrier,Rotterdam,Other Non-USD,220000000,1.25,2750000,0,0,0,4750000,None,200000000,420000000,Asia,1.3970588235294117
2026-04-27,Golden Leader 78,267015535,USA,Blocked,Rerouted,0,Yes (Cape of Good Hope),LNG Carrier,Rotterdam,N/A (Exempt/Diplomatic),220000000,0.15,330000,12,1800,2658000,2988000,None,200000000,420000000,North America,0.8788235294117647
2026-04-27,Global Trader 19,437904006,Iran,Privileged,Passed,0,No,Crude Oil Tanker,Hidden/Private,N/A (Exempt/Diplomatic),140000000,0.05,70000,0,0,0,70000,Internal (IRGC Navy),240000000,380000000,Asia,0.035
2026-04-27,Eastern Trader 74,429104699,Israel,Blocked,Rerouted,0,Yes (Cape of Good Hope),LNG Carrier,Ningbo,N/A (Exempt/Diplomatic),220000000,0.15,330000,12,1800,2658000,2988000,None,200000000,420000000,Asia,0.8788235294117647
2026-04-27,Northern Express 78,377784731,China,Privileged,Passed,0,No,LNG Carrier,Hidden/Private,N/A (Exempt/Diplomatic),220000000,0.05,110000,0,0,0,110000,Heavy (PLAN/RF Navy),200000000,420000000,Asia,0.03235294117647059
2026-04-27,Red Trader 81,674666203,UK,Blocked,Blocked/Waiting (Anchored off Oman),0,No,Bulk Carrier,Rotterdam,N/A (Exempt/Diplomatic),45000000,0.5,225000,0,0,0,225000,None,50000000,95000000,Europe,
2026-04-27,Eastern Carrier 48,418009946,China,Privileged,Passed,0,No,Bulk Carrier,Hidden/Private,N/A (Exempt/Diplomatic),45000000,0.05,22500,0,0,0,22500,Heavy (PLAN/RF Navy),50000000,95000000,Asia,
2026-04-27,Iron Spirit 61,343742291,Pakistan,Privileged,Passed,0,No,Crude Oil Tanker,Hidden/Private,N/A (Exempt/Diplomatic),140000000,0.05,70000,0,0,0,70000,Light (Cooperative),240000000,380000000,Asia,0.035
2026-04-27,Golden Titan 69,693675149,Iraq,Privileged,Passed,0,No,Crude Oil Tanker,Hidden/Private,N/A (Exempt/Diplomatic),140000000,0.05,70000,0,0,0,70000,Light (Cooperative),240000000,380000000,Asia,0.035
2026-04-27,Global Titan 81,489361229,Turkey,Taxed,Passed,2000000,No,LNG Carrier,Singapore,Other Non-USD,220000000,1.25,2750000,0,0,0,4750000,None,200000000,420000000,Asia,1.3970588235294117
2026-04-27,Global Titan 99,478076450,Israel,Blocked,Blocked/Waiting (Anchored off Oman),0,No,Crude Oil Tanker,Mumbai,N/A (Exempt/Diplomatic),140000000,0.5,700000,0,0,0,700000,None,240000000,380000000,Asia,0.35
2026-04-27,Eastern Trader 32,472559523,Iran,Privileged,Passed,0,No,Crude Oil Tanker,Hidden/Private,N/A (Exempt/Diplomatic),140000000,0.05,70000,0,0,0,70000,Internal (IRGC Navy),240000000,380000000,Asia,0.035
2026-04-28,Ocean Carrier 47,645283238,Marshall Islands,Taxed,Rerouted,0,Yes (Cape of Good Hope),Bulk Carrier,Singapore,N/A (Exempt/Diplomatic),45000000,0.15,67500,12,480,607200,674700,None,50000000,95000000,Oceania,
2026-04-28,Red Carrier 87,427170451,India,Taxed,Rerouted,0,Yes (Cape of Good Hope),LNG Carrier,Houston,N/A (Exempt/Diplomatic),220000000,0.15,330000,12,1800,2658000,2988000,None,200000000,420000000,Asia,0.8788235294117647
2026-04-28,Northern Titan 44,433987659,Norway,Blocked,Rerouted,0,Yes (Cape of Good Hope),Crude Oil Tanker,Singapore,N/A (Exempt/Diplomatic),140000000,0.15,210000,12,1200,1548000,1758000,None,240000000,380000000,Europe,0.879
2026-04-28,Ocean Express 65,200907996,Germany,Blocked,Rerouted,0,Yes (Cape of Good Hope),Bulk Carrier,Singapore,N/A (Exempt/Diplomatic),45000000,0.15,67500,12,480,607200,674700,None,50000000,95000000,Europe,
2026-04-28,Global Star 34,369408512,Iran,Privileged,Passed,0,No,Container Ship,Hidden/Private,N/A (Exempt/Diplomatic),110000000,0.05,55000,0,0,0,55000,Internal (IRGC Navy),150000000,260000000,Asia,3.6666666666666665
2026-04-28,Iron Leader 38,307144846,Israel,Blocked,Rerouted,0,Yes (Cape of Good Hope),Bulk Carrier,Singapore,N/A (Exempt/Diplomatic),45000000,0.15,67500,12,480,607200,674700,None,50000000,95000000,Asia,
2026-04-28,Global Titan 93,569164473,China,Privileged,Passed,0,No,Bulk Carrier,Hidden/Private,N/A (Exempt/Diplomatic),45000000,0.05,22500,0,0,0,22500,Heavy (PLAN/RF Navy),50000000,95000000,Asia,
2026-04-28,Iron Trader 30,574810735,UK,Blocked,Rerouted,0,Yes (Cape of Good Hope),Bulk Carrier,Houston,N/A (Exempt/Diplomatic),45000000,0.15,67500,12,480,607200,674700,None,50000000,95000000,Europe,
2026-04-28,Iron Titan 32,673206722,UK,Blocked,Rerouted,0,Yes (Cape of Good Hope),Bulk Carrier,Rotterdam,N/A (Exempt/Diplomatic),45000000,0.15,67500,12,480,607200,674700,None,50000000,95000000,Europe,
2026-04-28,Red Star 73,656851825,Liberia,Taxed,Passed,2000000,No,Container Ship,Houston,Other Non-USD,110000000,1.25,1375000,0,0,0,3375000,None,150000000,260000000,Africa,225.0
2026-04-28,Ocean Leader 83,302047765,Turkey,Taxed,Passed,2000000,No,LNG Carrier,Ningbo,Other Non-USD,220000000,1.25,2750000,0,0,0,4750000,None,200000000,420000000,Asia,1.3970588235294117
2026-04-28,Eastern Trader 98,307992155,Panama,Taxed,Rerouted,0,Yes (Cape of Good Hope),LNG Carrier,Mumbai,N/A (Exempt/Diplomatic),220000000,0.15,330000,12,1800,2658000,2988000,None,200000000,420000000,North America,0.8788235294117647
2026-04-28,Ocean Star 98,685292957,Iraq,Privileged,Passed,0,No,Crude Oil Tanker,Hidden/Private,N/A (Exempt/Diplomatic),140000000,0.05,70000,0,0,0,70000,Light (Cooperative),240000000,380000000,Asia,0.035
2026-04-28,Red Leader 62,450731958,Russia,Privileged,Passed,0,No,LNG Carrier,Hidden/Private,N/A (Exempt/Diplomatic),220000000,0.05,110000,0,0,0,110000,Heavy (PLAN/RF Navy),200000000,420000000,Eurasia,0.03235294117647059
2026-04-28,Ocean Spirit 12,515845836,UAE,Taxed,Passed,2000000,No,Container Ship,Mumbai,Other Non-USD,110000000,1.25,1375000,0,0,0,3375000,None,150000000,260000000,Asia,225.0
2026-04-28,Ocean Trader 33,236787109,Pakistan,Privileged,Passed,0,No,LNG Carrier,Hidden/Private,N/A (Exempt/Diplomatic),220000000,0.05,110000,0,0,0,110000,Light (Cooperative),200000000,420000000,Asia,0.03235294117647059
2026-04-28,Golden Trader 40,416775349,Iran,Privileged,Passed,0,No,LNG Carrier,Hidden/Private,N/A (Exempt/Diplomatic),220000000,0.05,110000,0,0,0,110000,Internal (IRGC Navy),200000000,420000000,Asia,0.03235294117647059
2026-04-28,Golden Spirit 74,366045938,UK,Blocked,Rerouted,0,Yes (Cape of Good Hope),Bulk Carrier,Mumbai,N/A (Exempt/Diplomatic),45000000,0.15,67500,12,480,607200,674700,None,50000000,95000000,Europe,
2026-04-28,Eastern Spirit 72,210456496,Iran,Privileged,Passed,0,No,Crude Oil Tanker,Hidden/Private,N/A (Exempt/Diplomatic),140000000,0.05,70000,0,0,0,70000,Internal (IRGC Navy),240000000,380000000,Asia,0.035
2026-04-28,Red Spirit 29,315595695,Liberia,Taxed,Passed,2000000,No,Bulk Carrier,Houston,Other Non-USD,45000000,1.25,562500,0,0,0,2562500,None,50000000,95000000,Africa,
2026-04-28,Iron Star 41,307030950,China,Privileged,Passed,0,No,LNG Carrier,Hidden/Private,N/A (Exempt/Diplomatic),220000000,0.05,110000,0,0,0,110000,Heavy (PLAN/RF Navy),200000000,420000000,Asia,0.03235294117647059
2026-04-28,Eastern Titan 40,267764370,Norway,Blocked,Rerouted,0,Yes (Cape of Good Hope),LNG Carrier,Singapore,N/A (Exempt/Diplomatic),220000000,0.15,330000,12,1800,2658000,2988000,None,200000000,420000000,Europe,0.8788235294117647
2026-04-28,Golden Leader 92,582167480,Norway,Blocked,Rerouted,0,Yes (Cape of Good Hope),LNG Carrier,Singapore,N/A (Exempt/Diplomatic),220000000,0.15,330000,12,1800,2658000,2988000,None,200000000,420000000,Europe,0.8788235294117647
2026-04-28,Northern Leader 37,664205646,USA,Blocked,Rerouted,0,Yes (Cape of Good Hope),Crude Oil Tanker,Ningbo,N/A (Exempt/Diplomatic),140000000,0.15,210000,12,1200,1548000,1758000,None,240000000,380000000,North America,0.879
2026-04-28,Iron Carrier 15,386403601,UK,Blocked,Rerouted,0,Yes (Cape of Good Hope),Crude Oil Tanker,Houston,N/A (Exempt/Diplomatic),140000000,0.15,210000,12,1200,1548000,1758000,None,240000000,380000000,Europe,0.879
2026-04-28,Global Spirit 60,270264740,Panama,Taxed,Passed,2000000,No,Bulk Carrier,Houston,Other Non-USD,45000000,1.25,562500,0,0,0,2562500,None,50000000,95000000,North America,
2026-04-28,Eastern Spirit 70,457007733,Israel,Blocked,Rerouted,0,Yes (Cape of Good Hope),LNG Carrier,Mumbai,N/A (Exempt/Diplomatic),220000000,0.15,330000,12,1800,2658000,2988000,None,200000000,420000000,Asia,0.8788235294117647
2026-04-28,Northern Express 78,377784731,China,Privileged,Passed,0,No,LNG Carrier,Hidden/Private,N/A (Exempt/Diplomatic),220000000,0.05,110000,0,0,0,110000,Heavy (PLAN/RF Navy),200000000,420000000,Asia,0.03235294117647059
2026-04-28,Golden Titan 18,422730506,UK,Blocked,Blocked/Waiting (Anchored off Oman),0,No,Bulk Carrier,Rotterdam,N/A (Exempt/Diplomatic),45000000,0.5,225000,0,0,0,225000,None,50000000,95000000,Europe,
2026-04-28,Ocean Trader 40,561204424,Panama,Taxed,Rerouted,0,Yes (Cape of Good Hope),LNG Carrier,Rotterdam,N/A (Exempt/Diplomatic),220000000,0.15,330000,12,1800,2658000,2988000,None,200000000,420000000,North America,0.8788235294117647
2026-04-29,Eastern Express 31,486764160,UAE,Taxed,Passed,2000000,No,Container Ship,Houston,Other Non-USD,110000000,1.25,1375000,0,0,0,3375000,None,150000000,260000000,Asia,225.0
2026-04-29,Red Trader 81,674666203,UK,Blocked,Rerouted,0,Yes (Cape of Good Hope),Bulk Carrier,Houston,N/A (Exempt/Diplomatic),45000000,0.15,67500,12,480,607200,674700,None,50000000,95000000,Europe,
2026-04-29,Northern Trader 12,249957637,Panama,Taxed,Rerouted,0,Yes (Cape of Good Hope),Crude Oil Tanker,Singapore,N/A (Exempt/Diplomatic),140000000,0.15,210000,12,1200,1548000,1758000,None,240000000,380000000,North America,0.879
2026-04-29,Golden Titan 65,294562809,Germany,Blocked,Rerouted,0,Yes (Cape of Good Hope),Crude Oil Tanker,Ningbo,N/A (Exempt/Diplomatic),140000000,0.15,210000,12,1200,1548000,1758000,None,240000000,380000000,Europe,0.879
2026-04-29,Iron Leader 38,307144846,Israel,Blocked,Rerouted,0,Yes (Cape of Good Hope),Bulk Carrier,Ningbo,N/A (Exempt/Diplomatic),45000000,0.15,67500,12,480,607200,674700,None,50000000,95000000,Asia,
2026-04-29,Eastern Carrier 94,214550303,Pakistan,Privileged,Passed,0,No,Crude Oil Tanker,Hidden/Private,N/A (Exempt/Diplomatic),140000000,0.05,70000,0,0,0,70000,Light (Cooperative),240000000,380000000,Asia,0.035
2026-04-29,Golden Carrier 64,682014990,USA,Blocked,Blocked/Waiting (Anchored off Oman),0,No,Bulk Carrier,Singapore,N/A (Exempt/Diplomatic),45000000,0.5,225000,0,0,0,225000,None,50000000,95000000,North America,
2026-04-29,Ocean Express 64,645252867,Turkey,Taxed,Rerouted,0,Yes (Cape of Good Hope),LNG Carrier,Ningbo,N/A (Exempt/Diplomatic),220000000,0.15,330000,12,1800,2658000,2988000,None,200000000,420000000,Asia,0.8788235294117647
2026-04-29,Eastern Carrier 22,239331548,India,Taxed,Passed,2000000,No,Bulk Carrier,Mumbai,Other Non-USD,45000000,1.25,562500,0,0,0,2562500,None,50000000,95000000,Asia,
2026-04-29,Global Spirit 24,677660874,Iran,Privileged,Passed,0,No,Crude Oil Tanker,Hidden/Private,N/A (Exempt/Diplomatic),140000000,0.05,70000,0,0,0,70000,Internal (IRGC Navy),240000000,380000000,Asia,0.035
2026-04-29,Eastern Trader 32,472559523,Iran,Privileged,Passed,0,No,Crude Oil Tanker,Hidden/Private,N/A (Exempt/Diplomatic),140000000,0.05,70000,0,0,0,70000,Internal (IRGC Navy),240000000,380000000,Asia,0.035
2026-04-29,Global Carrier 20,245984845,Norway,Blocked,Rerouted,0,Yes (Cape of Good Hope),Container Ship,Singapore,N/A (Exempt/Diplomatic),110000000,0.15,165000,12,1800,2022000,2187000,None,150000000,260000000,Europe,145.8
2026-04-29,Global Express 71,348444607,Germany,Blocked,Blocked/Waiting (Anchored off Oman),0,No,Container Ship,Singapore,N/A (Exempt/Diplomatic),110000000,0.5,550000,0,0,0,550000,None,150000000,260000000,Europe,36.666666666666664
2026-04-29,Iron Carrier 97,586241038,India,Taxed,Passed,2000000,No,Bulk Carrier,Houston,Other Non-USD,45000000,1.25,562500,0,0,0,2562500,None,50000000,95000000,Asia,
2026-04-29,Northern Express 35,240800296,UAE,Taxed,Passed,2000000,No,Container Ship,Houston,Other Non-USD,110000000,1.25,1375000,0,0,0,3375000,None,150000000,260000000,Asia,225.0
2026-04-29,Ocean Titan 70,528175214,Pakistan,Privileged,Passed,0,No,LNG Carrier,Hidden/Private,N/A (Exempt/Diplomatic),220000000,0.05,110000,0,0,0,110000,Light (Cooperative),200000000,420000000,Asia,0.03235294117647059
2026-04-29,Golden Spirit 18,471635630,Liberia,Taxed,Rerouted,0,Yes (Cape of Good Hope),Crude Oil Tanker,Rotterdam,N/A (Exempt/Diplomatic),140000000,0.15,210000,12,1200,1548000,1758000,None,240000000,380000000,Africa,0.879
2026-04-29,Ocean Express 80,360727741,Iran,Privileged,Passed,0,No,Bulk Carrier,Hidden/Private,N/A (Exempt/Diplomatic),45000000,0.05,22500,0,0,0,22500,Internal (IRGC Navy),50000000,95000000,Asia,
2026-04-29,Eastern Trader 98,307992155,Panama,Taxed,Rerouted,0,Yes (Cape of Good Hope),Bulk Carrier,Rotterdam,N/A (Exempt/Diplomatic),45000000,0.15,67500,12,480,607200,674700,None,50000000,95000000,North America,
2026-04-29,Iron Trader 83,404215510,Norway,Blocked,Rerouted,0,Yes (Cape of Good Hope),LNG Carrier,Singapore,N/A (Exempt/Diplomatic),220000000,0.15,330000,12,1800,2658000,2988000,None,200000000,420000000,Europe,0.8788235294117647
2026-04-29,Eastern Star 76,302572638,Pakistan,Privileged,Passed,0,No,LNG Carrier,Hidden/Private,N/A (Exempt/Diplomatic),220000000,0.05,110000,0,0,0,110000,Light (Cooperative),200000000,420000000,Asia,0.03235294117647059
2026-04-29,Iron Star 41,307030950,China,Privileged,Passed,0,No,Crude Oil Tanker,Hidden/Private,N/A (Exempt/Diplomatic),140000000,0.05,70000,0,0,0,70000,Heavy (PLAN/RF Navy),240000000,380000000,Asia,0.035
2026-04-29,Eastern Star 57,512732442,Iraq,Privileged,Passed,0,No,Crude Oil Tanker,Hidden/Private,N/A (Exempt/Diplomatic),140000000,0.05,70000,0,0,0,70000,Light (Cooperative),240000000,380000000,Asia,0.035
2026-04-29,Global Titan 34,487916220,Israel,Blocked,Rerouted,0,Yes (Cape of Good Hope),Container Ship,Rotterdam,N/A (Exempt/Diplomatic),110000000,0.15,165000,12,1800,2022000,2187000,None,150000000,260000000,Asia,145.8
2026-04-29,Golden Spirit 88,633898650,Norway,Blocked,Rerouted,0,Yes (Cape of Good Hope),LNG Carrier,Houston,N/A (Exempt/Diplomatic),220000000,0.15,330000,12,1800,2658000,2988000,None,200000000,420000000,Europe,0.8788235294117647
2026-04-29,Red Titan 16,335548300,Norway,Blocked,Blocked/Waiting (Anchored off Oman),0,No,LNG Carrier,Rotterdam,N/A (Exempt/Diplomatic),220000000,0.5,1100000,0,0,0,1100000,None,200000000,420000000,Europe,0.3235294117647059
2026-04-29,Global Leader 98,330623464,Panama,Taxed,Rerouted,0,Yes (Cape of Good Hope),LNG Carrier,Ningbo,N/A (Exempt/Diplomatic),220000000,0.15,330000,12,1800,2658000,2988000,None,200000000,420000000,North America,0.8788235294117647
2026-04-29,Eastern Express 29,697015667,UAE,Taxed,Passed,2000000,No,Bulk Carrier,Mumbai,Other Non-USD,45000000,1.25,562500,0,0,0,2562500,None,50000000,95000000,Asia,
2026-04-29,Eastern Spirit 26,387372691,Pakistan,Privileged,Passed,0,No,Bulk Carrier,Hidden/Private,N/A (Exempt/Diplomatic),45000000,0.05,22500,0,0,0,22500,Light (Cooperative),50000000,95000000,Asia,
2026-04-29,Global Spirit 60,270264740,Panama,Taxed,Rerouted,0,Yes (Cape of Good Hope),Crude Oil Tanker,Singapore,N/A (Exempt/Diplomatic),140000000,0.15,210000,12,1200,1548000,1758000,None,240000000,380000000,North America,0.879
2026-04-29,Iron Express 53,259889117,Panama,Taxed,Passed,2000000,No,Container Ship,Ningbo,Other Non-USD,110000000,1.25,1375000,0,0,0,3375000,None,150000000,260000000,North America,225.0
2026-04-29,Northern Express 93,400478606,Israel,Blocked,Rerouted,0,Yes (Cape of Good Hope),Crude Oil Tanker,Singapore,N/A (Exempt/Diplomatic),140000000,0.15,210000,12,1200,1548000,1758000,None,240000000,380000000,Asia,0.879
2026-04-30,Golden Titan 65,294562809,Germany,Blocked,Rerouted,0,Yes (Cape of Good Hope),Container Ship,Rotterdam,N/A (Exempt/Diplomatic),110000000,0.15,165000,12,1800,2022000,2187000,None,150000000,260000000,Europe,145.8
2026-04-30,Golden Spirit 57,290081110,Iran,Privileged,Passed,0,No,Bulk Carrier,Hidden/Private,N/A (Exempt/Diplomatic),45000000,0.05,22500,0,0,0,22500,Internal (IRGC Navy),50000000,95000000,Asia,
2026-04-30,Global Leader 51,381194227,USA,Blocked,Rerouted,0,Yes (Cape of Good Hope),Bulk Carrier,Ningbo,N/A (Exempt/Diplomatic),45000000,0.15,67500,12,480,607200,674700,None,50000000,95000000,North America,
2026-04-30,Ocean Trader 40,561204424,Panama,Taxed,Passed,2000000,No,Crude Oil Tanker,Ningbo,Other Non-USD,140000000,1.25,1750000,0,0,0,3750000,None,240000000,380000000,North America,1.875
2026-04-30,Global Carrier 26,588346949,Norway,Blocked,Rerouted,0,Yes (Cape of Good Hope),Crude Oil Tanker,Rotterdam,N/A (Exempt/Diplomatic),140000000,0.15,210000,12,1200,1548000,1758000,None,240000000,380000000,Europe,0.879
2026-04-30,Global Titan 81,489361229,Turkey,Taxed,Passed,2000000,No,Container Ship,Houston,Other Non-USD,110000000,1.25,1375000,0,0,0,3375000,None,150000000,260000000,Asia,225.0
2026-04-30,Global Leader 85,349352498,China,Privileged,Passed,0,No,LNG Carrier,Hidden/Private,N/A (Exempt/Diplomatic),220000000,0.05,110000,0,0,0,110000,Heavy (PLAN/RF Navy),200000000,420000000,Asia,0.03235294117647059
2026-04-30,Global Trader 70,633521651,UK,Blocked,Rerouted,0,Yes (Cape of Good Hope),Container Ship,Houston,N/A (Exempt/Diplomatic),110000000,0.15,165000,12,1800,2022000,2187000,None,150000000,260000000,Europe,145.8
2026-04-30,Red Carrier 87,427170451,India,Taxed,Passed,2000000,No,Container Ship,Houston,Other Non-USD,110000000,1.25,1375000,0,0,0,3375000,None,150000000,260000000,Asia,225.0
2026-04-30,Northern Express 35,240800296,UAE,Taxed,Passed,2000000,No,Container Ship,Mumbai,Other Non-USD,110000000,1.25,1375000,0,0,0,3375000,None,150000000,260000000,Asia,225.0
2026-04-30,Red Spirit 36,559556395,Liberia,Taxed,Rerouted,0,Yes (Cape of Good Hope),Crude Oil Tanker,Houston,N/A (Exempt/Diplomatic),140000000,0.15,210000,12,1200,1548000,1758000,None,240000000,380000000,Africa,0.879
2026-04-30,Golden Spirit 17,322969247,Russia,Privileged,Passed,0,No,LNG Carrier,Hidden/Private,N/A (Exempt/Diplomatic),220000000,0.05,110000,0,0,0,110000,Heavy (PLAN/RF Navy),200000000,420000000,Eurasia,0.03235294117647059
2026-04-30,Red Carrier 94,539807534,Liberia,Taxed,Rerouted,0,Yes (Cape of Good Hope),Container Ship,Ningbo,N/A (Exempt/Diplomatic),110000000,0.15,165000,12,1800,2022000,2187000,None,150000000,260000000,Africa,145.8
2026-04-30,Eastern Star 59,404880292,Israel,Blocked,Blocked/Waiting (Anchored off Oman),0,No,LNG Carrier,Ningbo,N/A (Exempt/Diplomatic),220000000,0.5,1100000,0,0,0,1100000,None,200000000,420000000,Asia,0.3235294117647059
2026-04-30,Eastern Spirit 26,387372691,Pakistan,Privileged,Passed,0,No,LNG Carrier,Hidden/Private,N/A (Exempt/Diplomatic),220000000,0.05,110000,0,0,0,110000,Light (Cooperative),200000000,420000000,Asia,0.03235294117647059
2026-04-30,Iron Leader 38,307144846,Israel,Blocked,Rerouted,0,Yes (Cape of Good Hope),Container Ship,Rotterdam,N/A (Exempt/Diplomatic),110000000,0.15,165000,12,1800,2022000,2187000,None,150000000,260000000,Asia,145.8
2026-04-30,Eastern Leader 31,553717803,Pakistan,Privileged,Passed,0,No,Container Ship,Hidden/Private,N/A (Exempt/Diplomatic),110000000,0.05,55000,0,0,0,55000,Light (Cooperative),150000000,260000000,Asia,3.6666666666666665
2026-04-30,Northern Leader 90,509060961,India,Taxed,Rerouted,0,Yes (Cape of Good Hope),LNG Carrier,Houston,N/A (Exempt/Diplomatic),220000000,0.15,330000,12,1800,2658000,2988000,None,200000000,420000000,Asia,0.8788235294117647
2026-04-30,Eastern Carrier 89,321164857,Germany,Blocked,Rerouted,0,Yes (Cape of Good Hope),Crude Oil Tanker,Rotterdam,N/A (Exempt/Diplomatic),140000000,0.15,210000,12,1200,1548000,1758000,None,240000000,380000000,Europe,0.879
2026-04-30,Eastern Express 79,232726345,Liberia,Taxed,Passed,2000000,No,Container Ship,Houston,Other Non-USD,110000000,1.25,1375000,0,0,0,3375000,None,150000000,260000000,Africa,225.0
2026-04-30,Northern Express 68,276703600,Turkey,Taxed,Passed,2000000,No,Bulk Carrier,Houston,Other Non-USD,45000000,1.25,562500,0,0,0,2562500,None,50000000,95000000,Asia,
2026-04-30,Ocean Express 48,656497707,Iran,Privileged,Passed,0,No,Container Ship,Hidden/Private,N/A (Exempt/Diplomatic),110000000,0.05,55000,0,0,0,55000,Internal (IRGC Navy),150000000,260000000,Asia,3.6666666666666665
2026-04-30,Global Titan 59,572561470,Iraq,Privileged,Passed,0,No,Crude Oil Tanker,Hidden/Private,N/A (Exempt/Diplomatic),140000000,0.05,70000,0,0,0,70000,Light (Cooperative),240000000,380000000,Asia,0.035
2026-04-30,Iron Express 41,343240225,Greece,Taxed,Passed,2000000,No,Container Ship,Rotterdam,Tether (USDT) / Yuan,110000000,1.25,1375000,0,0,0,3375000,None,150000000,260000000,Europe,225.0
2026-04-30,Ocean Spirit 12,515845836,UAE,Taxed,Passed,2000000,No,LNG Carrier,Houston,Other Non-USD,220000000,1.25,2750000,0,0,0,4750000,None,200000000,420000000,Asia,1.3970588235294117
2026-04-30,Global Express 41,558057151,Iran,Privileged,Passed,0,No,Crude Oil Tanker,Hidden/Private,N/A (Exempt/Diplomatic),140000000,0.05,70000,0,0,0,70000,Internal (IRGC Navy),240000000,380000000,Asia,0.035
2026-04-30,Iron Titan 32,673206722,UK,Blocked,Blocked/Waiting (Anchored off Oman),0,No,Crude Oil Tanker,Mumbai,N/A (Exempt/Diplomatic),140000000,0.5,700000,0,0,0,700000,None,240000000,380000000,Europe,0.35
2026-05-01,Northern Express 78,377784731,China,Privileged,Passed,0,No,Container Ship,Hidden/Private,N/A (Exempt/Diplomatic),110000000,0.05,55000,0,0,0,55000,Heavy (PLAN/RF Navy),150000000,260000000,Asia,3.6666666666666665
2026-05-01,Eastern Express 79,232726345,Liberia,Taxed,Passed,2000000,No,Crude Oil Tanker,Ningbo,Other Non-USD,140000000,1.25,1750000,0,0,0,3750000,None,240000000,380000000,Africa,1.875
2026-05-01,Ocean Titan 52,620040549,UK,Blocked,Rerouted,0,Yes (Cape of Good Hope),Container Ship,Mumbai,N/A (Exempt/Diplomatic),110000000,0.15,165000,12,1800,2022000,2187000,None,150000000,260000000,Europe,145.8
2026-05-01,Ocean Trader 63,641485549,Norway,Blocked,Rerouted,0,Yes (Cape of Good Hope),Container Ship,Houston,N/A (Exempt/Diplomatic),110000000,0.15,165000,12,1800,2022000,2187000,None,150000000,260000000,Europe,145.8
2026-05-01,Ocean Titan 70,528175214,Pakistan,Privileged,Passed,0,No,Crude Oil Tanker,Hidden/Private,N/A (Exempt/Diplomatic),140000000,0.05,70000,0,0,0,70000,Light (Cooperative),240000000,380000000,Asia,0.035
2026-05-01,Northern Titan 44,433987659,Norway,Blocked,Rerouted,0,Yes (Cape of Good Hope),LNG Carrier,Singapore,N/A (Exempt/Diplomatic),220000000,0.15,330000,12,1800,2658000,2988000,None,200000000,420000000,Europe,0.8788235294117647
2026-05-01,Northern Star 79,227963244,Marshall Islands,Taxed,Passed,2000000,No,Bulk Carrier,Rotterdam,Other Non-USD,45000000,1.25,562500,0,0,0,2562500,None,50000000,95000000,Oceania,
2026-05-01,Red Carrier 94,539807534,Liberia,Taxed,Passed,2000000,No,LNG Carrier,Rotterdam,Other Non-USD,220000000,1.25,2750000,0,0,0,4750000,None,200000000,420000000,Africa,1.3970588235294117
2026-05-01,Ocean Star 58,251924210,Marshall Islands,Taxed,Passed,2000000,No,Container Ship,Ningbo,Other Non-USD,110000000,1.25,1375000,0,0,0,3375000,None,150000000,260000000,Oceania,225.0
2026-05-01,Eastern Trader 98,307992155,Panama,Taxed,Passed,2000000,No,Crude Oil Tanker,Ningbo,Other Non-USD,140000000,1.25,1750000,0,0,0,3750000,None,240000000,380000000,North America,1.875
2026-05-01,Ocean Trader 33,236787109,Pakistan,Privileged,Passed,0,No,LNG Carrier,Hidden/Private,N/A (Exempt/Diplomatic),220000000,0.05,110000,0,0,0,110000,Light (Cooperative),200000000,420000000,Asia,0.03235294117647059
2026-05-01,Golden Titan 61,376234293,Turkey,Taxed,Passed,2000000,No,LNG Carrier,Rotterdam,Other Non-USD,220000000,1.25,2750000,0,0,0,4750000,None,200000000,420000000,Asia,1.3970588235294117
2026-05-01,Eastern Titan 29,400743469,Greece,Taxed,Rerouted,0,Yes (Cape of Good Hope),Container Ship,Rotterdam,N/A (Exempt/Diplomatic),110000000,0.15,165000,12,1800,2022000,2187000,None,150000000,260000000,Europe,145.8
2026-05-01,Eastern Titan 40,267764370,Norway,Blocked,Blocked/Waiting (Anchored off Oman),0,No,LNG Carrier,Mumbai,N/A (Exempt/Diplomatic),220000000,0.5,1100000,0,0,0,1100000,None,200000000,420000000,Europe,0.3235294117647059
2026-05-01,Eastern Spirit 70,457007733,Israel,Blocked,Rerouted,0,Yes (Cape of Good Hope),Container Ship,Houston,N/A (Exempt/Diplomatic),110000000,0.15,165000,12,1800,2022000,2187000,None,150000000,260000000,Asia,145.8
2026-05-01,Red Star 73,656851825,Liberia,Taxed,Passed,2000000,No,Crude Oil Tanker,Rotterdam,Other Non-USD,140000000,1.25,1750000,0,0,0,3750000,None,240000000,380000000,Africa,1.875
2026-05-01,Eastern Star 76,302572638,Pakistan,Privileged,Passed,0,No,LNG Carrier,Hidden/Private,N/A (Exempt/Diplomatic),220000000,0.05,110000,0,0,0,110000,Light (Cooperative),200000000,420000000,Asia,0.03235294117647059
2026-05-01,Red Spirit 39,319681170,China,Privileged,Passed,0,No,Bulk Carrier,Hidden/Private,N/A (Exempt/Diplomatic),45000000,0.05,22500,0,0,0,22500,Heavy (PLAN/RF Navy),50000000,95000000,Asia,
2026-05-01,Ocean Star 80,356839665,Iraq,Privileged,Passed,0,No,Container Ship,Hidden/Private,N/A (Exempt/Diplomatic),110000000,0.05,55000,0,0,0,55000,Light (Cooperative),150000000,260000000,Asia,3.6666666666666665
2026-05-01,Iron Leader 38,307144846,Israel,Blocked,Rerouted,0,Yes (Cape of Good Hope),LNG Carrier,Singapore,N/A (Exempt/Diplomatic),220000000,0.15,330000,12,1800,2658000,2988000,None,200000000,420000000,Asia,0.8788235294117647
2026-05-01,Eastern Titan 53,309305473,Turkey,Taxed,Passed,2000000,No,Bulk Carrier,Mumbai,Other Non-USD,45000000,1.25,562500,0,0,0,2562500,None,50000000,95000000,Asia,
2026-05-01,Red Spirit 86,576445159,Turkey,Taxed,Rerouted,0,Yes (Cape of Good Hope),Bulk Carrier,Rotterdam,N/A (Exempt/Diplomatic),45000000,0.15,67500,12,480,607200,674700,None,50000000,95000000,Asia,
2026-05-01,Ocean Express 79,648838894,China,Privileged,Passed,0,No,Bulk Carrier,Hidden/Private,N/A (Exempt/Diplomatic),45000000,0.05,22500,0,0,0,22500,Heavy (PLAN/RF Navy),50000000,95000000,Asia,
2026-05-01,Ocean Carrier 47,645283238,Marshall Islands,Taxed,Rerouted,0,Yes (Cape of Good Hope),Crude Oil Tanker,Ningbo,N/A (Exempt/Diplomatic),140000000,0.15,210000,12,1200,1548000,1758000,None,240000000,380000000,Oceania,0.879
2026-05-01,Golden Trader 72,255076321,China,Privileged,Passed,0,No,LNG Carrier,Hidden/Private,N/A (Exempt/Diplomatic),220000000,0.05,110000,0,0,0,110000,Heavy (PLAN/RF Navy),200000000,420000000,Asia,0.03235294117647059
2026-05-01,Ocean Star 84,455973885,Germany,Blocked,Blocked/Waiting (Anchored off Oman),0,No,LNG Carrier,Ningbo,N/A (Exempt/Diplomatic),220000000,0.5,1100000,0,0,0,1100000,None,200000000,420000000,Europe,0.3235294117647059
2026-05-01,Red Trader 81,674666203,UK,Blocked,Rerouted,0,Yes (Cape of Good Hope),Container Ship,Houston,N/A (Exempt/Diplomatic),110000000,0.15,165000,12,1800,2022000,2187000,None,150000000,260000000,Europe,145.8
2026-05-01,Golden Express 99,492563230,UK,Blocked,Rerouted,0,Yes (Cape of Good Hope),Crude Oil Tanker,Singapore,N/A (Exempt/Diplomatic),140000000,0.15,210000,12,1200,1548000,1758000,None,240000000,380000000,Europe,0.879
2026-05-01,Ocean Express 64,645252867,Turkey,Taxed,Passed,2000000,No,LNG Carrier,Houston,Other Non-USD,220000000,1.25,2750000,0,0,0,4750000,None,200000000,420000000,Asia,1.3970588235294117
2026-05-01,Eastern Carrier 22,239331548,India,Taxed,Passed,2000000,No,LNG Carrier,Mumbai,Other Non-USD,220000000,1.25,2750000,0,0,0,4750000,None,200000000,420000000,Asia,1.3970588235294117
2026-05-01,Global Spirit 46,284689687,Israel,Blocked,Rerouted,0,Yes (Cape of Good Hope),Bulk Carrier,Mumbai,N/A (Exempt/Diplomatic),45000000,0.15,67500,12,480,607200,674700,None,50000000,95000000,Asia,
2026-05-01,Golden Trader 40,416775349,Iran,Privileged,Passed,0,No,Container Ship,Hidden/Private,N/A (Exempt/Diplomatic),110000000,0.05,55000,0,0,0,55000,Internal (IRGC Navy),150000000,260000000,Asia,3.6666666666666665
2026-05-02,Eastern Carrier 48,418009946,China,Privileged,Passed,0,No,Bulk Carrier,Hidden/Private,N/A (Exempt/Diplomatic),45000000,0.05,22500,0,0,0,22500,Heavy (PLAN/RF Navy),50000000,95000000,Asia,
2026-05-02,Red Trader 68,353142014,UK,Blocked,Rerouted,0,Yes (Cape of Good Hope),LNG Carrier,Rotterdam,N/A (Exempt/Diplomatic),220000000,0.15,330000,12,1800,2658000,2988000,None,200000000,420000000,Europe,0.8788235294117647
2026-05-02,Golden Express 92,252837693,Russia,Privileged,Passed,0,No,Container Ship,Hidden/Private,N/A (Exempt/Diplomatic),110000000,0.05,55000,0,0,0,55000,Heavy (PLAN/RF Navy),150000000,260000000,Eurasia,3.6666666666666665
2026-05-02,Northern Leader 66,562724611,India,Taxed,Passed,2000000,No,LNG Carrier,Rotterdam,Other Non-USD,220000000,1.25,2750000,0,0,0,4750000,None,200000000,420000000,Asia,1.3970588235294117
2026-05-02,Eastern Carrier 22,239331548,India,Taxed,Passed,2000000,No,Bulk Carrier,Mumbai,Other Non-USD,45000000,1.25,562500,0,0,0,2562500,None,50000000,95000000,Asia,
2026-05-02,Global Trader 69,505935698,USA,Blocked,Blocked/Waiting (Anchored off Oman),0,No,Container Ship,Singapore,N/A (Exempt/Diplomatic),110000000,0.5,550000,0,0,0,550000,None,150000000,260000000,North America,36.666666666666664
2026-05-02,Eastern Trader 74,429104699,Israel,Blocked,Rerouted,0,Yes (Cape of Good Hope),LNG Carrier,Mumbai,N/A (Exempt/Diplomatic),220000000,0.15,330000,12,1800,2658000,2988000,None,200000000,420000000,Asia,0.8788235294117647
2026-05-02,Golden Star 82,317018823,Israel,Blocked,Rerouted,0,Yes (Cape of Good Hope),LNG Carrier,Houston,N/A (Exempt/Diplomatic),220000000,0.15,330000,12,1800,2658000,2988000,None,200000000,420000000,Asia,0.8788235294117647
2026-05-02,Iron Leader 38,307144846,Israel,Blocked,Rerouted,0,Yes (Cape of Good Hope),Container Ship,Mumbai,N/A (Exempt/Diplomatic),110000000,0.15,165000,12,1800,2022000,2187000,None,150000000,260000000,Asia,145.8
2026-05-02,Eastern Carrier 13,686903727,USA,Blocked,Rerouted,0,Yes (Cape of Good Hope),LNG Carrier,Houston,N/A (Exempt/Diplomatic),220000000,0.15,330000,12,1800,2658000,2988000,None,200000000,420000000,North America,0.8788235294117647
2026-05-02,Red Titan 27,473549845,Norway,Blocked,Rerouted,0,Yes (Cape of Good Hope),Crude Oil Tanker,Singapore,N/A (Exempt/Diplomatic),140000000,0.15,210000,12,1200,1548000,1758000,None,240000000,380000000,Europe,0.879
2026-05-02,Global Titan 27,595389973,Iran,Privileged,Passed,0,No,LNG Carrier,Hidden/Private,N/A (Exempt/Diplomatic),220000000,0.05,110000,0,0,0,110000,Internal (IRGC Navy),200000000,420000000,Asia,0.03235294117647059
2026-05-02,Ocean Carrier 41,692562960,Iran,Privileged,Passed,0,No,Bulk Carrier,Hidden/Private,N/A (Exempt/Diplomatic),45000000,0.05,22500,0,0,0,22500,Internal (IRGC Navy),50000000,95000000,Asia,
2026-05-02,Golden Titan 65,294562809,Germany,Blocked,Rerouted,0,Yes (Cape of Good Hope),LNG Carrier,Mumbai,N/A (Exempt/Diplomatic),220000000,0.15,330000,12,1800,2658000,2988000,None,200000000,420000000,Europe,0.8788235294117647
2026-05-02,Red Trader 81,674666203,UK,Blocked,Rerouted,0,Yes (Cape of Good Hope),LNG Carrier,Mumbai,N/A (Exempt/Diplomatic),220000000,0.15,330000,12,1800,2658000,2988000,None,200000000,420000000,Europe,0.8788235294117647
2026-05-02,Iron Trader 83,404215510,Norway,Blocked,Rerouted,0,Yes (Cape of Good Hope),Bulk Carrier,Singapore,N/A (Exempt/Diplomatic),45000000,0.15,67500,12,480,607200,674700,None,50000000,95000000,Europe,
2026-05-02,Iron Carrier 15,386403601,UK,Blocked,Rerouted,0,Yes (Cape of Good Hope),Bulk Carrier,Mumbai,N/A (Exempt/Diplomatic),45000000,0.15,67500,12,480,607200,674700,None,50000000,95000000,Europe,
2026-05-02,Global Star 43,403529838,Liberia,Taxed,Rerouted,0,Yes (Cape of Good Hope),Bulk Carrier,Singapore,N/A (Exempt/Diplomatic),45000000,0.15,67500,12,480,607200,674700,None,50000000,95000000,Africa,
2026-05-02,Northern Star 79,227963244,Marshall Islands,Taxed,Passed,2000000,No,Container Ship,Rotterdam,Other Non-USD,110000000,1.25,1375000,0,0,0,3375000,None,150000000,260000000,Oceania,225.0
2026-05-02,Eastern Titan 84,519180042,Russia,Privileged,Passed,0,No,Crude Oil Tanker,Hidden/Private,N/A (Exempt/Diplomatic),140000000,0.05,70000,0,0,0,70000,Heavy (PLAN/RF Navy),240000000,380000000,Eurasia,0.035
2026-05-02,Northern Spirit 19,205001198,Israel,Blocked,Rerouted,0,Yes (Cape of Good Hope),LNG Carrier,Houston,N/A (Exempt/Diplomatic),220000000,0.15,330000,12,1800,2658000,2988000,None,200000000,420000000,Asia,0.8788235294117647
2026-05-02,Global Leader 37,390495200,Turkey,Taxed,Rerouted,0,Yes (Cape of Good Hope),Container Ship,Houston,N/A (Exempt/Diplomatic),110000000,0.15,165000,12,1800,2022000,2187000,None,150000000,260000000,Asia,145.8
2026-05-02,Ocean Trader 16,662301106,Iran,Privileged,Passed,0,No,Bulk Carrier,Hidden/Private,N/A (Exempt/Diplomatic),45000000,0.05,22500,0,0,0,22500,Internal (IRGC Navy),50000000,95000000,Asia,
2026-05-02,Global Trader 35,279110057,China,Privileged,Passed,0,No,Container Ship,Hidden/Private,N/A (Exempt/Diplomatic),110000000,0.05,55000,0,0,0,55000,Heavy (PLAN/RF Navy),150000000,260000000,Asia,3.6666666666666665
2026-05-02,Golden Trader 56,287324253,Marshall Islands,Taxed,Rerouted,0,Yes (Cape of Good Hope),LNG Carrier,Ningbo,N/A (Exempt/Diplomatic),220000000,0.15,330000,12,1800,2658000,2988000,None,200000000,420000000,Oceania,0.8788235294117647
2026-05-02,Ocean Express 64,645252867,Turkey,Taxed,Passed,2000000,No,Bulk Carrier,Singapore,Other Non-USD,45000000,1.25,562500,0,0,0,2562500,None,50000000,95000000,Asia,
2026-05-02,Ocean Trader 33,236787109,Pakistan,Privileged,Passed,0,No,Container Ship,Hidden/Private,N/A (Exempt/Diplomatic),110000000,0.05,55000,0,0,0,55000,Light (Cooperative),150000000,260000000,Asia,3.6666666666666665
2026-05-02,Northern Express 35,240800296,UAE,Taxed,Rerouted,0,Yes (Cape of Good Hope),LNG Carrier,Rotterdam,N/A (Exempt/Diplomatic),220000000,0.15,330000,12,1800,2658000,2988000,None,200000000,420000000,Asia,0.8788235294117647
2026-05-02,Golden Carrier 29,346215835,Panama,Taxed,Passed,2000000,No,LNG Carrier,Mumbai,Other Non-USD,220000000,1.25,2750000,0,0,0,4750000,None,200000000,420000000,North America,1.3970588235294117
2026-05-02,Red Titan 16,335548300,Norway,Blocked,Rerouted,0,Yes (Cape of Good Hope),Crude Oil Tanker,Singapore,N/A (Exempt/Diplomatic),140000000,0.15,210000,12,1200,1548000,1758000,None,240000000,380000000,Europe,0.879
2026-05-02,Global Titan 47,316877277,Russia,Privileged,Passed,0,No,Bulk Carrier,Hidden/Private,N/A (Exempt/Diplomatic),45000000,0.05,22500,0,0,0,22500,Heavy (PLAN/RF Navy),50000000,95000000,Eurasia,
2026-05-03,Ocean Leader 53,559098790,USA,Blocked,Rerouted,0,Yes (Cape of Good Hope),LNG Carrier,Ningbo,N/A (Exempt/Diplomatic),220000000,0.15,330000,12,1800,2658000,2988000,None,200000000,420000000,North America,0.8788235294117647
2026-05-03,Ocean Trader 18,415128168,Norway,Blocked,Rerouted,0,Yes (Cape of Good Hope),Bulk Carrier,Mumbai,N/A (Exempt/Diplomatic),45000000,0.15,67500,12,480,607200,674700,None,50000000,95000000,Europe,
2026-05-03,Global Carrier 20,245984845,Norway,Blocked,Rerouted,0,Yes (Cape of Good Hope),Container Ship,Houston,N/A (Exempt/Diplomatic),110000000,0.15,165000,12,1800,2022000,2187000,None,150000000,260000000,Europe,145.8
2026-05-03,Northern Leader 90,509060961,India,Taxed,Passed,2000000,No,LNG Carrier,Rotterdam,Other Non-USD,220000000,1.25,2750000,0,0,0,4750000,None,200000000,420000000,Asia,1.3970588235294117
2026-05-03,Global Star 81,610407450,UK,Blocked,Blocked/Waiting (Anchored off Oman),0,No,Bulk Carrier,Mumbai,N/A (Exempt/Diplomatic),45000000,0.5,225000,0,0,0,225000,None,50000000,95000000,Europe,
2026-05-03,Global Carrier 50,314153005,Norway,Blocked,Rerouted,0,Yes (Cape of Good Hope),Bulk Carrier,Singapore,N/A (Exempt/Diplomatic),45000000,0.15,67500,12,480,607200,674700,None,50000000,95000000,Europe,
2026-05-03,Northern Titan 68,201742315,Turkey,Taxed,Passed,2000000,No,LNG Carrier,Mumbai,Other Non-USD,220000000,1.25,2750000,0,0,0,4750000,None,200000000,420000000,Asia,1.3970588235294117
2026-05-03,Iron Star 41,307030950,China,Privileged,Passed,0,No,Container Ship,Hidden/Private,N/A (Exempt/Diplomatic),110000000,0.05,55000,0,0,0,55000,Heavy (PLAN/RF Navy),150000000,260000000,Asia,3.6666666666666665
2026-05-03,Iron Carrier 97,586241038,India,Taxed,Passed,2000000,No,LNG Carrier,Ningbo,Other Non-USD,220000000,1.25,2750000,0,0,0,4750000,None,200000000,420000000,Asia,1.3970588235294117
2026-05-03,Eastern Star 49,509128512,USA,Blocked,Blocked/Waiting (Anchored off Oman),0,No,Container Ship,Rotterdam,N/A (Exempt/Diplomatic),110000000,0.5,550000,0,0,0,550000,None,150000000,260000000,North America,36.666666666666664
2026-05-03,Ocean Leader 83,302047765,Turkey,Taxed,Rerouted,0,Yes (Cape of Good Hope),LNG Carrier,Ningbo,N/A (Exempt/Diplomatic),220000000,0.15,330000,12,1800,2658000,2988000,None,200000000,420000000,Asia,0.8788235294117647
2026-05-03,Golden Titan 61,376234293,Turkey,Taxed,Passed,2000000,No,LNG Carrier,Rotterdam,Other Non-USD,220000000,1.25,2750000,0,0,0,4750000,None,200000000,420000000,Asia,1.3970588235294117
2026-05-03,Red Titan 56,296336946,Panama,Taxed,Passed,2000000,No,Crude Oil Tanker,Singapore,Other Non-USD,140000000,1.25,1750000,0,0,0,3750000,None,240000000,380000000,North America,1.875
2026-05-03,Ocean Trader 40,561204424,Panama,Taxed,Passed,2000000,No,Bulk Carrier,Houston,Other Non-USD,45000000,1.25,562500,0,0,0,2562500,None,50000000,95000000,North America,
2026-05-03,Ocean Titan 52,620040549,UK,Blocked,Rerouted,0,Yes (Cape of Good Hope),Crude Oil Tanker,Rotterdam,N/A (Exempt/Diplomatic),140000000,0.15,210000,12,1200,1548000,1758000,None,240000000,380000000,Europe,0.879
2026-05-03,Global Titan 27,595389973,Iran,Privileged,Passed,0,No,Crude Oil Tanker,Hidden/Private,N/A (Exempt/Diplomatic),140000000,0.05,70000,0,0,0,70000,Internal (IRGC Navy),240000000,380000000,Asia,0.035
2026-05-03,Ocean Star 58,251924210,Marshall Islands,Taxed,Rerouted,0,Yes (Cape of Good Hope),Crude Oil Tanker,Singapore,N/A (Exempt/Diplomatic),140000000,0.15,210000,12,1200,1548000,1758000,None,240000000,380000000,Oceania,0.879
2026-05-03,Northern Express 40,347423381,Israel,Blocked,Rerouted,0,Yes (Cape of Good Hope),Crude Oil Tanker,Houston,N/A (Exempt/Diplomatic),140000000,0.15,210000,12,1200,1548000,1758000,None,240000000,380000000,Asia,0.879
2026-05-03,Global Carrier 26,588346949,Norway,Blocked,Rerouted,0,Yes (Cape of Good Hope),LNG Carrier,Ningbo,N/A (Exempt/Diplomatic),220000000,0.15,330000,12,1800,2658000,2988000,None,200000000,420000000,Europe,0.8788235294117647
2026-05-03,Red Trader 81,674666203,UK,Blocked,Rerouted,0,Yes (Cape of Good Hope),Crude Oil Tanker,Mumbai,N/A (Exempt/Diplomatic),140000000,0.15,210000,12,1200,1548000,1758000,None,240000000,380000000,Europe,0.879
2026-05-03,Ocean Star 21,317380369,UAE,Taxed,Passed,2000000,No,Crude Oil Tanker,Houston,Other Non-USD,140000000,1.25,1750000,0,0,0,3750000,None,240000000,380000000,Asia,1.875
2026-05-03,Global Spirit 24,677660874,Iran,Privileged,Passed,0,No,Bulk Carrier,Hidden/Private,N/A (Exempt/Diplomatic),45000000,0.05,22500,0,0,0,22500,Internal (IRGC Navy),50000000,95000000,Asia,
2026-05-03,Iron Titan 91,348880396,Germany,Blocked,Rerouted,0,Yes (Cape of Good Hope),LNG Carrier,Singapore,N/A (Exempt/Diplomatic),220000000,0.15,330000,12,1800,2658000,2988000,None,200000000,420000000,Europe,0.8788235294117647
2026-05-03,Eastern Titan 10,238114122,Russia,Privileged,Passed,0,No,Crude Oil Tanker,Hidden/Private,N/A (Exempt/Diplomatic),140000000,0.05,70000,0,0,0,70000,Heavy (PLAN/RF Navy),240000000,380000000,Eurasia,0.035
2026-05-03,Eastern Carrier 13,501316148,India,Taxed,Passed,2000000,No,Crude Oil Tanker,Mumbai,Other Non-USD,140000000,1.25,1750000,0,0,0,3750000,None,240000000,380000000,Asia,1.875
2026-05-03,Global Trader 69,505935698,USA,Blocked,Rerouted,0,Yes (Cape of Good Hope),Crude Oil Tanker,Singapore,N/A (Exempt/Diplomatic),140000000,0.15,210000,12,1200,1548000,1758000,None,240000000,380000000,North America,0.879
2026-05-04,Global Carrier 26,588346949,Norway,Blocked,Rerouted,0,Yes (Cape of Good Hope),Bulk Carrier,Mumbai,N/A (Exempt/Diplomatic),45000000,0.15,67500,12,480,607200,674700,None,50000000,95000000,Europe,
2026-05-04,Eastern Express 79,232726345,Liberia,Taxed,Passed,2000000,No,Crude Oil Tanker,Ningbo,Other Non-USD,140000000,1.25,1750000,0,0,0,3750000,None,240000000,380000000,Africa,1.875
2026-05-04,Eastern Trader 74,429104699,Israel,Blocked,Blocked/Waiting (Anchored off Oman),0,No,Bulk Carrier,Mumbai,N/A (Exempt/Diplomatic),45000000,0.5,225000,0,0,0,225000,None,50000000,95000000,Asia,
2026-05-04,Eastern Carrier 89,321164857,Germany,Blocked,Blocked/Waiting (Anchored off Oman),0,No,Bulk Carrier,Singapore,N/A (Exempt/Diplomatic),45000000,0.5,225000,0,0,0,225000,None,50000000,95000000,Europe,
2026-05-04,Eastern Star 57,512732442,Iraq,Privileged,Passed,0,No,Crude Oil Tanker,Hidden/Private,N/A (Exempt/Diplomatic),140000000,0.05,70000,0,0,0,70000,Light (Cooperative),240000000,380000000,Asia,0.035
2026-05-04,Northern Trader 12,249957637,Panama,Taxed,Rerouted,0,Yes (Cape of Good Hope),Crude Oil Tanker,Rotterdam,N/A (Exempt/Diplomatic),140000000,0.15,210000,12,1200,1548000,1758000,None,240000000,380000000,North America,0.879
2026-05-04,Iron Star 45,388520142,Germany,Blocked,Blocked/Waiting (Anchored off Oman),0,No,LNG Carrier,Mumbai,N/A (Exempt/Diplomatic),220000000,0.5,1100000,0,0,0,1100000,None,200000000,420000000,Europe,0.3235294117647059
2026-05-04,Global Spirit 60,270264740,Panama,Taxed,Passed,2000000,No,Container Ship,Houston,Other Non-USD,110000000,1.25,1375000,0,0,0,3375000,None,150000000,260000000,North America,225.0
2026-05-04,Iron Star 78,611154230,Iraq,Privileged,Passed,0,No,Bulk Carrier,Hidden/Private,N/A (Exempt/Diplomatic),45000000,0.05,22500,0,0,0,22500,Light (Cooperative),50000000,95000000,Asia,
2026-05-04,Iron Spirit 87,342013556,Russia,Privileged,Passed,0,No,Crude Oil Tanker,Hidden/Private,N/A (Exempt/Diplomatic),140000000,0.05,70000,0,0,0,70000,Heavy (PLAN/RF Navy),240000000,380000000,Eurasia,0.035
2026-05-04,Golden Titan 18,422730506,UK,Blocked,Rerouted,0,Yes (Cape of Good Hope),Bulk Carrier,Ningbo,N/A (Exempt/Diplomatic),45000000,0.15,67500,12,480,607200,674700,None,50000000,95000000,Europe,
2026-05-04,Global Titan 93,569164473,China,Privileged,Passed,0,No,Crude Oil Tanker,Hidden/Private,N/A (Exempt/Diplomatic),140000000,0.05,70000,0,0,0,70000,Heavy (PLAN/RF Navy),240000000,380000000,Asia,0.035
2026-05-04,Global Star 22,553788671,UK,Blocked,Rerouted,0,Yes (Cape of Good Hope),Container Ship,Mumbai,N/A (Exempt/Diplomatic),110000000,0.15,165000,12,1800,2022000,2187000,None,150000000,260000000,Europe,145.8
2026-05-04,Red Spirit 86,576445159,Turkey,Taxed,Passed,2000000,No,Container Ship,Singapore,Other Non-USD,110000000,1.25,1375000,0,0,0,3375000,None,150000000,260000000,Asia,225.0
2026-05-04,Global Trader 35,279110057,China,Privileged,Passed,0,No,LNG Carrier,Hidden/Private,N/A (Exempt/Diplomatic),220000000,0.05,110000,0,0,0,110000,Heavy (PLAN/RF Navy),200000000,420000000,Asia,0.03235294117647059
2026-05-04,Eastern Titan 53,309305473,Turkey,Taxed,Rerouted,0,Yes (Cape of Good Hope),Crude Oil Tanker,Ningbo,N/A (Exempt/Diplomatic),140000000,0.15,210000,12,1200,1548000,1758000,None,240000000,380000000,Asia,0.879
2026-05-04,Ocean Express 79,648838894,China,Privileged,Passed,0,No,Crude Oil Tanker,Hidden/Private,N/A (Exempt/Diplomatic),140000000,0.05,70000,0,0,0,70000,Heavy (PLAN/RF Navy),240000000,380000000,Asia,0.035
2026-05-04,Golden Star 13,598116895,Turkey,Taxed,Passed,2000000,No,Container Ship,Houston,Other Non-USD,110000000,1.25,1375000,0,0,0,3375000,None,150000000,260000000,Asia,225.0
2026-05-04,Ocean Star 21,317380369,UAE,Taxed,Passed,2000000,No,LNG Carrier,Houston,Other Non-USD,220000000,1.25,2750000,0,0,0,4750000,None,200000000,420000000,Asia,1.3970588235294117
2026-05-04,Northern Leader 85,344093758,Liberia,Taxed,Passed,2000000,No,Bulk Carrier,Houston,Other Non-USD,45000000,1.25,562500,0,0,0,2562500,None,50000000,95000000,Africa,
2026-05-04,Global Carrier 50,314153005,Norway,Blocked,Rerouted,0,Yes (Cape of Good Hope),LNG Carrier,Singapore,N/A (Exempt/Diplomatic),220000000,0.15,330000,12,1800,2658000,2988000,None,200000000,420000000,Europe,0.8788235294117647
2026-05-04,Global Express 30,625244369,UK,Blocked,Blocked/Waiting (Anchored off Oman),0,No,Crude Oil Tanker,Singapore,N/A (Exempt/Diplomatic),140000000,0.5,700000,0,0,0,700000,None,240000000,380000000,Europe,0.35
2026-05-04,Northern Titan 44,433987659,Norway,Blocked,Rerouted,0,Yes (Cape of Good Hope),Crude Oil Tanker,Mumbai,N/A (Exempt/Diplomatic),140000000,0.15,210000,12,1200,1548000,1758000,None,240000000,380000000,Europe,0.879
2026-05-04,Red Titan 16,335548300,Norway,Blocked,Rerouted,0,Yes (Cape of Good Hope),Crude Oil Tanker,Houston,N/A (Exempt/Diplomatic),140000000,0.15,210000,12,1200,1548000,1758000,None,240000000,380000000,Europe,0.879
2026-05-04,Golden Express 59,465416722,USA,Blocked,Rerouted,0,Yes (Cape of Good Hope),LNG Carrier,Mumbai,N/A (Exempt/Diplomatic),220000000,0.15,330000,12,1800,2658000,2988000,None,200000000,420000000,North America,0.8788235294117647
2026-05-04,Eastern Spirit 72,210456496,Iran,Privileged,Passed,0,No,Crude Oil Tanker,Hidden/Private,N/A (Exempt/Diplomatic),140000000,0.05,70000,0,0,0,70000,Internal (IRGC Navy),240000000,380000000,Asia,0.035
2026-05-04,Northern Express 68,276703600,Turkey,Taxed,Passed,2000000,No,LNG Carrier,Singapore,Other Non-USD,220000000,1.25,2750000,0,0,0,4750000,None,200000000,420000000,Asia,1.3970588235294117
2026-05-04,Ocean Carrier 41,692562960,Iran,Privileged,Passed,0,No,Bulk Carrier,Hidden/Private,N/A (Exempt/Diplomatic),45000000,0.05,22500,0,0,0,22500,Internal (IRGC Navy),50000000,95000000,Asia,
2026-05-04,Global Leader 58,344927134,UAE,Taxed,Passed,2000000,No,Container Ship,Ningbo,Other Non-USD,110000000,1.25,1375000,0,0,0,3375000,None,150000000,260000000,Asia,225.0
2026-05-04,Golden Carrier 64,682014990,USA,Blocked,Blocked/Waiting (Anchored off Oman),0,No,Crude Oil Tanker,Rotterdam,N/A (Exempt/Diplomatic),140000000,0.5,700000,0,0,0,700000,None,240000000,380000000,North America,0.35
2026-05-04,Golden Express 81,555339452,Norway,Blocked,Rerouted,0,Yes (Cape of Good Hope),LNG Carrier,Houston,N/A (Exempt/Diplomatic),220000000,0.15,330000,12,1800,2658000,2988000,None,200000000,420000000,Europe,0.8788235294117647
2026-05-04,Ocean Express 48,656497707,Iran,Privileged,Passed,0,No,Container Ship,Hidden/Private,N/A (Exempt/Diplomatic),110000000,0.05,55000,0,0,0,55000,Internal (IRGC Navy),150000000,260000000,Asia,3.6666666666666665
2026-05-04,Global Trader 19,437904006,Iran,Privileged,Passed,0,No,Container Ship,Hidden/Private,N/A (Exempt/Diplomatic),110000000,0.05,55000,0,0,0,55000,Internal (IRGC Navy),150000000,260000000,Asia,3.6666666666666665
2026-05-05,Golden Trader 72,255076321,China,Privileged,Passed,0,No,Crude Oil Tanker,Hidden/Private,N/A (Exempt/Diplomatic),140000000,0.05,70000,0,0,0,70000,Heavy (PLAN/RF Navy),240000000,380000000,Asia,0.035
2026-05-05,Northern Leader 90,509060961,India,Taxed,Rerouted,0,Yes (Cape of Good Hope),Container Ship,Rotterdam,N/A (Exempt/Diplomatic),110000000,0.15,165000,12,1800,2022000,2187000,None,150000000,260000000,Asia,145.8
2026-05-05,Global Spirit 24,677660874,Iran,Privileged,Passed,0,No,Crude Oil Tanker,Hidden/Private,N/A (Exempt/Diplomatic),140000000,0.05,70000,0,0,0,70000,Internal (IRGC Navy),240000000,380000000,Asia,0.035
2026-05-05,Ocean Trader 40,289287596,UK,Blocked,Blocked/Waiting (Anchored off Oman),0,No,Bulk Carrier,Houston,N/A (Exempt/Diplomatic),45000000,0.5,225000,0,0,0,225000,None,50000000,95000000,Europe,
2026-05-05,Eastern Titan 53,309305473,Turkey,Taxed,Passed,2000000,No,Container Ship,Mumbai,Other Non-USD,110000000,1.25,1375000,0,0,0,3375000,None,150000000,260000000,Asia,225.0
2026-05-05,Golden Trader 40,416775349,Iran,Privileged,Passed,0,No,Bulk Carrier,Hidden/Private,N/A (Exempt/Diplomatic),45000000,0.05,22500,0,0,0,22500,Internal (IRGC Navy),50000000,95000000,Asia,
2026-05-05,Ocean Carrier 47,645283238,Marshall Islands,Taxed,Passed,2000000,No,LNG Carrier,Singapore,Other Non-USD,220000000,1.25,2750000,0,0,0,4750000,None,200000000,420000000,Oceania,1.3970588235294117
2026-05-05,Global Titan 99,478076450,Israel,Blocked,Rerouted,0,Yes (Cape of Good Hope),Container Ship,Mumbai,N/A (Exempt/Diplomatic),110000000,0.15,165000,12,1800,2022000,2187000,None,150000000,260000000,Asia,145.8
2026-05-05,Global Titan 34,487916220,Israel,Blocked,Rerouted,0,Yes (Cape of Good Hope),Crude Oil Tanker,Rotterdam,N/A (Exempt/Diplomatic),140000000,0.15,210000,12,1200,1548000,1758000,None,240000000,380000000,Asia,0.879
2026-05-05,Golden Titan 18,422730506,UK,Blocked,Rerouted,0,Yes (Cape of Good Hope),LNG Carrier,Rotterdam,N/A (Exempt/Diplomatic),220000000,0.15,330000,12,1800,2658000,2988000,None,200000000,420000000,Europe,0.8788235294117647
2026-05-05,Ocean Express 48,656497707,Iran,Privileged,Passed,0,No,Bulk Carrier,Hidden/Private,N/A (Exempt/Diplomatic),45000000,0.05,22500,0,0,0,22500,Internal (IRGC Navy),50000000,95000000,Asia,
2026-05-05,Eastern Express 29,697015667,UAE,Taxed,Passed,2000000,No,Bulk Carrier,Houston,Other Non-USD,45000000,1.25,562500,0,0,0,2562500,None,50000000,95000000,Asia,
2026-05-05,Golden Titan 61,376234293,Turkey,Taxed,Passed,2000000,No,Crude Oil Tanker,Rotterdam,Other Non-USD,140000000,1.25,1750000,0,0,0,3750000,None,240000000,380000000,Asia,1.875
2026-05-05,Ocean Express 79,648838894,China,Privileged,Passed,0,No,LNG Carrier,Hidden/Private,N/A (Exempt/Diplomatic),220000000,0.05,110000,0,0,0,110000,Heavy (PLAN/RF Navy),200000000,420000000,Asia,0.03235294117647059
2026-05-05,Golden Spirit 17,322969247,Russia,Privileged,Passed,0,No,Container Ship,Hidden/Private,N/A (Exempt/Diplomatic),110000000,0.05,55000,0,0,0,55000,Heavy (PLAN/RF Navy),150000000,260000000,Eurasia,3.6666666666666665
2026-05-05,Eastern Carrier 48,418009946,China,Privileged,Passed,0,No,LNG Carrier,Hidden/Private,N/A (Exempt/Diplomatic),220000000,0.05,110000,0,0,0,110000,Heavy (PLAN/RF Navy),200000000,420000000,Asia,0.03235294117647059
2026-05-05,Eastern Spirit 94,655274738,Iran,Privileged,Passed,0,No,Container Ship,Hidden/Private,N/A (Exempt/Diplomatic),110000000,0.05,55000,0,0,0,55000,Internal (IRGC Navy),150000000,260000000,Asia,3.6666666666666665
2026-05-05,Northern Titan 44,433987659,Norway,Blocked,Rerouted,0,Yes (Cape of Good Hope),LNG Carrier,Ningbo,N/A (Exempt/Diplomatic),220000000,0.15,330000,12,1800,2658000,2988000,None,200000000,420000000,Europe,0.8788235294117647
2026-05-05,Golden Spirit 74,366045938,UK,Blocked,Rerouted,0,Yes (Cape of Good Hope),Container Ship,Ningbo,N/A (Exempt/Diplomatic),110000000,0.15,165000,12,1800,2022000,2187000,None,150000000,260000000,Europe,145.8
2026-05-05,Global Carrier 50,314153005,Norway,Blocked,Rerouted,0,Yes (Cape of Good Hope),LNG Carrier,Mumbai,N/A (Exempt/Diplomatic),220000000,0.15,330000,12,1800,2658000,2988000,None,200000000,420000000,Europe,0.8788235294117647
2026-05-05,Global Titan 93,569164473,China,Privileged,Passed,0,No,Crude Oil Tanker,Hidden/Private,N/A (Exempt/Diplomatic),140000000,0.05,70000,0,0,0,70000,Heavy (PLAN/RF Navy),240000000,380000000,Asia,0.035
2026-05-05,Global Leader 98,330623464,Panama,Taxed,Passed,2000000,No,Crude Oil Tanker,Houston,Other Non-USD,140000000,1.25,1750000,0,0,0,3750000,None,240000000,380000000,North America,1.875
2026-05-05,Iron Carrier 48,528391997,Germany,Blocked,Rerouted,0,Yes (Cape of Good Hope),Container Ship,Singapore,N/A (Exempt/Diplomatic),110000000,0.15,165000,12,1800,2022000,2187000,None,150000000,260000000,Europe,145.8
2026-05-05,Eastern Spirit 80,662127581,China,Privileged,Passed,0,No,LNG Carrier,Hidden/Private,N/A (Exempt/Diplomatic),220000000,0.05,110000,0,0,0,110000,Heavy (PLAN/RF Navy),200000000,420000000,Asia,0.03235294117647059
2026-05-05,Golden Leader 92,582167480,Norway,Blocked,Blocked/Waiting (Anchored off Oman),0,No,Crude Oil Tanker,Houston,N/A (Exempt/Diplomatic),140000000,0.5,700000,0,0,0,700000,None,240000000,380000000,Europe,0.35
2026-05-06,Ocean Express 65,200907996,Germany,Blocked,Rerouted,0,Yes (Cape of Good Hope),Bulk Carrier,Houston,N/A (Exempt/Diplomatic),45000000,0.15,67500,12,480,607200,674700,None,50000000,95000000,Europe,
2026-05-06,Eastern Carrier 13,686903727,USA,Blocked,Blocked/Waiting (Anchored off Oman),0,No,LNG Carrier,Ningbo,N/A (Exempt/Diplomatic),220000000,0.5,1100000,0,0,0,1100000,None,200000000,420000000,North America,0.3235294117647059
2026-05-06,Global Trader 35,279110057,China,Privileged,Passed,0,No,LNG Carrier,Hidden/Private,N/A (Exempt/Diplomatic),220000000,0.05,110000,0,0,0,110000,Heavy (PLAN/RF Navy),200000000,420000000,Asia,0.03235294117647059
2026-05-06,Ocean Carrier 41,692562960,Iran,Privileged,Passed,0,No,Bulk Carrier,Hidden/Private,N/A (Exempt/Diplomatic),45000000,0.05,22500,0,0,0,22500,Internal (IRGC Navy),50000000,95000000,Asia,
2026-05-06,Northern Express 93,400478606,Israel,Blocked,Rerouted,0,Yes (Cape of Good Hope),LNG Carrier,Ningbo,N/A (Exempt/Diplomatic),220000000,0.15,330000,12,1800,2658000,2988000,None,200000000,420000000,Asia,0.8788235294117647
2026-05-06,Eastern Star 76,302572638,Pakistan,Privileged,Passed,0,No,Bulk Carrier,Hidden/Private,N/A (Exempt/Diplomatic),45000000,0.05,22500,0,0,0,22500,Light (Cooperative),50000000,95000000,Asia,
2026-05-06,Golden Titan 69,693675149,Iraq,Privileged,Passed,0,No,Crude Oil Tanker,Hidden/Private,N/A (Exempt/Diplomatic),140000000,0.05,70000,0,0,0,70000,Light (Cooperative),240000000,380000000,Asia,0.035
2026-05-06,Eastern Trader 98,307992155,Panama,Taxed,Passed,2000000,No,Container Ship,Houston,Other Non-USD,110000000,1.25,1375000,0,0,0,3375000,None,150000000,260000000,North America,225.0
2026-05-06,Global Express 71,348444607,Germany,Blocked,Rerouted,0,Yes (Cape of Good Hope),Container Ship,Houston,N/A (Exempt/Diplomatic),110000000,0.15,165000,12,1800,2022000,2187000,None,150000000,260000000,Europe,145.8
2026-05-06,Iron Express 53,259889117,Panama,Taxed,Rerouted,0,Yes (Cape of Good Hope),Container Ship,Rotterdam,N/A (Exempt/Diplomatic),110000000,0.15,165000,12,1800,2022000,2187000,None,150000000,260000000,North America,145.8
2026-05-06,Red Titan 27,473549845,Norway,Blocked,Rerouted,0,Yes (Cape of Good Hope),Crude Oil Tanker,Singapore,N/A (Exempt/Diplomatic),140000000,0.15,210000,12,1200,1548000,1758000,None,240000000,380000000,Europe,0.879
2026-05-06,Iron Express 41,343240225,Greece,Taxed,Rerouted,0,Yes (Cape of Good Hope),Crude Oil Tanker,Ningbo,N/A (Exempt/Diplomatic),140000000,0.15,210000,12,1200,1548000,1758000,None,240000000,380000000,Europe,0.879
2026-05-06,Ocean Leader 56,541227155,Israel,Blocked,Rerouted,0,Yes (Cape of Good Hope),LNG Carrier,Mumbai,N/A (Exempt/Diplomatic),220000000,0.15,330000,12,1800,2658000,2988000,None,200000000,420000000,Asia,0.8788235294117647
2026-05-06,Global Leader 51,381194227,USA,Blocked,Rerouted,0,Yes (Cape of Good Hope),LNG Carrier,Rotterdam,N/A (Exempt/Diplomatic),220000000,0.15,330000,12,1800,2658000,2988000,None,200000000,420000000,North America,0.8788235294117647
2026-05-06,Northern Star 79,227963244,Marshall Islands,Taxed,Passed,2000000,No,Bulk Carrier,Ningbo,Other Non-USD,45000000,1.25,562500,0,0,0,2562500,None,50000000,95000000,Oceania,
2026-05-06,Global Spirit 24,677660874,Iran,Privileged,Passed,0,No,Crude Oil Tanker,Hidden/Private,N/A (Exempt/Diplomatic),140000000,0.05,70000,0,0,0,70000,Internal (IRGC Navy),240000000,380000000,Asia,0.035
2026-05-06,Global Titan 99,478076450,Israel,Blocked,Rerouted,0,Yes (Cape of Good Hope),Container Ship,Rotterdam,N/A (Exempt/Diplomatic),110000000,0.15,165000,12,1800,2022000,2187000,None,150000000,260000000,Asia,145.8
2026-05-06,Ocean Titan 52,620040549,UK,Blocked,Rerouted,0,Yes (Cape of Good Hope),LNG Carrier,Houston,N/A (Exempt/Diplomatic),220000000,0.15,330000,12,1800,2658000,2988000,None,200000000,420000000,Europe,0.8788235294117647
2026-05-06,Ocean Star 86,433304641,Marshall Islands,Taxed,Passed,2000000,No,Bulk Carrier,Rotterdam,Other Non-USD,45000000,1.25,562500,0,0,0,2562500,None,50000000,95000000,Oceania,
2026-05-06,Global Star 34,369408512,Iran,Privileged,Passed,0,No,Container Ship,Hidden/Private,N/A (Exempt/Diplomatic),110000000,0.05,55000,0,0,0,55000,Internal (IRGC Navy),150000000,260000000,Asia,3.6666666666666665
2026-05-06,Red Titan 16,335548300,Norway,Blocked,Rerouted,0,Yes (Cape of Good Hope),Bulk Carrier,Houston,N/A (Exempt/Diplomatic),45000000,0.15,67500,12,480,607200,674700,None,50000000,95000000,Europe,
2026-05-06,Ocean Titan 58,201157156,USA,Blocked,Rerouted,0,Yes (Cape of Good Hope),Bulk Carrier,Ningbo,N/A (Exempt/Diplomatic),45000000,0.15,67500,12,480,607200,674700,None,50000000,95000000,North America,
2026-05-06,Ocean Trader 33,236787109,Pakistan,Privileged,Passed,0,No,Container Ship,Hidden/Private,N/A (Exempt/Diplomatic),110000000,0.05,55000,0,0,0,55000,Light (Cooperative),150000000,260000000,Asia,3.6666666666666665
2026-05-06,Iron Leader 38,307144846,Israel,Blocked,Blocked/Waiting (Anchored off Oman),0,No,Bulk Carrier,Houston,N/A (Exempt/Diplomatic),45000000,0.5,225000,0,0,0,225000,None,50000000,95000000,Asia,
2026-05-06,Ocean Star 52,613991481,Iraq,Privileged,Passed,0,No,LNG Carrier,Hidden/Private,N/A (Exempt/Diplomatic),220000000,0.05,110000,0,0,0,110000,Light (Cooperative),200000000,420000000,Asia,0.03235294117647059
2026-05-06,Global Spirit 60,270264740,Panama,Taxed,Passed,2000000,No,LNG Carrier,Mumbai,Other Non-USD,220000000,1.25,2750000,0,0,0,4750000,None,200000000,420000000,North America,1.3970588235294117
2026-05-06,Red Leader 99,358728676,Iraq,Privileged,Passed,0,No,Container Ship,Hidden/Private,N/A (Exempt/Diplomatic),110000000,0.05,55000,0,0,0,55000,Light (Cooperative),150000000,260000000,Asia,3.6666666666666665
2026-05-06,Eastern Trader 32,472559523,Iran,Privileged,Passed,0,No,LNG Carrier,Hidden/Private,N/A (Exempt/Diplomatic),220000000,0.05,110000,0,0,0,110000,Internal (IRGC Navy),200000000,420000000,Asia,0.03235294117647059
2026-05-06,Iron Express 48,651867790,Germany,Blocked,Blocked/Waiting (Anchored off Oman),0,No,Crude Oil Tanker,Ningbo,N/A (Exempt/Diplomatic),140000000,0.5,700000,0,0,0,700000,None,240000000,380000000,Europe,0.35
2026-05-06,Northern Express 78,377784731,China,Privileged,Passed,0,No,LNG Carrier,Hidden/Private,N/A (Exempt/Diplomatic),220000000,0.05,110000,0,0,0,110000,Heavy (PLAN/RF Navy),200000000,420000000,Asia,0.03235294117647059
2026-05-06,Red Trader 63,335437245,Pakistan,Privileged,Passed,0,No,Crude Oil Tanker,Hidden/Private,N/A (Exempt/Diplomatic),140000000,0.05,70000,0,0,0,70000,Light (Cooperative),240000000,380000000,Asia,0.035
2026-05-07,Ocean Leader 83,302047765,Turkey,Taxed,Rerouted,0,Yes (Cape of Good Hope),Bulk Carrier,Houston,N/A (Exempt/Diplomatic),45000000,0.15,67500,12,480,607200,674700,None,50000000,95000000,Asia,
2026-05-07,Golden Trader 40,416775349,Iran,Privileged,Passed,0,No,LNG Carrier,Hidden/Private,N/A (Exempt/Diplomatic),220000000,0.05,110000,0,0,0,110000,Internal (IRGC Navy),200000000,420000000,Asia,0.03235294117647059
2026-05-07,Global Trader 63,409098769,China,Privileged,Passed,0,No,LNG Carrier,Hidden/Private,N/A (Exempt/Diplomatic),220000000,0.05,110000,0,0,0,110000,Heavy (PLAN/RF Navy),200000000,420000000,Asia,0.03235294117647059
2026-05-07,Eastern Express 79,232726345,Liberia,Taxed,Passed,2000000,No,LNG Carrier,Singapore,Other Non-USD,220000000,1.25,2750000,0,0,0,4750000,None,200000000,420000000,Africa,1.3970588235294117
2026-05-07,Northern Titan 68,201742315,Turkey,Taxed,Passed,2000000,No,Container Ship,Rotterdam,Other Non-USD,110000000,1.25,1375000,0,0,0,3375000,None,150000000,260000000,Asia,225.0
2026-05-07,Iron Star 78,611154230,Iraq,Privileged,Passed,0,No,Bulk Carrier,Hidden/Private,N/A (Exempt/Diplomatic),45000000,0.05,22500,0,0,0,22500,Light (Cooperative),50000000,95000000,Asia,
2026-05-07,Eastern Carrier 13,686903727,USA,Blocked,Rerouted,0,Yes (Cape of Good Hope),LNG Carrier,Mumbai,N/A (Exempt/Diplomatic),220000000,0.15,330000,12,1800,2658000,2988000,None,200000000,420000000,North America,0.8788235294117647
2026-05-07,Golden Express 81,555339452,Norway,Blocked,Rerouted,0,Yes (Cape of Good Hope),Bulk Carrier,Ningbo,N/A (Exempt/Diplomatic),45000000,0.15,67500,12,480,607200,674700,None,50000000,95000000,Europe,
2026-05-07,Global Titan 27,595389973,Iran,Privileged,Passed,0,No,Container Ship,Hidden/Private,N/A (Exempt/Diplomatic),110000000,0.05,55000,0,0,0,55000,Internal (IRGC Navy),150000000,260000000,Asia,3.6666666666666665
2026-05-07,Eastern Titan 53,309305473,Turkey,Taxed,Passed,2000000,No,Crude Oil Tanker,Rotterdam,Other Non-USD,140000000,1.25,1750000,0,0,0,3750000,None,240000000,380000000,Asia,1.875
2026-05-07,Northern Leader 66,562724611,India,Taxed,Passed,2000000,No,Container Ship,Ningbo,Other Non-USD,110000000,1.25,1375000,0,0,0,3375000,None,150000000,260000000,Asia,225.0
2026-05-07,Global Leader 98,330623464,Panama,Taxed,Passed,2000000,No,LNG Carrier,Rotterdam,Other Non-USD,220000000,1.25,2750000,0,0,0,4750000,None,200000000,420000000,North America,1.3970588235294117
2026-05-07,Red Trader 49,328554982,Russia,Privileged,Passed,0,No,Bulk Carrier,Hidden/Private,N/A (Exempt/Diplomatic),45000000,0.05,22500,0,0,0,22500,Heavy (PLAN/RF Navy),50000000,95000000,Eurasia,
2026-05-07,Iron Spirit 87,342013556,Russia,Privileged,Passed,0,No,Container Ship,Hidden/Private,N/A (Exempt/Diplomatic),110000000,0.05,55000,0,0,0,55000,Heavy (PLAN/RF Navy),150000000,260000000,Eurasia,3.6666666666666665
2026-05-07,Global Express 71,348444607,Germany,Blocked,Blocked/Waiting (Anchored off Oman),0,No,Crude Oil Tanker,Singapore,N/A (Exempt/Diplomatic),140000000,0.5,700000,0,0,0,700000,None,240000000,380000000,Europe,0.35
2026-05-07,Global Spirit 24,677660874,Iran,Privileged,Passed,0,No,Bulk Carrier,Hidden/Private,N/A (Exempt/Diplomatic),45000000,0.05,22500,0,0,0,22500,Internal (IRGC Navy),50000000,95000000,Asia,
2026-05-07,Global Star 43,403529838,Liberia,Taxed,Passed,2000000,No,Bulk Carrier,Rotterdam,Other Non-USD,45000000,1.25,562500,0,0,0,2562500,None,50000000,95000000,Africa,
2026-05-07,Eastern Titan 18,224601779,UAE,Taxed,Passed,2000000,No,Bulk Carrier,Houston,Other Non-USD,45000000,1.25,562500,0,0,0,2562500,None,50000000,95000000,Asia,
2026-05-07,Golden Spirit 57,290081110,Iran,Privileged,Passed,0,No,Container Ship,Hidden/Private,N/A (Exempt/Diplomatic),110000000,0.05,55000,0,0,0,55000,Internal (IRGC Navy),150000000,260000000,Asia,3.6666666666666665
2026-05-07,Iron Star 41,307030950,China,Privileged,Passed,0,No,Container Ship,Hidden/Private,N/A (Exempt/Diplomatic),110000000,0.05,55000,0,0,0,55000,Heavy (PLAN/RF Navy),150000000,260000000,Asia,3.6666666666666665
2026-05-07,Golden Titan 65,294562809,Germany,Blocked,Rerouted,0,Yes (Cape of Good Hope),LNG Carrier,Mumbai,N/A (Exempt/Diplomatic),220000000,0.15,330000,12,1800,2658000,2988000,None,200000000,420000000,Europe,0.8788235294117647
2026-05-07,Eastern Carrier 22,239331548,India,Taxed,Passed,2000000,No,Crude Oil Tanker,Ningbo,Other Non-USD,140000000,1.25,1750000,0,0,0,3750000,None,240000000,380000000,Asia,1.875
2026-05-07,Northern Leader 90,509060961,India,Taxed,Passed,2000000,No,Crude Oil Tanker,Rotterdam,Other Non-USD,140000000,1.25,1750000,0,0,0,3750000,None,240000000,380000000,Asia,1.875
2026-05-07,Northern Titan 44,433987659,Norway,Blocked,Rerouted,0,Yes (Cape of Good Hope),LNG Carrier,Singapore,N/A (Exempt/Diplomatic),220000000,0.15,330000,12,1800,2658000,2988000,None,200000000,420000000,Europe,0.8788235294117647
2026-05-07,Golden Titan 18,422730506,UK,Blocked,Blocked/Waiting (Anchored off Oman),0,No,LNG Carrier,Houston,N/A (Exempt/Diplomatic),220000000,0.5,1100000,0,0,0,1100000,None,200000000,420000000,Europe,0.3235294117647059
2026-05-07,Eastern Star 57,512732442,Iraq,Privileged,Passed,0,No,Container Ship,Hidden/Private,N/A (Exempt/Diplomatic),110000000,0.05,55000,0,0,0,55000,Light (Cooperative),150000000,260000000,Asia,3.6666666666666665
2026-05-08,Red Trader 49,328554982,Russia,Privileged,Passed,0,No,Crude Oil Tanker,Hidden/Private,N/A (Exempt/Diplomatic),140000000,0.05,70000,0,0,0,70000,Heavy (PLAN/RF Navy),240000000,380000000,Eurasia,0.035
2026-05-08,Global Leader 85,349352498,China,Privileged,Passed,0,No,Crude Oil Tanker,Hidden/Private,N/A (Exempt/Diplomatic),140000000,0.05,70000,0,0,0,70000,Heavy (PLAN/RF Navy),240000000,380000000,Asia,0.035
2026-05-08,Eastern Carrier 48,418009946,China,Privileged,Passed,0,No,Bulk Carrier,Hidden/Private,N/A (Exempt/Diplomatic),45000000,0.05,22500,0,0,0,22500,Heavy (PLAN/RF Navy),50000000,95000000,Asia,
2026-05-08,Red Leader 80,377592227,Marshall Islands,Taxed,Passed,2000000,No,Crude Oil Tanker,Mumbai,Other Non-USD,140000000,1.25,1750000,0,0,0,3750000,None,240000000,380000000,Oceania,1.875
2026-05-08,Eastern Titan 53,309305473,Turkey,Taxed,Passed,2000000,No,Bulk Carrier,Houston,Other Non-USD,45000000,1.25,562500,0,0,0,2562500,None,50000000,95000000,Asia,
2026-05-08,Ocean Star 58,251924210,Marshall Islands,Taxed,Rerouted,0,Yes (Cape of Good Hope),Container Ship,Singapore,N/A (Exempt/Diplomatic),110000000,0.15,165000,12,1800,2022000,2187000,None,150000000,260000000,Oceania,145.8
2026-05-08,Global Carrier 50,314153005,Norway,Blocked,Rerouted,0,Yes (Cape of Good Hope),Crude Oil Tanker,Singapore,N/A (Exempt/Diplomatic),140000000,0.15,210000,12,1200,1548000,1758000,None,240000000,380000000,Europe,0.879
2026-05-08,Eastern Express 31,486764160,UAE,Taxed,Rerouted,0,Yes (Cape of Good Hope),LNG Carrier,Ningbo,N/A (Exempt/Diplomatic),220000000,0.15,330000,12,1800,2658000,2988000,None,200000000,420000000,Asia,0.8788235294117647
2026-05-08,Eastern Titan 18,224601779,UAE,Taxed,Passed,2000000,No,Bulk Carrier,Ningbo,Other Non-USD,45000000,1.25,562500,0,0,0,2562500,None,50000000,95000000,Asia,
2026-05-08,Northern Express 93,400478606,Israel,Blocked,Rerouted,0,Yes (Cape of Good Hope),Bulk Carrier,Rotterdam,N/A (Exempt/Diplomatic),45000000,0.15,67500,12,480,607200,674700,None,50000000,95000000,Asia,
2026-05-08,Red Trader 68,353142014,UK,Blocked,Rerouted,0,Yes (Cape of Good Hope),LNG Carrier,Rotterdam,N/A (Exempt/Diplomatic),220000000,0.15,330000,12,1800,2658000,2988000,None,200000000,420000000,Europe,0.8788235294117647
2026-05-08,Global Trader 63,409098769,China,Privileged,Passed,0,No,Crude Oil Tanker,Hidden/Private,N/A (Exempt/Diplomatic),140000000,0.05,70000,0,0,0,70000,Heavy (PLAN/RF Navy),240000000,380000000,Asia,0.035
2026-05-08,Golden Trader 72,255076321,China,Privileged,Passed,0,No,Crude Oil Tanker,Hidden/Private,N/A (Exempt/Diplomatic),140000000,0.05,70000,0,0,0,70000,Heavy (PLAN/RF Navy),240000000,380000000,Asia,0.035
2026-05-08,Ocean Leader 53,559098790,USA,Blocked,Rerouted,0,Yes (Cape of Good Hope),Container Ship,Houston,N/A (Exempt/Diplomatic),110000000,0.15,165000,12,1800,2022000,2187000,None,150000000,260000000,North America,145.8
2026-05-08,Global Leader 33,349542787,Israel,Blocked,Rerouted,0,Yes (Cape of Good Hope),Crude Oil Tanker,Mumbai,N/A (Exempt/Diplomatic),140000000,0.15,210000,12,1200,1548000,1758000,None,240000000,380000000,Asia,0.879
2026-05-08,Global Titan 47,316877277,Russia,Privileged,Passed,0,No,LNG Carrier,Hidden/Private,N/A (Exempt/Diplomatic),220000000,0.05,110000,0,0,0,110000,Heavy (PLAN/RF Navy),200000000,420000000,Eurasia,0.03235294117647059
2026-05-08,Iron Star 45,388520142,Germany,Blocked,Rerouted,0,Yes (Cape of Good Hope),Bulk Carrier,Ningbo,N/A (Exempt/Diplomatic),45000000,0.15,67500,12,480,607200,674700,None,50000000,95000000,Europe,
2026-05-08,Iron Express 41,343240225,Greece,Taxed,Passed,2000000,No,LNG Carrier,Ningbo,Tether (USDT) / Yuan,220000000,1.25,2750000,0,0,0,4750000,None,200000000,420000000,Europe,1.3970588235294117
2026-05-08,Red Leader 99,358728676,Iraq,Privileged,Passed,0,No,LNG Carrier,Hidden/Private,N/A (Exempt/Diplomatic),220000000,0.05,110000,0,0,0,110000,Light (Cooperative),200000000,420000000,Asia,0.03235294117647059
2026-05-08,Iron Trader 30,366987748,Iran,Privileged,Passed,0,No,LNG Carrier,Hidden/Private,N/A (Exempt/Diplomatic),220000000,0.05,110000,0,0,0,110000,Internal (IRGC Navy),200000000,420000000,Asia,0.03235294117647059
2026-05-08,Golden Titan 61,376234293,Turkey,Taxed,Passed,2000000,No,Bulk Carrier,Ningbo,Other Non-USD,45000000,1.25,562500,0,0,0,2562500,None,50000000,95000000,Asia,
2026-05-08,Ocean Express 65,200907996,Germany,Blocked,Rerouted,0,Yes (Cape of Good Hope),Crude Oil Tanker,Houston,N/A (Exempt/Diplomatic),140000000,0.15,210000,12,1200,1548000,1758000,None,240000000,380000000,Europe,0.879
2026-05-08,Iron Carrier 48,528391997,Germany,Blocked,Rerouted,0,Yes (Cape of Good Hope),Crude Oil Tanker,Mumbai,N/A (Exempt/Diplomatic),140000000,0.15,210000,12,1200,1548000,1758000,None,240000000,380000000,Europe,0.879
2026-05-08,Eastern Carrier 13,501316148,India,Taxed,Passed,2000000,No,Bulk Carrier,Rotterdam,Other Non-USD,45000000,1.25,562500,0,0,0,2562500,None,50000000,95000000,Asia,
2026-05-08,Golden Carrier 57,454079790,Germany,Blocked,Rerouted,0,Yes (Cape of Good Hope),Container Ship,Mumbai,N/A (Exempt/Diplomatic),110000000,0.15,165000,12,1800,2022000,2187000,None,150000000,260000000,Europe,145.8
2026-05-08,Iron Titan 21,349748461,Israel,Blocked,Rerouted,0,Yes (Cape of Good Hope),LNG Carrier,Rotterdam,N/A (Exempt/Diplomatic),220000000,0.15,330000,12,1800,2658000,2988000,None,200000000,420000000,Asia,0.8788235294117647
2026-05-08,Eastern Spirit 80,662127581,China,Privileged,Passed,0,No,Bulk Carrier,Hidden/Private,N/A (Exempt/Diplomatic),45000000,0.05,22500,0,0,0,22500,Heavy (PLAN/RF Navy),50000000,95000000,Asia,
2026-05-08,Northern Express 40,347423381,Israel,Blocked,Rerouted,0,Yes (Cape of Good Hope),LNG Carrier,Mumbai,N/A (Exempt/Diplomatic),220000000,0.15,330000,12,1800,2658000,2988000,None,200000000,420000000,Asia,0.8788235294117647
2026-05-08,Global Titan 27,595389973,Iran,Privileged,Passed,0,No,Container Ship,Hidden/Private,N/A (Exempt/Diplomatic),110000000,0.05,55000,0,0,0,55000,Internal (IRGC Navy),150000000,260000000,Asia,3.6666666666666665
2026-05-08,Ocean Express 48,656497707,Iran,Privileged,Passed,0,No,Container Ship,Hidden/Private,N/A (Exempt/Diplomatic),110000000,0.05,55000,0,0,0,55000,Internal (IRGC Navy),150000000,260000000,Asia,3.6666666666666665
2026-05-08,Eastern Titan 40,267764370,Norway,Blocked,Rerouted,0,Yes (Cape of Good Hope),Bulk Carrier,Houston,N/A (Exempt/Diplomatic),45000000,0.15,67500,12,480,607200,674700,None,50000000,95000000,Europe,
2026-05-08,Golden Trader 56,287324253,Marshall Islands,Taxed,Rerouted,0,Yes (Cape of Good Hope),Bulk Carrier,Mumbai,N/A (Exempt/Diplomatic),45000000,0.15,67500,12,480,607200,674700,None,50000000,95000000,Oceania,
2026-05-08,Eastern Carrier 13,686903727,USA,Blocked,Blocked/Waiting (Anchored off Oman),0,No,LNG Carrier,Rotterdam,N/A (Exempt/Diplomatic),220000000,0.5,1100000,0,0,0,1100000,None,200000000,420000000,North America,0.3235294117647059
2026-05-09,Northern Express 53,629814830,Iran,Privileged,Passed,0,No,Crude Oil Tanker,Hidden/Private,N/A (Exempt/Diplomatic),140000000,0.05,70000,0,0,0,70000,Internal (IRGC Navy),240000000,380000000,Asia,0.035
2026-05-09,Golden Carrier 57,454079790,Germany,Blocked,Rerouted,0,Yes (Cape of Good Hope),Crude Oil Tanker,Houston,N/A (Exempt/Diplomatic),140000000,0.15,210000,12,1200,1548000,1758000,None,240000000,380000000,Europe,0.879
2026-05-09,Red Titan 56,296336946,Panama,Taxed,Passed,2000000,No,Container Ship,Houston,Other Non-USD,110000000,1.25,1375000,0,0,0,3375000,None,150000000,260000000,North America,225.0
2026-05-09,Ocean Express 48,656497707,Iran,Privileged,Passed,0,No,LNG Carrier,Hidden/Private,N/A (Exempt/Diplomatic),220000000,0.05,110000,0,0,0,110000,Internal (IRGC Navy),200000000,420000000,Asia,0.03235294117647059
2026-05-09,Iron Carrier 97,586241038,India,Taxed,Passed,2000000,No,Bulk Carrier,Houston,Other Non-USD,45000000,1.25,562500,0,0,0,2562500,None,50000000,95000000,Asia,
2026-05-09,Ocean Trader 33,236787109,Pakistan,Privileged,Passed,0,No,Container Ship,Hidden/Private,N/A (Exempt/Diplomatic),110000000,0.05,55000,0,0,0,55000,Light (Cooperative),150000000,260000000,Asia,3.6666666666666665
2026-05-09,Northern Titan 15,365494940,Marshall Islands,Taxed,Passed,2000000,No,LNG Carrier,Mumbai,Other Non-USD,220000000,1.25,2750000,0,0,0,4750000,None,200000000,420000000,Oceania,1.3970588235294117
2026-05-09,Eastern Trader 32,472559523,Iran,Privileged,Passed,0,No,Container Ship,Hidden/Private,N/A (Exempt/Diplomatic),110000000,0.05,55000,0,0,0,55000,Internal (IRGC Navy),150000000,260000000,Asia,3.6666666666666665
2026-05-09,Global Trader 69,505935698,USA,Blocked,Rerouted,0,Yes (Cape of Good Hope),Bulk Carrier,Ningbo,N/A (Exempt/Diplomatic),45000000,0.15,67500,12,480,607200,674700,None,50000000,95000000,North America,
2026-05-09,Global Express 71,348444607,Germany,Blocked,Rerouted,0,Yes (Cape of Good Hope),Crude Oil Tanker,Singapore,N/A (Exempt/Diplomatic),140000000,0.15,210000,12,1200,1548000,1758000,None,240000000,380000000,Europe,0.879
2026-05-09,Eastern Titan 53,309305473,Turkey,Taxed,Passed,2000000,No,Crude Oil Tanker,Ningbo,Other Non-USD,140000000,1.25,1750000,0,0,0,3750000,None,240000000,380000000,Asia,1.875
2026-05-09,Ocean Trader 40,561204424,Panama,Taxed,Passed,2000000,No,LNG Carrier,Houston,Other Non-USD,220000000,1.25,2750000,0,0,0,4750000,None,200000000,420000000,North America,1.3970588235294117
2026-05-09,Red Spirit 36,430794441,Liberia,Taxed,Rerouted,0,Yes (Cape of Good Hope),LNG Carrier,Ningbo,N/A (Exempt/Diplomatic),220000000,0.15,330000,12,1800,2658000,2988000,None,200000000,420000000,Africa,0.8788235294117647
2026-05-09,Golden Spirit 74,366045938,UK,Blocked,Rerouted,0,Yes (Cape of Good Hope),LNG Carrier,Singapore,N/A (Exempt/Diplomatic),220000000,0.15,330000,12,1800,2658000,2988000,None,200000000,420000000,Europe,0.8788235294117647
2026-05-09,Eastern Star 57,512732442,Iraq,Privileged,Passed,0,No,Bulk Carrier,Hidden/Private,N/A (Exempt/Diplomatic),45000000,0.05,22500,0,0,0,22500,Light (Cooperative),50000000,95000000,Asia,
2026-05-09,Eastern Spirit 26,387372691,Pakistan,Privileged,Passed,0,No,Crude Oil Tanker,Hidden/Private,N/A (Exempt/Diplomatic),140000000,0.05,70000,0,0,0,70000,Light (Cooperative),240000000,380000000,Asia,0.035
2026-05-09,Ocean Titan 70,528175214,Pakistan,Privileged,Passed,0,No,LNG Carrier,Hidden/Private,N/A (Exempt/Diplomatic),220000000,0.05,110000,0,0,0,110000,Light (Cooperative),200000000,420000000,Asia,0.03235294117647059
2026-05-09,Red Carrier 69,423217093,Russia,Privileged,Passed,0,No,Container Ship,Hidden/Private,N/A (Exempt/Diplomatic),110000000,0.05,55000,0,0,0,55000,Heavy (PLAN/RF Navy),150000000,260000000,Eurasia,3.6666666666666665
2026-05-09,Ocean Trader 16,662301106,Iran,Privileged,Passed,0,No,LNG Carrier,Hidden/Private,N/A (Exempt/Diplomatic),220000000,0.05,110000,0,0,0,110000,Internal (IRGC Navy),200000000,420000000,Asia,0.03235294117647059
2026-05-09,Eastern Trader 98,307992155,Panama,Taxed,Rerouted,0,Yes (Cape of Good Hope),Bulk Carrier,Ningbo,N/A (Exempt/Diplomatic),45000000,0.15,67500,12,480,607200,674700,None,50000000,95000000,North America,
2026-05-09,Iron Carrier 15,386403601,UK,Blocked,Rerouted,0,Yes (Cape of Good Hope),LNG Carrier,Houston,N/A (Exempt/Diplomatic),220000000,0.15,330000,12,1800,2658000,2988000,None,200000000,420000000,Europe,0.8788235294117647
2026-05-09,Northern Star 79,227963244,Marshall Islands,Taxed,Passed,2000000,No,Bulk Carrier,Singapore,Other Non-USD,45000000,1.25,562500,0,0,0,2562500,None,50000000,95000000,Oceania,
2026-05-09,Golden Spirit 17,322969247,Russia,Privileged,Passed,0,No,Container Ship,Hidden/Private,N/A (Exempt/Diplomatic),110000000,0.05,55000,0,0,0,55000,Heavy (PLAN/RF Navy),150000000,260000000,Eurasia,3.6666666666666665
2026-05-09,Golden Trader 40,416775349,Iran,Privileged,Passed,0,No,Container Ship,Hidden/Private,N/A (Exempt/Diplomatic),110000000,0.05,55000,0,0,0,55000,Internal (IRGC Navy),150000000,260000000,Asia,3.6666666666666665
2026-05-09,Iron Express 48,651867790,Germany,Blocked,Blocked/Waiting (Anchored off Oman),0,No,Crude Oil Tanker,Mumbai,N/A (Exempt/Diplomatic),140000000,0.5,700000,0,0,0,700000,None,240000000,380000000,Europe,0.35
2026-05-09,Ocean Express 46,325892782,Turkey,Taxed,Rerouted,0,Yes (Cape of Good Hope),Bulk Carrier,Mumbai,N/A (Exempt/Diplomatic),45000000,0.15,67500,12,480,607200,674700,None,50000000,95000000,Asia,
2026-05-09,Ocean Carrier 40,349506343,Norway,Blocked,Rerouted,0,Yes (Cape of Good Hope),LNG Carrier,Singapore,N/A (Exempt/Diplomatic),220000000,0.15,330000,12,1800,2658000,2988000,None,200000000,420000000,Europe,0.8788235294117647
2026-05-09,Eastern Express 79,232726345,Liberia,Taxed,Passed,2000000,No,Bulk Carrier,Houston,Other Non-USD,45000000,1.25,562500,0,0,0,2562500,None,50000000,95000000,Africa,
2026-05-10,Red Trader 68,353142014,UK,Blocked,Rerouted,0,Yes (Cape of Good Hope),Container Ship,Singapore,N/A (Exempt/Diplomatic),110000000,0.15,165000,12,1800,2022000,2187000,None,150000000,260000000,Europe,145.8
2026-05-10,Eastern Express 29,697015667,UAE,Taxed,Passed,2000000,No,LNG Carrier,Singapore,Other Non-USD,220000000,1.25,2750000,0,0,0,4750000,None,200000000,420000000,Asia,1.3970588235294117
2026-05-10,Global Titan 34,487916220,Israel,Blocked,Rerouted,0,Yes (Cape of Good Hope),Crude Oil Tanker,Ningbo,N/A (Exempt/Diplomatic),140000000,0.15,210000,12,1200,1548000,1758000,None,240000000,380000000,Asia,0.879
2026-05-10,Eastern Carrier 50,605471762,Israel,Blocked,Rerouted,0,Yes (Cape of Good Hope),LNG Carrier,Ningbo,N/A (Exempt/Diplomatic),220000000,0.15,330000,12,1800,2658000,2988000,None,200000000,420000000,Asia,0.8788235294117647
2026-05-10,Golden Titan 61,376234293,Turkey,Taxed,Passed,2000000,No,Crude Oil Tanker,Houston,Other Non-USD,140000000,1.25,1750000,0,0,0,3750000,None,240000000,380000000,Asia,1.875
2026-05-10,Ocean Star 98,685292957,Iraq,Privileged,Passed,0,No,LNG Carrier,Hidden/Private,N/A (Exempt/Diplomatic),220000000,0.05,110000,0,0,0,110000,Light (Cooperative),200000000,420000000,Asia,0.03235294117647059
2026-05-10,Golden Spirit 30,597945315,Israel,Blocked,Rerouted,0,Yes (Cape of Good Hope),Bulk Carrier,Ningbo,N/A (Exempt/Diplomatic),45000000,0.15,67500,12,480,607200,674700,None,50000000,95000000,Asia,
2026-05-10,Ocean Titan 70,528175214,Pakistan,Privileged,Passed,0,No,Container Ship,Hidden/Private,N/A (Exempt/Diplomatic),110000000,0.05,55000,0,0,0,55000,Light (Cooperative),150000000,260000000,Asia,3.6666666666666665
2026-05-10,Global Trader 35,279110057,China,Privileged,Passed,0,No,Crude Oil Tanker,Hidden/Private,N/A (Exempt/Diplomatic),140000000,0.05,70000,0,0,0,70000,Heavy (PLAN/RF Navy),240000000,380000000,Asia,0.035
2026-05-10,Red Trader 63,335437245,Pakistan,Privileged,Passed,0,No,Bulk Carrier,Hidden/Private,N/A (Exempt/Diplomatic),45000000,0.05,22500,0,0,0,22500,Light (Cooperative),50000000,95000000,Asia,
2026-05-10,Global Titan 27,595389973,Iran,Privileged,Passed,0,No,Crude Oil Tanker,Hidden/Private,N/A (Exempt/Diplomatic),140000000,0.05,70000,0,0,0,70000,Internal (IRGC Navy),240000000,380000000,Asia,0.035
2026-05-10,Iron Trader 23,617911275,UK,Blocked,Rerouted,0,Yes (Cape of Good Hope),Container Ship,Singapore,N/A (Exempt/Diplomatic),110000000,0.15,165000,12,1800,2022000,2187000,None,150000000,260000000,Europe,145.8
2026-05-10,Iron Express 48,651867790,Germany,Blocked,Rerouted,0,Yes (Cape of Good Hope),Container Ship,Houston,N/A (Exempt/Diplomatic),110000000,0.15,165000,12,1800,2022000,2187000,None,150000000,260000000,Europe,145.8
2026-05-10,Red Leader 18,556609890,Liberia,Taxed,Rerouted,0,Yes (Cape of Good Hope),LNG Carrier,Houston,N/A (Exempt/Diplomatic),220000000,0.15,330000,12,1800,2658000,2988000,None,200000000,420000000,Africa,0.8788235294117647
2026-05-10,Global Express 70,495173558,Greece,Taxed,Passed,2000000,No,Bulk Carrier,Ningbo,Tether (USDT) / Yuan,45000000,1.25,562500,0,0,0,2562500,None,50000000,95000000,Europe,
2026-05-10,Global Leader 33,349542787,Israel,Blocked,Rerouted,0,Yes (Cape of Good Hope),Bulk Carrier,Singapore,N/A (Exempt/Diplomatic),45000000,0.15,67500,12,480,607200,674700,None,50000000,95000000,Asia,
2026-05-10,Global Leader 58,344927134,UAE,Taxed,Passed,2000000,No,Crude Oil Tanker,Ningbo,Other Non-USD,140000000,1.25,1750000,0,0,0,3750000,None,240000000,380000000,Asia,1.875
2026-05-10,Northern Titan 69,558403064,Germany,Blocked,Rerouted,0,Yes (Cape of Good Hope),LNG Carrier,Rotterdam,N/A (Exempt/Diplomatic),220000000,0.15,330000,12,1800,2658000,2988000,None,200000000,420000000,Europe,0.8788235294117647
2026-05-10,Ocean Express 48,656497707,Iran,Privileged,Passed,0,No,Crude Oil Tanker,Hidden/Private,N/A (Exempt/Diplomatic),140000000,0.05,70000,0,0,0,70000,Internal (IRGC Navy),240000000,380000000,Asia,0.035
2026-05-10,Golden Trader 40,416775349,Iran,Privileged,Passed,0,No,LNG Carrier,Hidden/Private,N/A (Exempt/Diplomatic),220000000,0.05,110000,0,0,0,110000,Internal (IRGC Navy),200000000,420000000,Asia,0.03235294117647059
2026-05-10,Red Leader 62,450731958,Russia,Privileged,Passed,0,No,Container Ship,Hidden/Private,N/A (Exempt/Diplomatic),110000000,0.05,55000,0,0,0,55000,Heavy (PLAN/RF Navy),150000000,260000000,Eurasia,3.6666666666666665
2026-05-10,Eastern Spirit 72,210456496,Iran,Privileged,Passed,0,No,LNG Carrier,Hidden/Private,N/A (Exempt/Diplomatic),220000000,0.05,110000,0,0,0,110000,Internal (IRGC Navy),200000000,420000000,Asia,0.03235294117647059
2026-05-10,Ocean Spirit 12,515845836,UAE,Taxed,Passed,2000000,No,LNG Carrier,Singapore,Other Non-USD,220000000,1.25,2750000,0,0,0,4750000,None,200000000,420000000,Asia,1.3970588235294117
2026-05-10,Global Carrier 20,245984845,Norway,Blocked,Blocked/Waiting (Anchored off Oman),0,No,Crude Oil Tanker,Houston,N/A (Exempt/Diplomatic),140000000,0.5,700000,0,0,0,700000,None,240000000,380000000,Europe,0.35
2026-05-10,Northern Titan 15,365494940,Marshall Islands,Taxed,Passed,2000000,No,Crude Oil Tanker,Rotterdam,Other Non-USD,140000000,1.25,1750000,0,0,0,3750000,None,240000000,380000000,Oceania,1.875
2026-05-10,Ocean Express 78,267958709,Turkey,Taxed,Passed,2000000,No,LNG Carrier,Houston,Other Non-USD,220000000,1.25,2750000,0,0,0,4750000,None,200000000,420000000,Asia,1.3970588235294117
2026-05-10,Eastern Spirit 80,662127581,China,Privileged,Passed,0,No,Crude Oil Tanker,Hidden/Private,N/A (Exempt/Diplomatic),140000000,0.05,70000,0,0,0,70000,Heavy (PLAN/RF Navy),240000000,380000000,Asia,0.035
2026-05-10,Golden Titan 65,294562809,Germany,Blocked,Blocked/Waiting (Anchored off Oman),0,No,Container Ship,Houston,N/A (Exempt/Diplomatic),110000000,0.5,550000,0,0,0,550000,None,150000000,260000000,Europe,36.666666666666664
2026-05-10,Golden Leader 44,364616964,Turkey,Taxed,Passed,2000000,No,Crude Oil Tanker,Houston,Other Non-USD,140000000,1.25,1750000,0,0,0,3750000,None,240000000,380000000,Asia,1.875
2026-05-10,Ocean Spirit 32,511701739,Turkey,Taxed,Passed,2000000,No,Container Ship,Singapore,Other Non-USD,110000000,1.25,1375000,0,0,0,3375000,None,150000000,260000000,Asia,225.0
2026-05-10,Eastern Titan 53,309305473,Turkey,Taxed,Passed,2000000,No,Crude Oil Tanker,Singapore,Other Non-USD,140000000,1.25,1750000,0,0,0,3750000,None,240000000,380000000,Asia,1.875
2026-05-11,Ocean Trader 40,561204424,Panama,Taxed,Passed,2000000,No,Bulk Carrier,Mumbai,Other Non-USD,45000000,1.25,562500,0,0,0,2562500,None,50000000,95000000,North America,
2026-05-11,Ocean Carrier 90,568535587,Russia,Privileged,Passed,0,No,Container Ship,Hidden/Private,N/A (Exempt/Diplomatic),110000000,0.05,55000,0,0,0,55000,Heavy (PLAN/RF Navy),150000000,260000000,Eurasia,3.6666666666666665
2026-05-11,Global Trader 19,437904006,Iran,Privileged,Passed,0,No,Bulk Carrier,Hidden/Private,N/A (Exempt/Diplomatic),45000000,0.05,22500,0,0,0,22500,Internal (IRGC Navy),50000000,95000000,Asia,
2026-05-11,Iron Spirit 61,343742291,Pakistan,Privileged,Passed,0,No,Bulk Carrier,Hidden/Private,N/A (Exempt/Diplomatic),45000000,0.05,22500,0,0,0,22500,Light (Cooperative),50000000,95000000,Asia,
2026-05-11,Eastern Titan 84,519180042,Russia,Privileged,Passed,0,No,Container Ship,Hidden/Private,N/A (Exempt/Diplomatic),110000000,0.05,55000,0,0,0,55000,Heavy (PLAN/RF Navy),150000000,260000000,Eurasia,3.6666666666666665
2026-05-11,Global Leader 51,381194227,USA,Blocked,Rerouted,0,Yes (Cape of Good Hope),Container Ship,Houston,N/A (Exempt/Diplomatic),110000000,0.15,165000,12,1800,2022000,2187000,None,150000000,260000000,North America,145.8
2026-05-11,Global Titan 59,572561470,Iraq,Privileged,Passed,0,No,Container Ship,Hidden/Private,N/A (Exempt/Diplomatic),110000000,0.05,55000,0,0,0,55000,Light (Cooperative),150000000,260000000,Asia,3.6666666666666665
2026-05-11,Iron Star 45,388520142,Germany,Blocked,Rerouted,0,Yes (Cape of Good Hope),Container Ship,Mumbai,N/A (Exempt/Diplomatic),110000000,0.15,165000,12,1800,2022000,2187000,None,150000000,260000000,Europe,145.8
2026-05-11,Golden Express 81,555339452,Norway,Blocked,Blocked/Waiting (Anchored off Oman),0,No,Bulk Carrier,Singapore,N/A (Exempt/Diplomatic),45000000,0.5,225000,0,0,0,225000,None,50000000,95000000,Europe,
2026-05-11,Eastern Titan 10,238114122,Russia,Privileged,Passed,0,No,LNG Carrier,Hidden/Private,N/A (Exempt/Diplomatic),220000000,0.05,110000,0,0,0,110000,Heavy (PLAN/RF Navy),200000000,420000000,Eurasia,0.03235294117647059
2026-05-11,Global Titan 27,595389973,Iran,Privileged,Passed,0,No,Crude Oil Tanker,Hidden/Private,N/A (Exempt/Diplomatic),140000000,0.05,70000,0,0,0,70000,Internal (IRGC Navy),240000000,380000000,Asia,0.035
2026-05-11,Global Leader 98,330623464,Panama,Taxed,Passed,2000000,No,Container Ship,Ningbo,Other Non-USD,110000000,1.25,1375000,0,0,0,3375000,None,150000000,260000000,North America,225.0
2026-05-11,Red Titan 56,296336946,Panama,Taxed,Rerouted,0,Yes (Cape of Good Hope),Container Ship,Mumbai,N/A (Exempt/Diplomatic),110000000,0.15,165000,12,1800,2022000,2187000,None,150000000,260000000,North America,145.8
2026-05-11,Ocean Leader 53,559098790,USA,Blocked,Blocked/Waiting (Anchored off Oman),0,No,Crude Oil Tanker,Ningbo,N/A (Exempt/Diplomatic),140000000,0.5,700000,0,0,0,700000,None,240000000,380000000,North America,0.35
2026-05-11,Eastern Trader 74,429104699,Israel,Blocked,Rerouted,0,Yes (Cape of Good Hope),Crude Oil Tanker,Rotterdam,N/A (Exempt/Diplomatic),140000000,0.15,210000,12,1200,1548000,1758000,None,240000000,380000000,Asia,0.879
2026-05-11,Eastern Spirit 80,662127581,China,Privileged,Passed,0,No,LNG Carrier,Hidden/Private,N/A (Exempt/Diplomatic),220000000,0.05,110000,0,0,0,110000,Heavy (PLAN/RF Navy),200000000,420000000,Asia,0.03235294117647059
2026-05-11,Global Star 34,369408512,Iran,Privileged,Passed,0,No,Container Ship,Hidden/Private,N/A (Exempt/Diplomatic),110000000,0.05,55000,0,0,0,55000,Internal (IRGC Navy),150000000,260000000,Asia,3.6666666666666665
2026-05-11,Global Express 71,348444607,Germany,Blocked,Blocked/Waiting (Anchored off Oman),0,No,Container Ship,Rotterdam,N/A (Exempt/Diplomatic),110000000,0.5,550000,0,0,0,550000,None,150000000,260000000,Europe,36.666666666666664
2026-05-11,Eastern Express 29,697015667,UAE,Taxed,Rerouted,0,Yes (Cape of Good Hope),LNG Carrier,Mumbai,N/A (Exempt/Diplomatic),220000000,0.15,330000,12,1800,2658000,2988000,None,200000000,420000000,Asia,0.8788235294117647
2026-05-11,Ocean Trader 63,641485549,Norway,Blocked,Rerouted,0,Yes (Cape of Good Hope),Crude Oil Tanker,Singapore,N/A (Exempt/Diplomatic),140000000,0.15,210000,12,1200,1548000,1758000,None,240000000,380000000,Europe,0.879
2026-05-11,Global Trader 70,633521651,UK,Blocked,Blocked/Waiting (Anchored off Oman),0,No,Container Ship,Houston,N/A (Exempt/Diplomatic),110000000,0.5,550000,0,0,0,550000,None,150000000,260000000,Europe,36.666666666666664
2026-05-11,Red Spirit 86,576445159,Turkey,Taxed,Passed,2000000,No,Bulk Carrier,Houston,Other Non-USD,45000000,1.25,562500,0,0,0,2562500,None,50000000,95000000,Asia,
2026-05-11,Iron Carrier 48,528391997,Germany,Blocked,Rerouted,0,Yes (Cape of Good Hope),LNG Carrier,Singapore,N/A (Exempt/Diplomatic),220000000,0.15,330000,12,1800,2658000,2988000,None,200000000,420000000,Europe,0.8788235294117647
2026-05-11,Golden Trader 72,255076321,China,Privileged,Passed,0,No,Container Ship,Hidden/Private,N/A (Exempt/Diplomatic),110000000,0.05,55000,0,0,0,55000,Heavy (PLAN/RF Navy),150000000,260000000,Asia,3.6666666666666665
2026-05-11,Northern Titan 15,365494940,Marshall Islands,Taxed,Rerouted,0,Yes (Cape of Good Hope),Bulk Carrier,Ningbo,N/A (Exempt/Diplomatic),45000000,0.15,67500,12,480,607200,674700,None,50000000,95000000,Oceania,
2026-05-11,Ocean Trader 16,662301106,Iran,Privileged,Passed,0,No,Crude Oil Tanker,Hidden/Private,N/A (Exempt/Diplomatic),140000000,0.05,70000,0,0,0,70000,Internal (IRGC Navy),240000000,380000000,Asia,0.035
2026-05-11,Red Trader 49,328554982,Russia,Privileged,Passed,0,No,LNG Carrier,Hidden/Private,N/A (Exempt/Diplomatic),220000000,0.05,110000,0,0,0,110000,Heavy (PLAN/RF Navy),200000000,420000000,Eurasia,0.03235294117647059
2026-05-11,Ocean Leader 83,302047765,Turkey,Taxed,Passed,2000000,No,Crude Oil Tanker,Mumbai,Other Non-USD,140000000,1.25,1750000,0,0,0,3750000,None,240000000,380000000,Asia,1.875
2026-05-12,Golden Star 13,598116895,Turkey,Taxed,Rerouted,0,Yes (Cape of Good Hope),Crude Oil Tanker,Houston,N/A (Exempt/Diplomatic),140000000,0.15,210000,12,1200,1548000,1758000,None,240000000,380000000,Asia,0.879
2026-05-12,Global Carrier 20,245984845,Norway,Blocked,Rerouted,0,Yes (Cape of Good Hope),Crude Oil Tanker,Houston,N/A (Exempt/Diplomatic),140000000,0.15,210000,12,1200,1548000,1758000,None,240000000,380000000,Europe,0.879
2026-05-12,Global Carrier 50,314153005,Norway,Blocked,Blocked/Waiting (Anchored off Oman),0,No,Bulk Carrier,Singapore,N/A (Exempt/Diplomatic),45000000,0.5,225000,0,0,0,225000,None,50000000,95000000,Europe,
2026-05-12,Ocean Trader 33,236787109,Pakistan,Privileged,Passed,0,No,Container Ship,Hidden/Private,N/A (Exempt/Diplomatic),110000000,0.05,55000,0,0,0,55000,Light (Cooperative),150000000,260000000,Asia,3.6666666666666665
2026-05-12,Red Spirit 39,319681170,China,Privileged,Passed,0,No,Container Ship,Hidden/Private,N/A (Exempt/Diplomatic),110000000,0.05,55000,0,0,0,55000,Heavy (PLAN/RF Navy),150000000,260000000,Asia,3.6666666666666665
2026-05-12,Ocean Star 98,685292957,Iraq,Privileged,Passed,0,No,LNG Carrier,Hidden/Private,N/A (Exempt/Diplomatic),220000000,0.05,110000,0,0,0,110000,Light (Cooperative),200000000,420000000,Asia,0.03235294117647059
2026-05-12,Northern Leader 85,344093758,Liberia,Taxed,Passed,2000000,No,Container Ship,Singapore,Other Non-USD,110000000,1.25,1375000,0,0,0,3375000,None,150000000,260000000,Africa,225.0
2026-05-12,Iron Leader 38,307144846,Israel,Blocked,Blocked/Waiting (Anchored off Oman),0,No,Crude Oil Tanker,Singapore,N/A (Exempt/Diplomatic),140000000,0.5,700000,0,0,0,700000,None,240000000,380000000,Asia,0.35
2026-05-12,Golden Titan 61,376234293,Turkey,Taxed,Rerouted,0,Yes (Cape of Good Hope),Crude Oil Tanker,Singapore,N/A (Exempt/Diplomatic),140000000,0.15,210000,12,1200,1548000,1758000,None,240000000,380000000,Asia,0.879
2026-05-12,Eastern Carrier 94,214550303,Pakistan,Privileged,Passed,0,No,LNG Carrier,Hidden/Private,N/A (Exempt/Diplomatic),220000000,0.05,110000,0,0,0,110000,Light (Cooperative),200000000,420000000,Asia,0.03235294117647059
2026-05-12,Global Carrier 26,588346949,Norway,Blocked,Rerouted,0,Yes (Cape of Good Hope),LNG Carrier,Mumbai,N/A (Exempt/Diplomatic),220000000,0.15,330000,12,1800,2658000,2988000,None,200000000,420000000,Europe,0.8788235294117647
2026-05-12,Eastern Carrier 50,605471762,Israel,Blocked,Rerouted,0,Yes (Cape of Good Hope),Bulk Carrier,Houston,N/A (Exempt/Diplomatic),45000000,0.15,67500,12,480,607200,674700,None,50000000,95000000,Asia,
2026-05-12,Ocean Star 21,317380369,UAE,Taxed,Passed,2000000,No,Bulk Carrier,Ningbo,Other Non-USD,45000000,1.25,562500,0,0,0,2562500,None,50000000,95000000,Asia,
2026-05-12,Northern Trader 12,249957637,Panama,Taxed,Rerouted,0,Yes (Cape of Good Hope),Container Ship,Mumbai,N/A (Exempt/Diplomatic),110000000,0.15,165000,12,1800,2022000,2187000,None,150000000,260000000,North America,145.8
2026-05-12,Red Titan 95,343332624,Pakistan,Privileged,Passed,0,No,Crude Oil Tanker,Hidden/Private,N/A (Exempt/Diplomatic),140000000,0.05,70000,0,0,0,70000,Light (Cooperative),240000000,380000000,Asia,0.035
2026-05-12,Northern Express 68,276703600,Turkey,Taxed,Passed,2000000,No,LNG Carrier,Singapore,Other Non-USD,220000000,1.25,2750000,0,0,0,4750000,None,200000000,420000000,Asia,1.3970588235294117
2026-05-12,Golden Titan 18,422730506,UK,Blocked,Rerouted,0,Yes (Cape of Good Hope),LNG Carrier,Houston,N/A (Exempt/Diplomatic),220000000,0.15,330000,12,1800,2658000,2988000,None,200000000,420000000,Europe,0.8788235294117647
2026-05-12,Eastern Titan 84,519180042,Russia,Privileged,Passed,0,No,Bulk Carrier,Hidden/Private,N/A (Exempt/Diplomatic),45000000,0.05,22500,0,0,0,22500,Heavy (PLAN/RF Navy),50000000,95000000,Eurasia,
2026-05-12,Iron Trader 83,404215510,Norway,Blocked,Rerouted,0,Yes (Cape of Good Hope),LNG Carrier,Singapore,N/A (Exempt/Diplomatic),220000000,0.15,330000,12,1800,2658000,2988000,None,200000000,420000000,Europe,0.8788235294117647
2026-05-12,Eastern Carrier 13,686903727,USA,Blocked,Rerouted,0,Yes (Cape of Good Hope),LNG Carrier,Ningbo,N/A (Exempt/Diplomatic),220000000,0.15,330000,12,1800,2658000,2988000,None,200000000,420000000,North America,0.8788235294117647
2026-05-12,Eastern Express 64,501134582,China,Privileged,Passed,0,No,Bulk Carrier,Hidden/Private,N/A (Exempt/Diplomatic),45000000,0.05,22500,0,0,0,22500,Heavy (PLAN/RF Navy),50000000,95000000,Asia,
2026-05-12,Golden Spirit 30,597945315,Israel,Blocked,Rerouted,0,Yes (Cape of Good Hope),LNG Carrier,Ningbo,N/A (Exempt/Diplomatic),220000000,0.15,330000,12,1800,2658000,2988000,None,200000000,420000000,Asia,0.8788235294117647
2026-05-12,Ocean Carrier 90,568535587,Russia,Privileged,Passed,0,No,Bulk Carrier,Hidden/Private,N/A (Exempt/Diplomatic),45000000,0.05,22500,0,0,0,22500,Heavy (PLAN/RF Navy),50000000,95000000,Eurasia,
2026-05-12,Global Titan 34,487916220,Israel,Blocked,Rerouted,0,Yes (Cape of Good Hope),Crude Oil Tanker,Rotterdam,N/A (Exempt/Diplomatic),140000000,0.15,210000,12,1200,1548000,1758000,None,240000000,380000000,Asia,0.879
2026-05-12,Northern Star 79,227963244,Marshall Islands,Taxed,Passed,2000000,No,Container Ship,Houston,Other Non-USD,110000000,1.25,1375000,0,0,0,3375000,None,150000000,260000000,Oceania,225.0
2026-05-12,Global Star 14,661513240,Liberia,Taxed,Rerouted,0,Yes (Cape of Good Hope),Crude Oil Tanker,Singapore,N/A (Exempt/Diplomatic),140000000,0.15,210000,12,1200,1548000,1758000,None,240000000,380000000,Africa,0.879
2026-05-12,Global Leader 95,403552071,Greece,Taxed,Passed,2000000,No,Bulk Carrier,Singapore,Tether (USDT) / Yuan,45000000,1.25,562500,0,0,0,2562500,None,50000000,95000000,Europe,
2026-05-12,Ocean Star 80,356839665,Iraq,Privileged,Passed,0,No,Bulk Carrier,Hidden/Private,N/A (Exempt/Diplomatic),45000000,0.05,22500,0,0,0,22500,Light (Cooperative),50000000,95000000,Asia,
2026-05-12,Ocean Leader 53,559098790,USA,Blocked,Rerouted,0,Yes (Cape of Good Hope),Bulk Carrier,Singapore,N/A (Exempt/Diplomatic),45000000,0.15,67500,12,480,607200,674700,None,50000000,95000000,North America,
2026-05-12,Global Titan 27,595389973,Iran,Privileged,Passed,0,No,LNG Carrier,Hidden/Private,N/A (Exempt/Diplomatic),220000000,0.05,110000,0,0,0,110000,Internal (IRGC Navy),200000000,420000000,Asia,0.03235294117647059
2026-05-12,Global Titan 47,316877277,Russia,Privileged,Passed,0,No,LNG Carrier,Hidden/Private,N/A (Exempt/Diplomatic),220000000,0.05,110000,0,0,0,110000,Heavy (PLAN/RF Navy),200000000,420000000,Eurasia,0.03235294117647059
2026-05-12,Eastern Trader 98,307992155,Panama,Taxed,Rerouted,0,Yes (Cape of Good Hope),Container Ship,Singapore,N/A (Exempt/Diplomatic),110000000,0.15,165000,12,1800,2022000,2187000,None,150000000,260000000,North America,145.8
2026-05-12,Iron Star 45,388520142,Germany,Blocked,Blocked/Waiting (Anchored off Oman),0,No,Crude Oil Tanker,Houston,N/A (Exempt/Diplomatic),140000000,0.5,700000,0,0,0,700000,None,240000000,380000000,Europe,0.35
2026-05-12,Global Titan 99,478076450,Israel,Blocked,Rerouted,0,Yes (Cape of Good Hope),LNG Carrier,Singapore,N/A (Exempt/Diplomatic),220000000,0.15,330000,12,1800,2658000,2988000,None,200000000,420000000,Asia,0.8788235294117647
2026-05-13,Eastern Carrier 48,418009946,China,Privileged,Passed,0,No,Bulk Carrier,Hidden/Private,N/A (Exempt/Diplomatic),45000000,0.05,22500,0,0,0,22500,Heavy (PLAN/RF Navy),50000000,95000000,Asia,
2026-05-13,Iron Carrier 48,528391997,Germany,Blocked,Rerouted,0,Yes (Cape of Good Hope),LNG Carrier,Houston,N/A (Exempt/Diplomatic),220000000,0.15,330000,12,1800,2658000,2988000,None,200000000,420000000,Europe,0.8788235294117647
2026-05-13,Red Spirit 86,576445159,Turkey,Taxed,Passed,2000000,No,Crude Oil Tanker,Mumbai,Other Non-USD,140000000,1.25,1750000,0,0,0,3750000,None,240000000,380000000,Asia,1.875
2026-05-13,Golden Express 79,246674928,UK,Blocked,Blocked/Waiting (Anchored off Oman),0,No,Container Ship,Singapore,N/A (Exempt/Diplomatic),110000000,0.5,550000,0,0,0,550000,None,150000000,260000000,Europe,36.666666666666664
2026-05-13,Ocean Star 21,317380369,UAE,Taxed,Rerouted,0,Yes (Cape of Good Hope),LNG Carrier,Singapore,N/A (Exempt/Diplomatic),220000000,0.15,330000,12,1800,2658000,2988000,None,200000000,420000000,Asia,0.8788235294117647
2026-05-13,Iron Titan 21,349748461,Israel,Blocked,Blocked/Waiting (Anchored off Oman),0,No,LNG Carrier,Singapore,N/A (Exempt/Diplomatic),220000000,0.5,1100000,0,0,0,1100000,None,200000000,420000000,Asia,0.3235294117647059
2026-05-13,Global Star 22,553788671,UK,Blocked,Rerouted,0,Yes (Cape of Good Hope),Bulk Carrier,Singapore,N/A (Exempt/Diplomatic),45000000,0.15,67500,12,480,607200,674700,None,50000000,95000000,Europe,
2026-05-13,Iron Titan 32,673206722,UK,Blocked,Rerouted,0,Yes (Cape of Good Hope),Crude Oil Tanker,Singapore,N/A (Exempt/Diplomatic),140000000,0.15,210000,12,1200,1548000,1758000,None,240000000,380000000,Europe,0.879
2026-05-13,Golden Titan 69,693675149,Iraq,Privileged,Passed,0,No,Crude Oil Tanker,Hidden/Private,N/A (Exempt/Diplomatic),140000000,0.05,70000,0,0,0,70000,Light (Cooperative),240000000,380000000,Asia,0.035
2026-05-13,Golden Carrier 64,682014990,USA,Blocked,Rerouted,0,Yes (Cape of Good Hope),Crude Oil Tanker,Ningbo,N/A (Exempt/Diplomatic),140000000,0.15,210000,12,1200,1548000,1758000,None,240000000,380000000,North America,0.879
2026-05-13,Golden Carrier 29,346215835,Panama,Taxed,Passed,2000000,No,Container Ship,Rotterdam,Other Non-USD,110000000,1.25,1375000,0,0,0,3375000,None,150000000,260000000,North America,225.0
2026-05-13,Northern Titan 15,365494940,Marshall Islands,Taxed,Passed,2000000,No,Bulk Carrier,Mumbai,Other Non-USD,45000000,1.25,562500,0,0,0,2562500,None,50000000,95000000,Oceania,
2026-05-13,Global Express 18,619421299,Russia,Privileged,Passed,0,No,Bulk Carrier,Hidden/Private,N/A (Exempt/Diplomatic),45000000,0.05,22500,0,0,0,22500,Heavy (PLAN/RF Navy),50000000,95000000,Eurasia,
2026-05-13,Global Titan 47,316877277,Russia,Privileged,Passed,0,No,Bulk Carrier,Hidden/Private,N/A (Exempt/Diplomatic),45000000,0.05,22500,0,0,0,22500,Heavy (PLAN/RF Navy),50000000,95000000,Eurasia,
2026-05-13,Ocean Spirit 12,515845836,UAE,Taxed,Passed,2000000,No,Bulk Carrier,Mumbai,Other Non-USD,45000000,1.25,562500,0,0,0,2562500,None,50000000,95000000,Asia,
2026-05-13,Golden Titan 18,422730506,UK,Blocked,Rerouted,0,Yes (Cape of Good Hope),Crude Oil Tanker,Mumbai,N/A (Exempt/Diplomatic),140000000,0.15,210000,12,1200,1548000,1758000,None,240000000,380000000,Europe,0.879
2026-05-13,Eastern Express 79,232726345,Liberia,Taxed,Passed,2000000,No,LNG Carrier,Houston,Other Non-USD,220000000,1.25,2750000,0,0,0,4750000,None,200000000,420000000,Africa,1.3970588235294117
2026-05-13,Ocean Express 79,648838894,China,Privileged,Passed,0,No,LNG Carrier,Hidden/Private,N/A (Exempt/Diplomatic),220000000,0.05,110000,0,0,0,110000,Heavy (PLAN/RF Navy),200000000,420000000,Asia,0.03235294117647059
2026-05-13,Ocean Star 84,455973885,Germany,Blocked,Blocked/Waiting (Anchored off Oman),0,No,Bulk Carrier,Mumbai,N/A (Exempt/Diplomatic),45000000,0.5,225000,0,0,0,225000,None,50000000,95000000,Europe,
2026-05-13,Eastern Leader 31,553717803,Pakistan,Privileged,Passed,0,No,Bulk Carrier,Hidden/Private,N/A (Exempt/Diplomatic),45000000,0.05,22500,0,0,0,22500,Light (Cooperative),50000000,95000000,Asia,
2026-05-13,Global Express 71,348444607,Germany,Blocked,Rerouted,0,Yes (Cape of Good Hope),Container Ship,Singapore,N/A (Exempt/Diplomatic),110000000,0.15,165000,12,1800,2022000,2187000,None,150000000,260000000,Europe,145.8
2026-05-13,Ocean Star 52,613991481,Iraq,Privileged,Passed,0,No,Crude Oil Tanker,Hidden/Private,N/A (Exempt/Diplomatic),140000000,0.05,70000,0,0,0,70000,Light (Cooperative),240000000,380000000,Asia,0.035
2026-05-13,Iron Trader 15,682606488,Marshall Islands,Taxed,Passed,2000000,No,Bulk Carrier,Singapore,Other Non-USD,45000000,1.25,562500,0,0,0,2562500,None,50000000,95000000,Oceania,
2026-05-13,Global Star 34,369408512,Iran,Privileged,Passed,0,No,LNG Carrier,Hidden/Private,N/A (Exempt/Diplomatic),220000000,0.05,110000,0,0,0,110000,Internal (IRGC Navy),200000000,420000000,Asia,0.03235294117647059
2026-05-13,Global Titan 93,569164473,China,Privileged,Passed,0,No,LNG Carrier,Hidden/Private,N/A (Exempt/Diplomatic),220000000,0.05,110000,0,0,0,110000,Heavy (PLAN/RF Navy),200000000,420000000,Asia,0.03235294117647059
2026-05-13,Golden Trader 50,434287182,Germany,Blocked,Rerouted,0,Yes (Cape of Good Hope),Bulk Carrier,Singapore,N/A (Exempt/Diplomatic),45000000,0.15,67500,12,480,607200,674700,None,50000000,95000000,Europe,
2026-05-13,Eastern Spirit 70,457007733,Israel,Blocked,Rerouted,0,Yes (Cape of Good Hope),Container Ship,Rotterdam,N/A (Exempt/Diplomatic),110000000,0.15,165000,12,1800,2022000,2187000,None,150000000,260000000,Asia,145.8
2026-05-13,Ocean Star 86,433304641,Marshall Islands,Taxed,Rerouted,0,Yes (Cape of Good Hope),Bulk Carrier,Ningbo,N/A (Exempt/Diplomatic),45000000,0.15,67500,12,480,607200,674700,None,50000000,95000000,Oceania,
2026-05-13,Red Trader 81,674666203,UK,Blocked,Rerouted,0,Yes (Cape of Good Hope),Bulk Carrier,Mumbai,N/A (Exempt/Diplomatic),45000000,0.15,67500,12,480,607200,674700,None,50000000,95000000,Europe,
2026-05-13,Eastern Star 76,302572638,Pakistan,Privileged,Passed,0,No,Container Ship,Hidden/Private,N/A (Exempt/Diplomatic),110000000,0.05,55000,0,0,0,55000,Light (Cooperative),150000000,260000000,Asia,3.6666666666666665
2026-05-13,Red Spirit 39,319681170,China,Privileged,Passed,0,No,Bulk Carrier,Hidden/Private,N/A (Exempt/Diplomatic),45000000,0.05,22500,0,0,0,22500,Heavy (PLAN/RF Navy),50000000,95000000,Asia,
2026-05-14,Ocean Star 80,356839665,Iraq,Privileged,Passed,0,No,LNG Carrier,Hidden/Private,N/A (Exempt/Diplomatic),220000000,0.05,110000,0,0,0,110000,Light (Cooperative),200000000,420000000,Asia,0.03235294117647059
2026-05-14,Eastern Carrier 94,214550303,Pakistan,Privileged,Passed,0,No,Crude Oil Tanker,Hidden/Private,N/A (Exempt/Diplomatic),140000000,0.05,70000,0,0,0,70000,Light (Cooperative),240000000,380000000,Asia,0.035
2026-05-14,Eastern Trader 74,429104699,Israel,Blocked,Rerouted,0,Yes (Cape of Good Hope),Container Ship,Mumbai,N/A (Exempt/Diplomatic),110000000,0.15,165000,12,1800,2022000,2187000,None,150000000,260000000,Asia,145.8
2026-05-14,Red Leader 99,358728676,Iraq,Privileged,Passed,0,No,LNG Carrier,Hidden/Private,N/A (Exempt/Diplomatic),220000000,0.05,110000,0,0,0,110000,Light (Cooperative),200000000,420000000,Asia,0.03235294117647059
2026-05-14,Northern Express 78,377784731,China,Privileged,Passed,0,No,LNG Carrier,Hidden/Private,N/A (Exempt/Diplomatic),220000000,0.05,110000,0,0,0,110000,Heavy (PLAN/RF Navy),200000000,420000000,Asia,0.03235294117647059
2026-05-14,Global Express 70,495173558,Greece,Taxed,Passed,2000000,No,Container Ship,Ningbo,Tether (USDT) / Yuan,110000000,1.25,1375000,0,0,0,3375000,None,150000000,260000000,Europe,225.0
2026-05-14,Ocean Spirit 12,515845836,UAE,Taxed,Rerouted,0,Yes (Cape of Good Hope),LNG Carrier,Rotterdam,N/A (Exempt/Diplomatic),220000000,0.15,330000,12,1800,2658000,2988000,None,200000000,420000000,Asia,0.8788235294117647
2026-05-14,Golden Express 99,492563230,UK,Blocked,Rerouted,0,Yes (Cape of Good Hope),Bulk Carrier,Mumbai,N/A (Exempt/Diplomatic),45000000,0.15,67500,12,480,607200,674700,None,50000000,95000000,Europe,
2026-05-14,Iron Express 53,259889117,Panama,Taxed,Passed,2000000,No,Container Ship,Houston,Other Non-USD,110000000,1.25,1375000,0,0,0,3375000,None,150000000,260000000,North America,225.0
2026-05-14,Golden Carrier 98,299401567,India,Taxed,Passed,2000000,No,Container Ship,Ningbo,Other Non-USD,110000000,1.25,1375000,0,0,0,3375000,None,150000000,260000000,Asia,225.0
2026-05-14,Ocean Express 79,648838894,China,Privileged,Passed,0,No,LNG Carrier,Hidden/Private,N/A (Exempt/Diplomatic),220000000,0.05,110000,0,0,0,110000,Heavy (PLAN/RF Navy),200000000,420000000,Asia,0.03235294117647059
2026-05-14,Golden Titan 65,294562809,Germany,Blocked,Rerouted,0,Yes (Cape of Good Hope),Container Ship,Houston,N/A (Exempt/Diplomatic),110000000,0.15,165000,12,1800,2022000,2187000,None,150000000,260000000,Europe,145.8
2026-05-14,Red Trader 68,353142014,UK,Blocked,Rerouted,0,Yes (Cape of Good Hope),Bulk Carrier,Mumbai,N/A (Exempt/Diplomatic),45000000,0.15,67500,12,480,607200,674700,None,50000000,95000000,Europe,
2026-05-14,Golden Leader 92,582167480,Norway,Blocked,Rerouted,0,Yes (Cape of Good Hope),LNG Carrier,Rotterdam,N/A (Exempt/Diplomatic),220000000,0.15,330000,12,1800,2658000,2988000,None,200000000,420000000,Europe,0.8788235294117647
2026-05-14,Golden Spirit 17,322969247,Russia,Privileged,Passed,0,No,Container Ship,Hidden/Private,N/A (Exempt/Diplomatic),110000000,0.05,55000,0,0,0,55000,Heavy (PLAN/RF Navy),150000000,260000000,Eurasia,3.6666666666666665
2026-05-14,Global Star 22,553788671,UK,Blocked,Rerouted,0,Yes (Cape of Good Hope),Container Ship,Mumbai,N/A (Exempt/Diplomatic),110000000,0.15,165000,12,1800,2022000,2187000,None,150000000,260000000,Europe,145.8
2026-05-14,Red Titan 16,335548300,Norway,Blocked,Rerouted,0,Yes (Cape of Good Hope),Crude Oil Tanker,Rotterdam,N/A (Exempt/Diplomatic),140000000,0.15,210000,12,1200,1548000,1758000,None,240000000,380000000,Europe,0.879
2026-05-14,Iron Leader 38,307144846,Israel,Blocked,Rerouted,0,Yes (Cape of Good Hope),LNG Carrier,Mumbai,N/A (Exempt/Diplomatic),220000000,0.15,330000,12,1800,2658000,2988000,None,200000000,420000000,Asia,0.8788235294117647
2026-05-14,Red Titan 27,473549845,Norway,Blocked,Rerouted,0,Yes (Cape of Good Hope),Crude Oil Tanker,Singapore,N/A (Exempt/Diplomatic),140000000,0.15,210000,12,1200,1548000,1758000,None,240000000,380000000,Europe,0.879
2026-05-14,Global Titan 81,489361229,Turkey,Taxed,Passed,2000000,No,Container Ship,Mumbai,Other Non-USD,110000000,1.25,1375000,0,0,0,3375000,None,150000000,260000000,Asia,225.0
2026-05-14,Golden Trader 56,287324253,Marshall Islands,Taxed,Rerouted,0,Yes (Cape of Good Hope),Container Ship,Mumbai,N/A (Exempt/Diplomatic),110000000,0.15,165000,12,1800,2022000,2187000,None,150000000,260000000,Oceania,145.8
2026-05-14,Red Carrier 94,539807534,Liberia,Taxed,Passed,2000000,No,Crude Oil Tanker,Houston,Other Non-USD,140000000,1.25,1750000,0,0,0,3750000,None,240000000,380000000,Africa,1.875
2026-05-14,Golden Titan 18,422730506,UK,Blocked,Rerouted,0,Yes (Cape of Good Hope),Container Ship,Houston,N/A (Exempt/Diplomatic),110000000,0.15,165000,12,1800,2022000,2187000,None,150000000,260000000,Europe,145.8
2026-05-14,Eastern Titan 18,224601779,UAE,Taxed,Passed,2000000,No,LNG Carrier,Ningbo,Other Non-USD,220000000,1.25,2750000,0,0,0,4750000,None,200000000,420000000,Asia,1.3970588235294117
2026-05-14,Global Leader 85,349352498,China,Privileged,Passed,0,No,Container Ship,Hidden/Private,N/A (Exempt/Diplomatic),110000000,0.05,55000,0,0,0,55000,Heavy (PLAN/RF Navy),150000000,260000000,Asia,3.6666666666666665
2026-05-14,Golden Carrier 57,454079790,Germany,Blocked,Blocked/Waiting (Anchored off Oman),0,No,LNG Carrier,Mumbai,N/A (Exempt/Diplomatic),220000000,0.5,1100000,0,0,0,1100000,None,200000000,420000000,Europe,0.3235294117647059
2026-05-14,Global Express 70,441629363,Turkey,Taxed,Rerouted,0,Yes (Cape of Good Hope),LNG Carrier,Houston,N/A (Exempt/Diplomatic),220000000,0.15,330000,12,1800,2658000,2988000,None,200000000,420000000,Asia,0.8788235294117647
2026-05-14,Iron Spirit 61,343742291,Pakistan,Privileged,Passed,0,No,Bulk Carrier,Hidden/Private,N/A (Exempt/Diplomatic),45000000,0.05,22500,0,0,0,22500,Light (Cooperative),50000000,95000000,Asia,
2026-05-14,Global Leader 98,330623464,Panama,Taxed,Rerouted,0,Yes (Cape of Good Hope),Bulk Carrier,Singapore,N/A (Exempt/Diplomatic),45000000,0.15,67500,12,480,607200,674700,None,50000000,95000000,North America,
2026-05-14,Eastern Express 79,232726345,Liberia,Taxed,Rerouted,0,Yes (Cape of Good Hope),Crude Oil Tanker,Ningbo,N/A (Exempt/Diplomatic),140000000,0.15,210000,12,1200,1548000,1758000,None,240000000,380000000,Africa,0.879
2026-05-14,Eastern Titan 40,267764370,Norway,Blocked,Rerouted,0,Yes (Cape of Good Hope),Crude Oil Tanker,Singapore,N/A (Exempt/Diplomatic),140000000,0.15,210000,12,1200,1548000,1758000,None,240000000,380000000,Europe,0.879
2026-05-15,Iron Carrier 30,230536988,Germany,Blocked,Blocked/Waiting (Anchored off Oman),0,No,LNG Carrier,Rotterdam,N/A (Exempt/Diplomatic),220000000,0.5,1100000,0,0,0,1100000,None,200000000,420000000,Europe,0.3235294117647059
2026-05-15,Golden Leader 92,582167480,Norway,Blocked,Rerouted,0,Yes (Cape of Good Hope),Container Ship,Rotterdam,N/A (Exempt/Diplomatic),110000000,0.15,165000,12,1800,2022000,2187000,None,150000000,260000000,Europe,145.8
2026-05-15,Golden Star 82,317018823,Israel,Blocked,Rerouted,0,Yes (Cape of Good Hope),LNG Carrier,Ningbo,N/A (Exempt/Diplomatic),220000000,0.15,330000,12,1800,2658000,2988000,None,200000000,420000000,Asia,0.8788235294117647
2026-05-15,Northern Leader 90,509060961,India,Taxed,Passed,2000000,No,Bulk Carrier,Singapore,Other Non-USD,45000000,1.25,562500,0,0,0,2562500,None,50000000,95000000,Asia,
2026-05-15,Eastern Titan 10,238114122,Russia,Privileged,Passed,0,No,Crude Oil Tanker,Hidden/Private,N/A (Exempt/Diplomatic),140000000,0.05,70000,0,0,0,70000,Heavy (PLAN/RF Navy),240000000,380000000,Eurasia,0.035
2026-05-15,Global Spirit 24,677660874,Iran,Privileged,Passed,0,No,Crude Oil Tanker,Hidden/Private,N/A (Exempt/Diplomatic),140000000,0.05,70000,0,0,0,70000,Internal (IRGC Navy),240000000,380000000,Asia,0.035
2026-05-15,Eastern Carrier 13,501316148,India,Taxed,Passed,2000000,No,LNG Carrier,Singapore,Other Non-USD,220000000,1.25,2750000,0,0,0,4750000,None,200000000,420000000,Asia,1.3970588235294117
2026-05-15,Eastern Spirit 72,210456496,Iran,Privileged,Passed,0,No,Container Ship,Hidden/Private,N/A (Exempt/Diplomatic),110000000,0.05,55000,0,0,0,55000,Internal (IRGC Navy),150000000,260000000,Asia,3.6666666666666665
2026-05-15,Ocean Carrier 47,645283238,Marshall Islands,Taxed,Rerouted,0,Yes (Cape of Good Hope),Crude Oil Tanker,Ningbo,N/A (Exempt/Diplomatic),140000000,0.15,210000,12,1200,1548000,1758000,None,240000000,380000000,Oceania,0.879
2026-05-15,Northern Express 40,347423381,Israel,Blocked,Rerouted,0,Yes (Cape of Good Hope),Crude Oil Tanker,Houston,N/A (Exempt/Diplomatic),140000000,0.15,210000,12,1200,1548000,1758000,None,240000000,380000000,Asia,0.879
2026-05-15,Golden Express 99,492563230,UK,Blocked,Rerouted,0,Yes (Cape of Good Hope),LNG Carrier,Singapore,N/A (Exempt/Diplomatic),220000000,0.15,330000,12,1800,2658000,2988000,None,200000000,420000000,Europe,0.8788235294117647
2026-05-15,Ocean Spirit 12,515845836,UAE,Taxed,Passed,2000000,No,Bulk Carrier,Mumbai,Other Non-USD,45000000,1.25,562500,0,0,0,2562500,None,50000000,95000000,Asia,
2026-05-15,Red Titan 27,473549845,Norway,Blocked,Rerouted,0,Yes (Cape of Good Hope),Crude Oil Tanker,Houston,N/A (Exempt/Diplomatic),140000000,0.15,210000,12,1200,1548000,1758000,None,240000000,380000000,Europe,0.879
2026-05-15,Eastern Titan 84,519180042,Russia,Privileged,Passed,0,No,Crude Oil Tanker,Hidden/Private,N/A (Exempt/Diplomatic),140000000,0.05,70000,0,0,0,70000,Heavy (PLAN/RF Navy),240000000,380000000,Eurasia,0.035
2026-05-15,Ocean Star 84,455973885,Germany,Blocked,Rerouted,0,Yes (Cape of Good Hope),Bulk Carrier,Ningbo,N/A (Exempt/Diplomatic),45000000,0.15,67500,12,480,607200,674700,None,50000000,95000000,Europe,
2026-05-15,Iron Express 53,259889117,Panama,Taxed,Passed,2000000,No,Crude Oil Tanker,Ningbo,Other Non-USD,140000000,1.25,1750000,0,0,0,3750000,None,240000000,380000000,North America,1.875
2026-05-15,Red Leader 80,377592227,Marshall Islands,Taxed,Passed,2000000,No,LNG Carrier,Singapore,Other Non-USD,220000000,1.25,2750000,0,0,0,4750000,None,200000000,420000000,Oceania,1.3970588235294117
2026-05-15,Red Leader 18,556609890,Liberia,Taxed,Passed,2000000,No,LNG Carrier,Mumbai,Other Non-USD,220000000,1.25,2750000,0,0,0,4750000,None,200000000,420000000,Africa,1.3970588235294117
2026-05-15,Golden Express 79,246674928,UK,Blocked,Rerouted,0,Yes (Cape of Good Hope),Container Ship,Ningbo,N/A (Exempt/Diplomatic),110000000,0.15,165000,12,1800,2022000,2187000,None,150000000,260000000,Europe,145.8
2026-05-15,Global Trader 19,437904006,Iran,Privileged,Passed,0,No,Crude Oil Tanker,Hidden/Private,N/A (Exempt/Diplomatic),140000000,0.05,70000,0,0,0,70000,Internal (IRGC Navy),240000000,380000000,Asia,0.035
2026-05-15,Northern Express 68,276703600,Turkey,Taxed,Passed,2000000,No,Container Ship,Houston,Other Non-USD,110000000,1.25,1375000,0,0,0,3375000,None,150000000,260000000,Asia,225.0
2026-05-15,Golden Trader 72,255076321,China,Privileged,Passed,0,No,LNG Carrier,Hidden/Private,N/A (Exempt/Diplomatic),220000000,0.05,110000,0,0,0,110000,Heavy (PLAN/RF Navy),200000000,420000000,Asia,0.03235294117647059
2026-05-15,Ocean Star 21,317380369,UAE,Taxed,Passed,2000000,No,Crude Oil Tanker,Ningbo,Other Non-USD,140000000,1.25,1750000,0,0,0,3750000,None,240000000,380000000,Asia,1.875
2026-05-15,Golden Express 59,465416722,USA,Blocked,Rerouted,0,Yes (Cape of Good Hope),Crude Oil Tanker,Houston,N/A (Exempt/Diplomatic),140000000,0.15,210000,12,1200,1548000,1758000,None,240000000,380000000,North America,0.879
2026-05-15,Golden Express 92,252837693,Russia,Privileged,Passed,0,No,Bulk Carrier,Hidden/Private,N/A (Exempt/Diplomatic),45000000,0.05,22500,0,0,0,22500,Heavy (PLAN/RF Navy),50000000,95000000,Eurasia,
2026-05-15,Ocean Star 52,613991481,Iraq,Privileged,Passed,0,No,Crude Oil Tanker,Hidden/Private,N/A (Exempt/Diplomatic),140000000,0.05,70000,0,0,0,70000,Light (Cooperative),240000000,380000000,Asia,0.035
2026-05-15,Ocean Star 86,433304641,Marshall Islands,Taxed,Rerouted,0,Yes (Cape of Good Hope),LNG Carrier,Houston,N/A (Exempt/Diplomatic),220000000,0.15,330000,12,1800,2658000,2988000,None,200000000,420000000,Oceania,0.8788235294117647
2026-05-15,Global Spirit 46,284689687,Israel,Blocked,Rerouted,0,Yes (Cape of Good Hope),LNG Carrier,Singapore,N/A (Exempt/Diplomatic),220000000,0.15,330000,12,1800,2658000,2988000,None,200000000,420000000,Asia,0.8788235294117647
2026-05-15,Global Titan 93,569164473,China,Privileged,Passed,0,No,LNG Carrier,Hidden/Private,N/A (Exempt/Diplomatic),220000000,0.05,110000,0,0,0,110000,Heavy (PLAN/RF Navy),200000000,420000000,Asia,0.03235294117647059
2026-05-15,Red Trader 81,674666203,UK,Blocked,Rerouted,0,Yes (Cape of Good Hope),Bulk Carrier,Singapore,N/A (Exempt/Diplomatic),45000000,0.15,67500,12,480,607200,674700,None,50000000,95000000,Europe,
2026-05-15,Red Spirit 36,430794441,Liberia,Taxed,Passed,2000000,No,Crude Oil Tanker,Singapore,Other Non-USD,140000000,1.25,1750000,0,0,0,3750000,None,240000000,380000000,Africa,1.875
2026-05-15,Red Spirit 29,315595695,Liberia,Taxed,Passed,2000000,No,LNG Carrier,Mumbai,Other Non-USD,220000000,1.25,2750000,0,0,0,4750000,None,200000000,420000000,Africa,1.3970588235294117
2026-05-15,Eastern Titan 53,309305473,Turkey,Taxed,Passed,2000000,No,Container Ship,Singapore,Other Non-USD,110000000,1.25,1375000,0,0,0,3375000,None,150000000,260000000,Asia,225.0
2026-05-15,Golden Spirit 17,322969247,Russia,Privileged,Passed,0,No,Bulk Carrier,Hidden/Private,N/A (Exempt/Diplomatic),45000000,0.05,22500,0,0,0,22500,Heavy (PLAN/RF Navy),50000000,95000000,Eurasia,
2026-05-16,Eastern Titan 10,238114122,Russia,Privileged,Passed,0,No,Container Ship,Hidden/Private,N/A (Exempt/Diplomatic),110000000,0.05,55000,0,0,0,55000,Heavy (PLAN/RF Navy),150000000,260000000,Eurasia,3.6666666666666665
2026-05-16,Iron Trader 63,488954965,UAE,Taxed,Rerouted,0,Yes (Cape of Good Hope),Container Ship,Houston,N/A (Exempt/Diplomatic),110000000,0.15,165000,12,1800,2022000,2187000,None,150000000,260000000,Asia,145.8
2026-05-16,Ocean Spirit 12,515845836,UAE,Taxed,Rerouted,0,Yes (Cape of Good Hope),Bulk Carrier,Mumbai,N/A (Exempt/Diplomatic),45000000,0.15,67500,12,480,607200,674700,None,50000000,95000000,Asia,
2026-05-16,Global Titan 59,572561470,Iraq,Privileged,Passed,0,No,Container Ship,Hidden/Private,N/A (Exempt/Diplomatic),110000000,0.05,55000,0,0,0,55000,Light (Cooperative),150000000,260000000,Asia,3.6666666666666665
2026-05-16,Eastern Express 64,501134582,China,Privileged,Passed,0,No,Bulk Carrier,Hidden/Private,N/A (Exempt/Diplomatic),45000000,0.05,22500,0,0,0,22500,Heavy (PLAN/RF Navy),50000000,95000000,Asia,
2026-05-16,Global Spirit 24,677660874,Iran,Privileged,Passed,0,No,Crude Oil Tanker,Hidden/Private,N/A (Exempt/Diplomatic),140000000,0.05,70000,0,0,0,70000,Internal (IRGC Navy),240000000,380000000,Asia,0.035
2026-05-16,Global Express 71,348444607,Germany,Blocked,Rerouted,0,Yes (Cape of Good Hope),Crude Oil Tanker,Rotterdam,N/A (Exempt/Diplomatic),140000000,0.15,210000,12,1200,1548000,1758000,None,240000000,380000000,Europe,0.879
2026-05-16,Northern Leader 66,562724611,India,Taxed,Passed,2000000,No,LNG Carrier,Ningbo,Other Non-USD,220000000,1.25,2750000,0,0,0,4750000,None,200000000,420000000,Asia,1.3970588235294117
2026-05-16,Ocean Trader 33,236787109,Pakistan,Privileged,Passed,0,No,Crude Oil Tanker,Hidden/Private,N/A (Exempt/Diplomatic),140000000,0.05,70000,0,0,0,70000,Light (Cooperative),240000000,380000000,Asia,0.035
2026-05-16,Global Leader 51,381194227,USA,Blocked,Rerouted,0,Yes (Cape of Good Hope),Container Ship,Ningbo,N/A (Exempt/Diplomatic),110000000,0.15,165000,12,1800,2022000,2187000,None,150000000,260000000,North America,145.8
2026-05-16,Red Carrier 69,423217093,Russia,Privileged,Passed,0,No,Crude Oil Tanker,Hidden/Private,N/A (Exempt/Diplomatic),140000000,0.05,70000,0,0,0,70000,Heavy (PLAN/RF Navy),240000000,380000000,Eurasia,0.035
2026-05-16,Iron Star 78,611154230,Iraq,Privileged,Passed,0,No,Crude Oil Tanker,Hidden/Private,N/A (Exempt/Diplomatic),140000000,0.05,70000,0,0,0,70000,Light (Cooperative),240000000,380000000,Asia,0.035
2026-05-16,Red Titan 95,343332624,Pakistan,Privileged,Passed,0,No,Container Ship,Hidden/Private,N/A (Exempt/Diplomatic),110000000,0.05,55000,0,0,0,55000,Light (Cooperative),150000000,260000000,Asia,3.6666666666666665
2026-05-16,Iron Titan 91,348880396,Germany,Blocked,Rerouted,0,Yes (Cape of Good Hope),Bulk Carrier,Rotterdam,N/A (Exempt/Diplomatic),45000000,0.15,67500,12,480,607200,674700,None,50000000,95000000,Europe,
2026-05-16,Red Trader 49,328554982,Russia,Privileged,Passed,0,No,Bulk Carrier,Hidden/Private,N/A (Exempt/Diplomatic),45000000,0.05,22500,0,0,0,22500,Heavy (PLAN/RF Navy),50000000,95000000,Eurasia,
2026-05-16,Red Leader 99,358728676,Iraq,Privileged,Passed,0,No,LNG Carrier,Hidden/Private,N/A (Exempt/Diplomatic),220000000,0.05,110000,0,0,0,110000,Light (Cooperative),200000000,420000000,Asia,0.03235294117647059
2026-05-16,Global Spirit 60,270264740,Panama,Taxed,Passed,2000000,No,Crude Oil Tanker,Rotterdam,Other Non-USD,140000000,1.25,1750000,0,0,0,3750000,None,240000000,380000000,North America,1.875
2026-05-16,Eastern Express 79,232726345,Liberia,Taxed,Passed,2000000,No,LNG Carrier,Singapore,Other Non-USD,220000000,1.25,2750000,0,0,0,4750000,None,200000000,420000000,Africa,1.3970588235294117
2026-05-16,Red Spirit 79,243259801,Iraq,Privileged,Passed,0,No,Crude Oil Tanker,Hidden/Private,N/A (Exempt/Diplomatic),140000000,0.05,70000,0,0,0,70000,Light (Cooperative),240000000,380000000,Asia,0.035
2026-05-16,Iron Trader 15,682606488,Marshall Islands,Taxed,Passed,2000000,No,Crude Oil Tanker,Mumbai,Other Non-USD,140000000,1.25,1750000,0,0,0,3750000,None,240000000,380000000,Oceania,1.875
2026-05-16,Global Leader 95,403552071,Greece,Taxed,Passed,2000000,No,Container Ship,Mumbai,Tether (USDT) / Yuan,110000000,1.25,1375000,0,0,0,3375000,None,150000000,260000000,Europe,225.0
2026-05-16,Golden Star 13,598116895,Turkey,Taxed,Passed,2000000,No,Crude Oil Tanker,Houston,Other Non-USD,140000000,1.25,1750000,0,0,0,3750000,None,240000000,380000000,Asia,1.875
2026-05-16,Northern Express 35,240800296,UAE,Taxed,Rerouted,0,Yes (Cape of Good Hope),Crude Oil Tanker,Rotterdam,N/A (Exempt/Diplomatic),140000000,0.15,210000,12,1200,1548000,1758000,None,240000000,380000000,Asia,0.879
2026-05-16,Global Titan 99,478076450,Israel,Blocked,Blocked/Waiting (Anchored off Oman),0,No,Crude Oil Tanker,Ningbo,N/A (Exempt/Diplomatic),140000000,0.5,700000,0,0,0,700000,None,240000000,380000000,Asia,0.35
2026-05-16,Iron Titan 32,673206722,UK,Blocked,Blocked/Waiting (Anchored off Oman),0,No,Crude Oil Tanker,Rotterdam,N/A (Exempt/Diplomatic),140000000,0.5,700000,0,0,0,700000,None,240000000,380000000,Europe,0.35
2026-05-16,Global Titan 82,363120451,Pakistan,Privileged,Passed,0,No,LNG Carrier,Hidden/Private,N/A (Exempt/Diplomatic),220000000,0.05,110000,0,0,0,110000,Light (Cooperative),200000000,420000000,Asia,0.03235294117647059
2026-05-16,Eastern Carrier 13,501316148,India,Taxed,Passed,2000000,No,LNG Carrier,Ningbo,Other Non-USD,220000000,1.25,2750000,0,0,0,4750000,None,200000000,420000000,Asia,1.3970588235294117
2026-05-16,Eastern Titan 40,267764370,Norway,Blocked,Rerouted,0,Yes (Cape of Good Hope),LNG Carrier,Houston,N/A (Exempt/Diplomatic),220000000,0.15,330000,12,1800,2658000,2988000,None,200000000,420000000,Europe,0.8788235294117647
2026-05-16,Northern Trader 12,249957637,Panama,Taxed,Passed,2000000,No,LNG Carrier,Houston,Other Non-USD,220000000,1.25,2750000,0,0,0,4750000,None,200000000,420000000,North America,1.3970588235294117
2026-05-16,Iron Titan 21,349748461,Israel,Blocked,Rerouted,0,Yes (Cape of Good Hope),Container Ship,Rotterdam,N/A (Exempt/Diplomatic),110000000,0.15,165000,12,1800,2022000,2187000,None,150000000,260000000,Asia,145.8
2026-05-16,Ocean Trader 40,289287596,UK,Blocked,Rerouted,0,Yes (Cape of Good Hope),Bulk Carrier,Singapore,N/A (Exempt/Diplomatic),45000000,0.15,67500,12,480,607200,674700,None,50000000,95000000,Europe,
2026-05-16,Red Titan 16,335548300,Norway,Blocked,Rerouted,0,Yes (Cape of Good Hope),Container Ship,Rotterdam,N/A (Exempt/Diplomatic),110000000,0.15,165000,12,1800,2022000,2187000,None,150000000,260000000,Europe,145.8
2026-05-16,Golden Trader 56,287324253,Marshall Islands,Taxed,Rerouted,0,Yes (Cape of Good Hope),LNG Carrier,Houston,N/A (Exempt/Diplomatic),220000000,0.15,330000,12,1800,2658000,2988000,None,200000000,420000000,Oceania,0.8788235294117647
2026-05-16,Ocean Express 46,325892782,Turkey,Taxed,Passed,2000000,No,Bulk Carrier,Ningbo,Other Non-USD,45000000,1.25,562500,0,0,0,2562500,None,50000000,95000000,Asia,
2026-05-17,Eastern Spirit 94,655274738,Iran,Privileged,Passed,0,No,Crude Oil Tanker,Hidden/Private,N/A (Exempt/Diplomatic),140000000,0.05,70000,0,0,0,70000,Internal (IRGC Navy),240000000,380000000,Asia,0.035
2026-05-17,Ocean Star 98,685292957,Iraq,Privileged,Passed,0,No,Bulk Carrier,Hidden/Private,N/A (Exempt/Diplomatic),45000000,0.05,22500,0,0,0,22500,Light (Cooperative),50000000,95000000,Asia,
2026-05-17,Iron Carrier 48,528391997,Germany,Blocked,Blocked/Waiting (Anchored off Oman),0,No,LNG Carrier,Rotterdam,N/A (Exempt/Diplomatic),220000000,0.5,1100000,0,0,0,1100000,None,200000000,420000000,Europe,0.3235294117647059
2026-05-17,Golden Titan 18,422730506,UK,Blocked,Rerouted,0,Yes (Cape of Good Hope),Bulk Carrier,Ningbo,N/A (Exempt/Diplomatic),45000000,0.15,67500,12,480,607200,674700,None,50000000,95000000,Europe,
2026-05-17,Golden Carrier 29,346215835,Panama,Taxed,Rerouted,0,Yes (Cape of Good Hope),Bulk Carrier,Houston,N/A (Exempt/Diplomatic),45000000,0.15,67500,12,480,607200,674700,None,50000000,95000000,North America,
2026-05-17,Red Trader 81,674666203,UK,Blocked,Rerouted,0,Yes (Cape of Good Hope),Bulk Carrier,Mumbai,N/A (Exempt/Diplomatic),45000000,0.15,67500,12,480,607200,674700,None,50000000,95000000,Europe,
2026-05-17,Northern Express 78,377784731,China,Privileged,Passed,0,No,Crude Oil Tanker,Hidden/Private,N/A (Exempt/Diplomatic),140000000,0.05,70000,0,0,0,70000,Heavy (PLAN/RF Navy),240000000,380000000,Asia,0.035
2026-05-17,Eastern Star 49,509128512,USA,Blocked,Rerouted,0,Yes (Cape of Good Hope),LNG Carrier,Rotterdam,N/A (Exempt/Diplomatic),220000000,0.15,330000,12,1800,2658000,2988000,None,200000000,420000000,North America,0.8788235294117647
2026-05-17,Ocean Express 65,200907996,Germany,Blocked,Rerouted,0,Yes (Cape of Good Hope),Container Ship,Ningbo,N/A (Exempt/Diplomatic),110000000,0.15,165000,12,1800,2022000,2187000,None,150000000,260000000,Europe,145.8
2026-05-17,Global Star 34,369408512,Iran,Privileged,Passed,0,No,Container Ship,Hidden/Private,N/A (Exempt/Diplomatic),110000000,0.05,55000,0,0,0,55000,Internal (IRGC Navy),150000000,260000000,Asia,3.6666666666666665
2026-05-17,Global Spirit 24,677660874,Iran,Privileged,Passed,0,No,Crude Oil Tanker,Hidden/Private,N/A (Exempt/Diplomatic),140000000,0.05,70000,0,0,0,70000,Internal (IRGC Navy),240000000,380000000,Asia,0.035
2026-05-17,Northern Star 79,227963244,Marshall Islands,Taxed,Passed,2000000,No,Bulk Carrier,Rotterdam,Other Non-USD,45000000,1.25,562500,0,0,0,2562500,None,50000000,95000000,Oceania,
2026-05-17,Ocean Trader 40,289287596,UK,Blocked,Rerouted,0,Yes (Cape of Good Hope),Container Ship,Rotterdam,N/A (Exempt/Diplomatic),110000000,0.15,165000,12,1800,2022000,2187000,None,150000000,260000000,Europe,145.8
2026-05-17,Ocean Spirit 48,604518879,USA,Blocked,Rerouted,0,Yes (Cape of Good Hope),Bulk Carrier,Mumbai,N/A (Exempt/Diplomatic),45000000,0.15,67500,12,480,607200,674700,None,50000000,95000000,North America,
2026-05-17,Global Titan 59,572561470,Iraq,Privileged,Passed,0,No,Container Ship,Hidden/Private,N/A (Exempt/Diplomatic),110000000,0.05,55000,0,0,0,55000,Light (Cooperative),150000000,260000000,Asia,3.6666666666666665
2026-05-17,Red Leader 62,450731958,Russia,Privileged,Passed,0,No,Container Ship,Hidden/Private,N/A (Exempt/Diplomatic),110000000,0.05,55000,0,0,0,55000,Heavy (PLAN/RF Navy),150000000,260000000,Eurasia,3.6666666666666665
2026-05-17,Eastern Express 29,697015667,UAE,Taxed,Passed,2000000,No,Crude Oil Tanker,Ningbo,Other Non-USD,140000000,1.25,1750000,0,0,0,3750000,None,240000000,380000000,Asia,1.875
2026-05-17,Ocean Carrier 90,568535587,Russia,Privileged,Passed,0,No,Crude Oil Tanker,Hidden/Private,N/A (Exempt/Diplomatic),140000000,0.05,70000,0,0,0,70000,Heavy (PLAN/RF Navy),240000000,380000000,Eurasia,0.035
2026-05-17,Golden Express 81,555339452,Norway,Blocked,Rerouted,0,Yes (Cape of Good Hope),Container Ship,Rotterdam,N/A (Exempt/Diplomatic),110000000,0.15,165000,12,1800,2022000,2187000,None,150000000,260000000,Europe,145.8
2026-05-17,Northern Titan 15,365494940,Marshall Islands,Taxed,Passed,2000000,No,Crude Oil Tanker,Mumbai,Other Non-USD,140000000,1.25,1750000,0,0,0,3750000,None,240000000,380000000,Oceania,1.875
2026-05-17,Red Leader 99,358728676,Iraq,Privileged,Passed,0,No,LNG Carrier,Hidden/Private,N/A (Exempt/Diplomatic),220000000,0.05,110000,0,0,0,110000,Light (Cooperative),200000000,420000000,Asia,0.03235294117647059
2026-05-17,Golden Spirit 74,366045938,UK,Blocked,Rerouted,0,Yes (Cape of Good Hope),LNG Carrier,Ningbo,N/A (Exempt/Diplomatic),220000000,0.15,330000,12,1800,2658000,2988000,None,200000000,420000000,Europe,0.8788235294117647
2026-05-17,Iron Leader 38,307144846,Israel,Blocked,Rerouted,0,Yes (Cape of Good Hope),Container Ship,Singapore,N/A (Exempt/Diplomatic),110000000,0.15,165000,12,1800,2022000,2187000,None,150000000,260000000,Asia,145.8
2026-05-17,Golden Star 13,598116895,Turkey,Taxed,Passed,2000000,No,Crude Oil Tanker,Ningbo,Other Non-USD,140000000,1.25,1750000,0,0,0,3750000,None,240000000,380000000,Asia,1.875
2026-05-17,Red Spirit 29,315595695,Liberia,Taxed,Passed,2000000,No,Container Ship,Ningbo,Other Non-USD,110000000,1.25,1375000,0,0,0,3375000,None,150000000,260000000,Africa,225.0
2026-05-17,Eastern Titan 84,519180042,Russia,Privileged,Passed,0,No,LNG Carrier,Hidden/Private,N/A (Exempt/Diplomatic),220000000,0.05,110000,0,0,0,110000,Heavy (PLAN/RF Navy),200000000,420000000,Eurasia,0.03235294117647059
2026-05-17,Global Star 43,403529838,Liberia,Taxed,Passed,2000000,No,Container Ship,Houston,Other Non-USD,110000000,1.25,1375000,0,0,0,3375000,None,150000000,260000000,Africa,225.0
2026-05-17,Eastern Carrier 13,501316148,India,Taxed,Passed,2000000,No,Container Ship,Mumbai,Other Non-USD,110000000,1.25,1375000,0,0,0,3375000,None,150000000,260000000,Asia,225.0
2026-05-17,Eastern Carrier 50,605471762,Israel,Blocked,Rerouted,0,Yes (Cape of Good Hope),Container Ship,Ningbo,N/A (Exempt/Diplomatic),110000000,0.15,165000,12,1800,2022000,2187000,None,150000000,260000000,Asia,145.8
2026-05-17,Eastern Trader 32,472559523,Iran,Privileged,Passed,0,No,LNG Carrier,Hidden/Private,N/A (Exempt/Diplomatic),220000000,0.05,110000,0,0,0,110000,Internal (IRGC Navy),200000000,420000000,Asia,0.03235294117647059
2026-05-17,Eastern Carrier 22,239331548,India,Taxed,Passed,2000000,No,LNG Carrier,Singapore,Other Non-USD,220000000,1.25,2750000,0,0,0,4750000,None,200000000,420000000,Asia,1.3970588235294117
2026-05-17,Global Titan 27,595389973,Iran,Privileged,Passed,0,No,Container Ship,Hidden/Private,N/A (Exempt/Diplomatic),110000000,0.05,55000,0,0,0,55000,Internal (IRGC Navy),150000000,260000000,Asia,3.6666666666666665
2026-05-17,Northern Spirit 19,205001198,Israel,Blocked,Rerouted,0,Yes (Cape of Good Hope),LNG Carrier,Houston,N/A (Exempt/Diplomatic),220000000,0.15,330000,12,1800,2658000,2988000,None,200000000,420000000,Asia,0.8788235294117647
2026-05-17,Northern Express 53,629814830,Iran,Privileged,Passed,0,No,LNG Carrier,Hidden/Private,N/A (Exempt/Diplomatic),220000000,0.05,110000,0,0,0,110000,Internal (IRGC Navy),200000000,420000000,Asia,0.03235294117647059
2026-05-17,Golden Leader 44,364616964,Turkey,Taxed,Rerouted,0,Yes (Cape of Good Hope),Bulk Carrier,Singapore,N/A (Exempt/Diplomatic),45000000,0.15,67500,12,480,607200,674700,None,50000000,95000000,Asia,
2026-05-17,Global Titan 82,363120451,Pakistan,Privileged,Passed,0,No,Bulk Carrier,Hidden/Private,N/A (Exempt/Diplomatic),45000000,0.05,22500,0,0,0,22500,Light (Cooperative),50000000,95000000,Asia,
2026-05-18,Global Express 30,625244369,UK,Blocked,Rerouted,0,Yes (Cape of Good Hope),LNG Carrier,Houston,N/A (Exempt/Diplomatic),220000000,0.15,330000,12,1800,2658000,2988000,None,200000000,420000000,Europe,0.8788235294117647
2026-05-18,Northern Leader 85,344093758,Liberia,Taxed,Passed,2000000,No,Bulk Carrier,Rotterdam,Other Non-USD,45000000,1.25,562500,0,0,0,2562500,None,50000000,95000000,Africa,
2026-05-18,Northern Express 78,377784731,China,Privileged,Passed,0,No,Bulk Carrier,Hidden/Private,N/A (Exempt/Diplomatic),45000000,0.05,22500,0,0,0,22500,Heavy (PLAN/RF Navy),50000000,95000000,Asia,
2026-05-18,Golden Trader 50,434287182,Germany,Blocked,Rerouted,0,Yes (Cape of Good Hope),Crude Oil Tanker,Mumbai,N/A (Exempt/Diplomatic),140000000,0.15,210000,12,1200,1548000,1758000,None,240000000,380000000,Europe,0.879
2026-05-18,Iron Trader 15,682606488,Marshall Islands,Taxed,Passed,2000000,No,Crude Oil Tanker,Mumbai,Other Non-USD,140000000,1.25,1750000,0,0,0,3750000,None,240000000,380000000,Oceania,1.875
2026-05-18,Eastern Express 64,501134582,China,Privileged,Passed,0,No,LNG Carrier,Hidden/Private,N/A (Exempt/Diplomatic),220000000,0.05,110000,0,0,0,110000,Heavy (PLAN/RF Navy),200000000,420000000,Asia,0.03235294117647059
2026-05-18,Eastern Titan 10,238114122,Russia,Privileged,Passed,0,No,LNG Carrier,Hidden/Private,N/A (Exempt/Diplomatic),220000000,0.05,110000,0,0,0,110000,Heavy (PLAN/RF Navy),200000000,420000000,Eurasia,0.03235294117647059
2026-05-18,Global Spirit 24,677660874,Iran,Privileged,Passed,0,No,LNG Carrier,Hidden/Private,N/A (Exempt/Diplomatic),220000000,0.05,110000,0,0,0,110000,Internal (IRGC Navy),200000000,420000000,Asia,0.03235294117647059
2026-05-18,Golden Spirit 30,597945315,Israel,Blocked,Rerouted,0,Yes (Cape of Good Hope),Bulk Carrier,Houston,N/A (Exempt/Diplomatic),45000000,0.15,67500,12,480,607200,674700,None,50000000,95000000,Asia,
2026-05-18,Global Star 43,403529838,Liberia,Taxed,Passed,2000000,No,LNG Carrier,Rotterdam,Other Non-USD,220000000,1.25,2750000,0,0,0,4750000,None,200000000,420000000,Africa,1.3970588235294117
2026-05-18,Ocean Trader 63,641485549,Norway,Blocked,Rerouted,0,Yes (Cape of Good Hope),Crude Oil Tanker,Mumbai,N/A (Exempt/Diplomatic),140000000,0.15,210000,12,1200,1548000,1758000,None,240000000,380000000,Europe,0.879
2026-05-18,Global Leader 85,349352498,China,Privileged,Passed,0,No,LNG Carrier,Hidden/Private,N/A (Exempt/Diplomatic),220000000,0.05,110000,0,0,0,110000,Heavy (PLAN/RF Navy),200000000,420000000,Asia,0.03235294117647059
2026-05-18,Eastern Spirit 26,387372691,Pakistan,Privileged,Passed,0,No,Crude Oil Tanker,Hidden/Private,N/A (Exempt/Diplomatic),140000000,0.05,70000,0,0,0,70000,Light (Cooperative),240000000,380000000,Asia,0.035
2026-05-18,Red Carrier 87,427170451,India,Taxed,Rerouted,0,Yes (Cape of Good Hope),Bulk Carrier,Rotterdam,N/A (Exempt/Diplomatic),45000000,0.15,67500,12,480,607200,674700,None,50000000,95000000,Asia,
2026-05-18,Red Titan 16,335548300,Norway,Blocked,Rerouted,0,Yes (Cape of Good Hope),Crude Oil Tanker,Rotterdam,N/A (Exempt/Diplomatic),140000000,0.15,210000,12,1200,1548000,1758000,None,240000000,380000000,Europe,0.879
2026-05-18,Iron Star 41,307030950,China,Privileged,Passed,0,No,Container Ship,Hidden/Private,N/A (Exempt/Diplomatic),110000000,0.05,55000,0,0,0,55000,Heavy (PLAN/RF Navy),150000000,260000000,Asia,3.6666666666666665
2026-05-18,Eastern Spirit 94,655274738,Iran,Privileged,Passed,0,No,Bulk Carrier,Hidden/Private,N/A (Exempt/Diplomatic),45000000,0.05,22500,0,0,0,22500,Internal (IRGC Navy),50000000,95000000,Asia,
2026-05-18,Golden Star 82,317018823,Israel,Blocked,Rerouted,0,Yes (Cape of Good Hope),Bulk Carrier,Rotterdam,N/A (Exempt/Diplomatic),45000000,0.15,67500,12,480,607200,674700,None,50000000,95000000,Asia,
2026-05-18,Eastern Trader 77,693112443,China,Privileged,Passed,0,No,Crude Oil Tanker,Hidden/Private,N/A (Exempt/Diplomatic),140000000,0.05,70000,0,0,0,70000,Heavy (PLAN/RF Navy),240000000,380000000,Asia,0.035
2026-05-18,Red Leader 18,556609890,Liberia,Taxed,Rerouted,0,Yes (Cape of Good Hope),Container Ship,Ningbo,N/A (Exempt/Diplomatic),110000000,0.15,165000,12,1800,2022000,2187000,None,150000000,260000000,Africa,145.8
2026-05-18,Golden Leader 78,267015535,USA,Blocked,Blocked/Waiting (Anchored off Oman),0,No,Crude Oil Tanker,Mumbai,N/A (Exempt/Diplomatic),140000000,0.5,700000,0,0,0,700000,None,240000000,380000000,North America,0.35
2026-05-18,Global Trader 19,437904006,Iran,Privileged,Passed,0,No,Container Ship,Hidden/Private,N/A (Exempt/Diplomatic),110000000,0.05,55000,0,0,0,55000,Internal (IRGC Navy),150000000,260000000,Asia,3.6666666666666665
2026-05-18,Global Carrier 26,588346949,Norway,Blocked,Blocked/Waiting (Anchored off Oman),0,No,Crude Oil Tanker,Ningbo,N/A (Exempt/Diplomatic),140000000,0.5,700000,0,0,0,700000,None,240000000,380000000,Europe,0.35
2026-05-18,Global Leader 37,390495200,Turkey,Taxed,Rerouted,0,Yes (Cape of Good Hope),Container Ship,Houston,N/A (Exempt/Diplomatic),110000000,0.15,165000,12,1800,2022000,2187000,None,150000000,260000000,Asia,145.8
2026-05-18,Red Trader 81,674666203,UK,Blocked,Blocked/Waiting (Anchored off Oman),0,No,Crude Oil Tanker,Rotterdam,N/A (Exempt/Diplomatic),140000000,0.5,700000,0,0,0,700000,None,240000000,380000000,Europe,0.35
2026-05-18,Red Trader 49,328554982,Russia,Privileged,Passed,0,No,LNG Carrier,Hidden/Private,N/A (Exempt/Diplomatic),220000000,0.05,110000,0,0,0,110000,Heavy (PLAN/RF Navy),200000000,420000000,Eurasia,0.03235294117647059
2026-05-18,Iron Spirit 61,343742291,Pakistan,Privileged,Passed,0,No,Bulk Carrier,Hidden/Private,N/A (Exempt/Diplomatic),45000000,0.05,22500,0,0,0,22500,Light (Cooperative),50000000,95000000,Asia,
2026-05-18,Eastern Carrier 89,321164857,Germany,Blocked,Rerouted,0,Yes (Cape of Good Hope),Container Ship,Ningbo,N/A (Exempt/Diplomatic),110000000,0.15,165000,12,1800,2022000,2187000,None,150000000,260000000,Europe,145.8
2026-05-19,Global Leader 37,390495200,Turkey,Taxed,Passed,2000000,No,LNG Carrier,Singapore,Other Non-USD,220000000,1.25,2750000,0,0,0,4750000,None,200000000,420000000,Asia,1.3970588235294117
2026-05-19,Ocean Star 98,685292957,Iraq,Privileged,Passed,0,No,Bulk Carrier,Hidden/Private,N/A (Exempt/Diplomatic),45000000,0.05,22500,0,0,0,22500,Light (Cooperative),50000000,95000000,Asia,
2026-05-19,Global Star 81,610407450,UK,Blocked,Blocked/Waiting (Anchored off Oman),0,No,Bulk Carrier,Singapore,N/A (Exempt/Diplomatic),45000000,0.5,225000,0,0,0,225000,None,50000000,95000000,Europe,
2026-05-19,Golden Spirit 57,290081110,Iran,Privileged,Passed,0,No,LNG Carrier,Hidden/Private,N/A (Exempt/Diplomatic),220000000,0.05,110000,0,0,0,110000,Internal (IRGC Navy),200000000,420000000,Asia,0.03235294117647059
2026-05-19,Eastern Carrier 22,239331548,India,Taxed,Rerouted,0,Yes (Cape of Good Hope),LNG Carrier,Houston,N/A (Exempt/Diplomatic),220000000,0.15,330000,12,1800,2658000,2988000,None,200000000,420000000,Asia,0.8788235294117647
2026-05-19,Ocean Express 79,648838894,China,Privileged,Passed,0,No,LNG Carrier,Hidden/Private,N/A (Exempt/Diplomatic),220000000,0.05,110000,0,0,0,110000,Heavy (PLAN/RF Navy),200000000,420000000,Asia,0.03235294117647059
2026-05-19,Iron Trader 23,617911275,UK,Blocked,Blocked/Waiting (Anchored off Oman),0,No,Bulk Carrier,Houston,N/A (Exempt/Diplomatic),45000000,0.5,225000,0,0,0,225000,None,50000000,95000000,Europe,
2026-05-19,Ocean Trader 33,236787109,Pakistan,Privileged,Passed,0,No,LNG Carrier,Hidden/Private,N/A (Exempt/Diplomatic),220000000,0.05,110000,0,0,0,110000,Light (Cooperative),200000000,420000000,Asia,0.03235294117647059
2026-05-19,Iron Star 58,349235943,Israel,Blocked,Rerouted,0,Yes (Cape of Good Hope),LNG Carrier,Houston,N/A (Exempt/Diplomatic),220000000,0.15,330000,12,1800,2658000,2988000,None,200000000,420000000,Asia,0.8788235294117647
2026-05-19,Ocean Carrier 90,568535587,Russia,Privileged,Passed,0,No,LNG Carrier,Hidden/Private,N/A (Exempt/Diplomatic),220000000,0.05,110000,0,0,0,110000,Heavy (PLAN/RF Navy),200000000,420000000,Eurasia,0.03235294117647059
2026-05-19,Golden Express 81,555339452,Norway,Blocked,Rerouted,0,Yes (Cape of Good Hope),Crude Oil Tanker,Ningbo,N/A (Exempt/Diplomatic),140000000,0.15,210000,12,1200,1548000,1758000,None,240000000,380000000,Europe,0.879
2026-05-19,Iron Express 41,343240225,Greece,Taxed,Passed,2000000,No,LNG Carrier,Rotterdam,Tether (USDT) / Yuan,220000000,1.25,2750000,0,0,0,4750000,None,200000000,420000000,Europe,1.3970588235294117
2026-05-19,Iron Trader 30,574810735,UK,Blocked,Rerouted,0,Yes (Cape of Good Hope),Container Ship,Singapore,N/A (Exempt/Diplomatic),110000000,0.15,165000,12,1800,2022000,2187000,None,150000000,260000000,Europe,145.8
2026-05-19,Global Trader 63,409098769,China,Privileged,Passed,0,No,Bulk Carrier,Hidden/Private,N/A (Exempt/Diplomatic),45000000,0.05,22500,0,0,0,22500,Heavy (PLAN/RF Navy),50000000,95000000,Asia,
2026-05-19,Golden Trader 40,416775349,Iran,Privileged,Passed,0,No,Container Ship,Hidden/Private,N/A (Exempt/Diplomatic),110000000,0.05,55000,0,0,0,55000,Internal (IRGC Navy),150000000,260000000,Asia,3.6666666666666665
2026-05-19,Global Titan 34,487916220,Israel,Blocked,Rerouted,0,Yes (Cape of Good Hope),Bulk Carrier,Ningbo,N/A (Exempt/Diplomatic),45000000,0.15,67500,12,480,607200,674700,None,50000000,95000000,Asia,
2026-05-19,Eastern Spirit 72,210456496,Iran,Privileged,Passed,0,No,LNG Carrier,Hidden/Private,N/A (Exempt/Diplomatic),220000000,0.05,110000,0,0,0,110000,Internal (IRGC Navy),200000000,420000000,Asia,0.03235294117647059
2026-05-19,Ocean Star 52,613991481,Iraq,Privileged,Passed,0,No,Crude Oil Tanker,Hidden/Private,N/A (Exempt/Diplomatic),140000000,0.05,70000,0,0,0,70000,Light (Cooperative),240000000,380000000,Asia,0.035
2026-05-19,Iron Express 23,405375523,Russia,Privileged,Passed,0,No,LNG Carrier,Hidden/Private,N/A (Exempt/Diplomatic),220000000,0.05,110000,0,0,0,110000,Heavy (PLAN/RF Navy),200000000,420000000,Eurasia,0.03235294117647059
2026-05-19,Ocean Leader 56,541227155,Israel,Blocked,Rerouted,0,Yes (Cape of Good Hope),Bulk Carrier,Houston,N/A (Exempt/Diplomatic),45000000,0.15,67500,12,480,607200,674700,None,50000000,95000000,Asia,
2026-05-19,Iron Express 48,651867790,Germany,Blocked,Rerouted,0,Yes (Cape of Good Hope),LNG Carrier,Houston,N/A (Exempt/Diplomatic),220000000,0.15,330000,12,1800,2658000,2988000,None,200000000,420000000,Europe,0.8788235294117647
2026-05-19,Global Carrier 50,314153005,Norway,Blocked,Rerouted,0,Yes (Cape of Good Hope),Crude Oil Tanker,Mumbai,N/A (Exempt/Diplomatic),140000000,0.15,210000,12,1200,1548000,1758000,None,240000000,380000000,Europe,0.879
2026-05-19,Iron Titan 32,673206722,UK,Blocked,Rerouted,0,Yes (Cape of Good Hope),Container Ship,Ningbo,N/A (Exempt/Diplomatic),110000000,0.15,165000,12,1800,2022000,2187000,None,150000000,260000000,Europe,145.8
2026-05-19,Eastern Trader 74,429104699,Israel,Blocked,Rerouted,0,Yes (Cape of Good Hope),Container Ship,Mumbai,N/A (Exempt/Diplomatic),110000000,0.15,165000,12,1800,2022000,2187000,None,150000000,260000000,Asia,145.8
2026-05-19,Global Trader 69,505935698,USA,Blocked,Rerouted,0,Yes (Cape of Good Hope),Container Ship,Singapore,N/A (Exempt/Diplomatic),110000000,0.15,165000,12,1800,2022000,2187000,None,150000000,260000000,North America,145.8
2026-05-19,Global Express 18,619421299,Russia,Privileged,Passed,0,No,Container Ship,Hidden/Private,N/A (Exempt/Diplomatic),110000000,0.05,55000,0,0,0,55000,Heavy (PLAN/RF Navy),150000000,260000000,Eurasia,3.6666666666666665
2026-05-19,Ocean Express 78,267958709,Turkey,Taxed,Rerouted,0,Yes (Cape of Good Hope),LNG Carrier,Ningbo,N/A (Exempt/Diplomatic),220000000,0.15,330000,12,1800,2658000,2988000,None,200000000,420000000,Asia,0.8788235294117647
2026-05-19,Global Leader 33,349542787,Israel,Blocked,Rerouted,0,Yes (Cape of Good Hope),Crude Oil Tanker,Mumbai,N/A (Exempt/Diplomatic),140000000,0.15,210000,12,1200,1548000,1758000,None,240000000,380000000,Asia,0.879
2026-05-20,Ocean Express 78,267958709,Turkey,Taxed,Rerouted,0,Yes (Cape of Good Hope),Container Ship,Rotterdam,N/A (Exempt/Diplomatic),110000000,0.15,165000,12,1800,2022000,2187000,None,150000000,260000000,Asia,145.8
2026-05-20,Northern Leader 85,344093758,Liberia,Taxed,Passed,2000000,No,LNG Carrier,Houston,Other Non-USD,220000000,1.25,2750000,0,0,0,4750000,None,200000000,420000000,Africa,1.3970588235294117
2026-05-20,Global Carrier 26,588346949,Norway,Blocked,Rerouted,0,Yes (Cape of Good Hope),Crude Oil Tanker,Houston,N/A (Exempt/Diplomatic),140000000,0.15,210000,12,1200,1548000,1758000,None,240000000,380000000,Europe,0.879
2026-05-20,Eastern Spirit 70,457007733,Israel,Blocked,Rerouted,0,Yes (Cape of Good Hope),Crude Oil Tanker,Ningbo,N/A (Exempt/Diplomatic),140000000,0.15,210000,12,1200,1548000,1758000,None,240000000,380000000,Asia,0.879
2026-05-20,Global Trader 70,633521651,UK,Blocked,Rerouted,0,Yes (Cape of Good Hope),Container Ship,Mumbai,N/A (Exempt/Diplomatic),110000000,0.15,165000,12,1800,2022000,2187000,None,150000000,260000000,Europe,145.8
2026-05-20,Golden Trader 56,287324253,Marshall Islands,Taxed,Passed,2000000,No,Bulk Carrier,Singapore,Other Non-USD,45000000,1.25,562500,0,0,0,2562500,None,50000000,95000000,Oceania,
2026-05-20,Northern Express 93,400478606,Israel,Blocked,Rerouted,0,Yes (Cape of Good Hope),Bulk Carrier,Houston,N/A (Exempt/Diplomatic),45000000,0.15,67500,12,480,607200,674700,None,50000000,95000000,Asia,
2026-05-20,Red Leader 18,556609890,Liberia,Taxed,Passed,2000000,No,LNG Carrier,Singapore,Other Non-USD,220000000,1.25,2750000,0,0,0,4750000,None,200000000,420000000,Africa,1.3970588235294117
2026-05-20,Iron Star 41,307030950,China,Privileged,Passed,0,No,Container Ship,Hidden/Private,N/A (Exempt/Diplomatic),110000000,0.05,55000,0,0,0,55000,Heavy (PLAN/RF Navy),150000000,260000000,Asia,3.6666666666666665
2026-05-20,Northern Leader 90,509060961,India,Taxed,Rerouted,0,Yes (Cape of Good Hope),Crude Oil Tanker,Ningbo,N/A (Exempt/Diplomatic),140000000,0.15,210000,12,1200,1548000,1758000,None,240000000,380000000,Asia,0.879
2026-05-20,Red Spirit 86,576445159,Turkey,Taxed,Passed,2000000,No,LNG Carrier,Singapore,Other Non-USD,220000000,1.25,2750000,0,0,0,4750000,None,200000000,420000000,Asia,1.3970588235294117
2026-05-20,Golden Carrier 29,346215835,Panama,Taxed,Passed,2000000,No,Container Ship,Rotterdam,Other Non-USD,110000000,1.25,1375000,0,0,0,3375000,None,150000000,260000000,North America,225.0
2026-05-20,Eastern Carrier 48,418009946,China,Privileged,Passed,0,No,LNG Carrier,Hidden/Private,N/A (Exempt/Diplomatic),220000000,0.05,110000,0,0,0,110000,Heavy (PLAN/RF Navy),200000000,420000000,Asia,0.03235294117647059
2026-05-20,Ocean Titan 58,201157156,USA,Blocked,Rerouted,0,Yes (Cape of Good Hope),LNG Carrier,Singapore,N/A (Exempt/Diplomatic),220000000,0.15,330000,12,1800,2658000,2988000,None,200000000,420000000,North America,0.8788235294117647
2026-05-20,Ocean Leader 83,302047765,Turkey,Taxed,Rerouted,0,Yes (Cape of Good Hope),Bulk Carrier,Ningbo,N/A (Exempt/Diplomatic),45000000,0.15,67500,12,480,607200,674700,None,50000000,95000000,Asia,
2026-05-20,Golden Titan 61,376234293,Turkey,Taxed,Passed,2000000,No,Crude Oil Tanker,Rotterdam,Other Non-USD,140000000,1.25,1750000,0,0,0,3750000,None,240000000,380000000,Asia,1.875
2026-05-20,Iron Spirit 87,342013556,Russia,Privileged,Passed,0,No,Crude Oil Tanker,Hidden/Private,N/A (Exempt/Diplomatic),140000000,0.05,70000,0,0,0,70000,Heavy (PLAN/RF Navy),240000000,380000000,Eurasia,0.035
2026-05-20,Northern Star 79,227963244,Marshall Islands,Taxed,Passed,2000000,No,Bulk Carrier,Rotterdam,Other Non-USD,45000000,1.25,562500,0,0,0,2562500,None,50000000,95000000,Oceania,
2026-05-20,Iron Titan 32,673206722,UK,Blocked,Rerouted,0,Yes (Cape of Good Hope),Container Ship,Houston,N/A (Exempt/Diplomatic),110000000,0.15,165000,12,1800,2022000,2187000,None,150000000,260000000,Europe,145.8
2026-05-20,Iron Carrier 48,528391997,Germany,Blocked,Rerouted,0,Yes (Cape of Good Hope),LNG Carrier,Singapore,N/A (Exempt/Diplomatic),220000000,0.15,330000,12,1800,2658000,2988000,None,200000000,420000000,Europe,0.8788235294117647
2026-05-20,Iron Express 23,405375523,Russia,Privileged,Passed,0,No,Container Ship,Hidden/Private,N/A (Exempt/Diplomatic),110000000,0.05,55000,0,0,0,55000,Heavy (PLAN/RF Navy),150000000,260000000,Eurasia,3.6666666666666665
2026-05-20,Global Express 18,619421299,Russia,Privileged,Passed,0,No,Crude Oil Tanker,Hidden/Private,N/A (Exempt/Diplomatic),140000000,0.05,70000,0,0,0,70000,Heavy (PLAN/RF Navy),240000000,380000000,Eurasia,0.035
2026-05-20,Northern Titan 44,433987659,Norway,Blocked,Rerouted,0,Yes (Cape of Good Hope),Bulk Carrier,Houston,N/A (Exempt/Diplomatic),45000000,0.15,67500,12,480,607200,674700,None,50000000,95000000,Europe,
2026-05-20,Global Star 43,403529838,Liberia,Taxed,Passed,2000000,No,LNG Carrier,Ningbo,Other Non-USD,220000000,1.25,2750000,0,0,0,4750000,None,200000000,420000000,Africa,1.3970588235294117
2026-05-20,Ocean Express 46,325892782,Turkey,Taxed,Passed,2000000,No,LNG Carrier,Rotterdam,Other Non-USD,220000000,1.25,2750000,0,0,0,4750000,None,200000000,420000000,Asia,1.3970588235294117
2026-05-20,Global Express 70,441629363,Turkey,Taxed,Passed,2000000,No,Bulk Carrier,Singapore,Other Non-USD,45000000,1.25,562500,0,0,0,2562500,None,50000000,95000000,Asia,
2026-05-20,Ocean Express 48,656497707,Iran,Privileged,Passed,0,No,Bulk Carrier,Hidden/Private,N/A (Exempt/Diplomatic),45000000,0.05,22500,0,0,0,22500,Internal (IRGC Navy),50000000,95000000,Asia,
2026-05-20,Ocean Star 58,251924210,Marshall Islands,Taxed,Passed,2000000,No,Crude Oil Tanker,Ningbo,Other Non-USD,140000000,1.25,1750000,0,0,0,3750000,None,240000000,380000000,Oceania,1.875
2026-05-20,Eastern Trader 74,429104699,Israel,Blocked,Blocked/Waiting (Anchored off Oman),0,No,Crude Oil Tanker,Houston,N/A (Exempt/Diplomatic),140000000,0.5,700000,0,0,0,700000,None,240000000,380000000,Asia,0.35
2026-05-21,Eastern Carrier 48,418009946,China,Privileged,Passed,0,No,LNG Carrier,Hidden/Private,N/A (Exempt/Diplomatic),220000000,0.05,110000,0,0,0,110000,Heavy (PLAN/RF Navy),200000000,420000000,Asia,0.03235294117647059
2026-05-21,Global Titan 93,569164473,China,Privileged,Passed,0,No,Crude Oil Tanker,Hidden/Private,N/A (Exempt/Diplomatic),140000000,0.05,70000,0,0,0,70000,Heavy (PLAN/RF Navy),240000000,380000000,Asia,0.035
2026-05-21,Global Star 81,610407450,UK,Blocked,Rerouted,0,Yes (Cape of Good Hope),Crude Oil Tanker,Mumbai,N/A (Exempt/Diplomatic),140000000,0.15,210000,12,1200,1548000,1758000,None,240000000,380000000,Europe,0.879
2026-05-21,Global Titan 59,572561470,Iraq,Privileged,Passed,0,No,Crude Oil Tanker,Hidden/Private,N/A (Exempt/Diplomatic),140000000,0.05,70000,0,0,0,70000,Light (Cooperative),240000000,380000000,Asia,0.035
2026-05-21,Global Titan 27,595389973,Iran,Privileged,Passed,0,No,LNG Carrier,Hidden/Private,N/A (Exempt/Diplomatic),220000000,0.05,110000,0,0,0,110000,Internal (IRGC Navy),200000000,420000000,Asia,0.03235294117647059
2026-05-21,Northern Star 79,227963244,Marshall Islands,Taxed,Passed,2000000,No,Bulk Carrier,Mumbai,Other Non-USD,45000000,1.25,562500,0,0,0,2562500,None,50000000,95000000,Oceania,
2026-05-21,Golden Express 59,465416722,USA,Blocked,Blocked/Waiting (Anchored off Oman),0,No,Crude Oil Tanker,Rotterdam,N/A (Exempt/Diplomatic),140000000,0.5,700000,0,0,0,700000,None,240000000,380000000,North America,0.35
2026-05-21,Ocean Express 79,648838894,China,Privileged,Passed,0,No,Container Ship,Hidden/Private,N/A (Exempt/Diplomatic),110000000,0.05,55000,0,0,0,55000,Heavy (PLAN/RF Navy),150000000,260000000,Asia,3.6666666666666665
2026-05-21,Golden Express 92,252837693,Russia,Privileged,Passed,0,No,LNG Carrier,Hidden/Private,N/A (Exempt/Diplomatic),220000000,0.05,110000,0,0,0,110000,Heavy (PLAN/RF Navy),200000000,420000000,Eurasia,0.03235294117647059
2026-05-21,Eastern Carrier 94,214550303,Pakistan,Privileged,Passed,0,No,LNG Carrier,Hidden/Private,N/A (Exempt/Diplomatic),220000000,0.05,110000,0,0,0,110000,Light (Cooperative),200000000,420000000,Asia,0.03235294117647059
2026-05-21,Ocean Leader 56,541227155,Israel,Blocked,Rerouted,0,Yes (Cape of Good Hope),LNG Carrier,Singapore,N/A (Exempt/Diplomatic),220000000,0.15,330000,12,1800,2658000,2988000,None,200000000,420000000,Asia,0.8788235294117647
2026-05-21,Red Carrier 94,539807534,Liberia,Taxed,Passed,2000000,No,Bulk Carrier,Rotterdam,Other Non-USD,45000000,1.25,562500,0,0,0,2562500,None,50000000,95000000,Africa,
2026-05-21,Global Leader 95,403552071,Greece,Taxed,Rerouted,0,Yes (Cape of Good Hope),Bulk Carrier,Mumbai,N/A (Exempt/Diplomatic),45000000,0.15,67500,12,480,607200,674700,None,50000000,95000000,Europe,
2026-05-21,Iron Star 45,388520142,Germany,Blocked,Rerouted,0,Yes (Cape of Good Hope),Container Ship,Rotterdam,N/A (Exempt/Diplomatic),110000000,0.15,165000,12,1800,2022000,2187000,None,150000000,260000000,Europe,145.8
2026-05-21,Eastern Spirit 94,655274738,Iran,Privileged,Passed,0,No,Container Ship,Hidden/Private,N/A (Exempt/Diplomatic),110000000,0.05,55000,0,0,0,55000,Internal (IRGC Navy),150000000,260000000,Asia,3.6666666666666665
2026-05-21,Golden Spirit 17,322969247,Russia,Privileged,Passed,0,No,Crude Oil Tanker,Hidden/Private,N/A (Exempt/Diplomatic),140000000,0.05,70000,0,0,0,70000,Heavy (PLAN/RF Navy),240000000,380000000,Eurasia,0.035
2026-05-21,Global Leader 51,381194227,USA,Blocked,Rerouted,0,Yes (Cape of Good Hope),LNG Carrier,Rotterdam,N/A (Exempt/Diplomatic),220000000,0.15,330000,12,1800,2658000,2988000,None,200000000,420000000,North America,0.8788235294117647
2026-05-21,Red Leader 80,377592227,Marshall Islands,Taxed,Passed,2000000,No,Bulk Carrier,Mumbai,Other Non-USD,45000000,1.25,562500,0,0,0,2562500,None,50000000,95000000,Oceania,
2026-05-21,Ocean Trader 18,415128168,Norway,Blocked,Rerouted,0,Yes (Cape of Good Hope),LNG Carrier,Ningbo,N/A (Exempt/Diplomatic),220000000,0.15,330000,12,1800,2658000,2988000,None,200000000,420000000,Europe,0.8788235294117647
2026-05-21,Northern Leader 37,664205646,USA,Blocked,Rerouted,0,Yes (Cape of Good Hope),Crude Oil Tanker,Houston,N/A (Exempt/Diplomatic),140000000,0.15,210000,12,1200,1548000,1758000,None,240000000,380000000,North America,0.879
2026-05-21,Golden Titan 18,422730506,UK,Blocked,Rerouted,0,Yes (Cape of Good Hope),Crude Oil Tanker,Singapore,N/A (Exempt/Diplomatic),140000000,0.15,210000,12,1200,1548000,1758000,None,240000000,380000000,Europe,0.879
2026-05-21,Golden Trader 40,416775349,Iran,Privileged,Passed,0,No,Bulk Carrier,Hidden/Private,N/A (Exempt/Diplomatic),45000000,0.05,22500,0,0,0,22500,Internal (IRGC Navy),50000000,95000000,Asia,
2026-05-21,Eastern Titan 40,267764370,Norway,Blocked,Rerouted,0,Yes (Cape of Good Hope),Bulk Carrier,Mumbai,N/A (Exempt/Diplomatic),45000000,0.15,67500,12,480,607200,674700,None,50000000,95000000,Europe,
2026-05-21,Golden Spirit 57,290081110,Iran,Privileged,Passed,0,No,Bulk Carrier,Hidden/Private,N/A (Exempt/Diplomatic),45000000,0.05,22500,0,0,0,22500,Internal (IRGC Navy),50000000,95000000,Asia,
2026-05-21,Global Trader 63,409098769,China,Privileged,Passed,0,No,LNG Carrier,Hidden/Private,N/A (Exempt/Diplomatic),220000000,0.05,110000,0,0,0,110000,Heavy (PLAN/RF Navy),200000000,420000000,Asia,0.03235294117647059
2026-05-22,Global Titan 93,569164473,China,Privileged,Passed,0,No,Bulk Carrier,Hidden/Private,N/A (Exempt/Diplomatic),45000000,0.05,22500,0,0,0,22500,Heavy (PLAN/RF Navy),50000000,95000000,Asia,
2026-05-22,Eastern Trader 74,429104699,Israel,Blocked,Rerouted,0,Yes (Cape of Good Hope),Crude Oil Tanker,Mumbai,N/A (Exempt/Diplomatic),140000000,0.15,210000,12,1200,1548000,1758000,None,240000000,380000000,Asia,0.879
2026-05-22,Golden Carrier 98,299401567,India,Taxed,Passed,2000000,No,Crude Oil Tanker,Ningbo,Other Non-USD,140000000,1.25,1750000,0,0,0,3750000,None,240000000,380000000,Asia,1.875
2026-05-22,Iron Trader 30,366987748,Iran,Privileged,Passed,0,No,LNG Carrier,Hidden/Private,N/A (Exempt/Diplomatic),220000000,0.05,110000,0,0,0,110000,Internal (IRGC Navy),200000000,420000000,Asia,0.03235294117647059
2026-05-22,Eastern Carrier 89,321164857,Germany,Blocked,Rerouted,0,Yes (Cape of Good Hope),Bulk Carrier,Singapore,N/A (Exempt/Diplomatic),45000000,0.15,67500,12,480,607200,674700,None,50000000,95000000,Europe,
2026-05-22,Golden Express 59,465416722,USA,Blocked,Blocked/Waiting (Anchored off Oman),0,No,Crude Oil Tanker,Ningbo,N/A (Exempt/Diplomatic),140000000,0.5,700000,0,0,0,700000,None,240000000,380000000,North America,0.35
2026-05-22,Eastern Leader 25,333093315,UAE,Taxed,Passed,2000000,No,Container Ship,Houston,Other Non-USD,110000000,1.25,1375000,0,0,0,3375000,None,150000000,260000000,Asia,225.0
2026-05-22,Global Express 18,619421299,Russia,Privileged,Passed,0,No,Bulk Carrier,Hidden/Private,N/A (Exempt/Diplomatic),45000000,0.05,22500,0,0,0,22500,Heavy (PLAN/RF Navy),50000000,95000000,Eurasia,
2026-05-22,Global Trader 19,437904006,Iran,Privileged,Passed,0,No,Container Ship,Hidden/Private,N/A (Exempt/Diplomatic),110000000,0.05,55000,0,0,0,55000,Internal (IRGC Navy),150000000,260000000,Asia,3.6666666666666665
2026-05-22,Global Leader 98,330623464,Panama,Taxed,Passed,2000000,No,Container Ship,Rotterdam,Other Non-USD,110000000,1.25,1375000,0,0,0,3375000,None,150000000,260000000,North America,225.0
2026-05-22,Red Spirit 36,559556395,Liberia,Taxed,Passed,2000000,No,Bulk Carrier,Houston,Other Non-USD,45000000,1.25,562500,0,0,0,2562500,None,50000000,95000000,Africa,
2026-05-22,Global Star 14,661513240,Liberia,Taxed,Passed,2000000,No,Bulk Carrier,Houston,Other Non-USD,45000000,1.25,562500,0,0,0,2562500,None,50000000,95000000,Africa,
2026-05-22,Golden Star 13,598116895,Turkey,Taxed,Passed,2000000,No,LNG Carrier,Houston,Other Non-USD,220000000,1.25,2750000,0,0,0,4750000,None,200000000,420000000,Asia,1.3970588235294117
2026-05-22,Eastern Spirit 80,662127581,China,Privileged,Passed,0,No,Bulk Carrier,Hidden/Private,N/A (Exempt/Diplomatic),45000000,0.05,22500,0,0,0,22500,Heavy (PLAN/RF Navy),50000000,95000000,Asia,
2026-05-22,Global Leader 85,349352498,China,Privileged,Passed,0,No,Bulk Carrier,Hidden/Private,N/A (Exempt/Diplomatic),45000000,0.05,22500,0,0,0,22500,Heavy (PLAN/RF Navy),50000000,95000000,Asia,
2026-05-22,Northern Leader 66,562724611,India,Taxed,Rerouted,0,Yes (Cape of Good Hope),LNG Carrier,Mumbai,N/A (Exempt/Diplomatic),220000000,0.15,330000,12,1800,2658000,2988000,None,200000000,420000000,Asia,0.8788235294117647
2026-05-22,Golden Spirit 57,290081110,Iran,Privileged,Passed,0,No,Crude Oil Tanker,Hidden/Private,N/A (Exempt/Diplomatic),140000000,0.05,70000,0,0,0,70000,Internal (IRGC Navy),240000000,380000000,Asia,0.035
2026-05-22,Global Titan 82,363120451,Pakistan,Privileged,Passed,0,No,Bulk Carrier,Hidden/Private,N/A (Exempt/Diplomatic),45000000,0.05,22500,0,0,0,22500,Light (Cooperative),50000000,95000000,Asia,
2026-05-22,Global Star 22,553788671,UK,Blocked,Blocked/Waiting (Anchored off Oman),0,No,LNG Carrier,Houston,N/A (Exempt/Diplomatic),220000000,0.5,1100000,0,0,0,1100000,None,200000000,420000000,Europe,0.3235294117647059
2026-05-22,Iron Star 41,307030950,China,Privileged,Passed,0,No,Container Ship,Hidden/Private,N/A (Exempt/Diplomatic),110000000,0.05,55000,0,0,0,55000,Heavy (PLAN/RF Navy),150000000,260000000,Asia,3.6666666666666665
2026-05-22,Ocean Spirit 32,511701739,Turkey,Taxed,Rerouted,0,Yes (Cape of Good Hope),Crude Oil Tanker,Mumbai,N/A (Exempt/Diplomatic),140000000,0.15,210000,12,1200,1548000,1758000,None,240000000,380000000,Asia,0.879
2026-05-22,Northern Express 78,377784731,China,Privileged,Passed,0,No,Bulk Carrier,Hidden/Private,N/A (Exempt/Diplomatic),45000000,0.05,22500,0,0,0,22500,Heavy (PLAN/RF Navy),50000000,95000000,Asia,
2026-05-22,Golden Leader 78,267015535,USA,Blocked,Rerouted,0,Yes (Cape of Good Hope),Bulk Carrier,Singapore,N/A (Exempt/Diplomatic),45000000,0.15,67500,12,480,607200,674700,None,50000000,95000000,North America,
2026-05-22,Eastern Leader 42,686048824,Russia,Privileged,Passed,0,No,Crude Oil Tanker,Hidden/Private,N/A (Exempt/Diplomatic),140000000,0.05,70000,0,0,0,70000,Heavy (PLAN/RF Navy),240000000,380000000,Eurasia,0.035
2026-05-22,Eastern Express 64,501134582,China,Privileged,Passed,0,No,Container Ship,Hidden/Private,N/A (Exempt/Diplomatic),110000000,0.05,55000,0,0,0,55000,Heavy (PLAN/RF Navy),150000000,260000000,Asia,3.6666666666666665
2026-05-22,Iron Trader 83,404215510,Norway,Blocked,Blocked/Waiting (Anchored off Oman),0,No,Bulk Carrier,Singapore,N/A (Exempt/Diplomatic),45000000,0.5,225000,0,0,0,225000,None,50000000,95000000,Europe,
2026-05-22,Northern Express 35,240800296,UAE,Taxed,Passed,2000000,No,Bulk Carrier,Ningbo,Other Non-USD,45000000,1.25,562500,0,0,0,2562500,None,50000000,95000000,Asia,
2026-05-22,Red Leader 62,450731958,Russia,Privileged,Passed,0,No,Bulk Carrier,Hidden/Private,N/A (Exempt/Diplomatic),45000000,0.05,22500,0,0,0,22500,Heavy (PLAN/RF Navy),50000000,95000000,Eurasia,
2026-05-22,Golden Express 79,246674928,UK,Blocked,Rerouted,0,Yes (Cape of Good Hope),Bulk Carrier,Rotterdam,N/A (Exempt/Diplomatic),45000000,0.15,67500,12,480,607200,674700,None,50000000,95000000,Europe,
2026-05-22,Global Trader 69,505935698,USA,Blocked,Rerouted,0,Yes (Cape of Good Hope),Crude Oil Tanker,Singapore,N/A (Exempt/Diplomatic),140000000,0.15,210000,12,1200,1548000,1758000,None,240000000,380000000,North America,0.879
2026-05-22,Global Carrier 26,588346949,Norway,Blocked,Rerouted,0,Yes (Cape of Good Hope),Container Ship,Houston,N/A (Exempt/Diplomatic),110000000,0.15,165000,12,1800,2022000,2187000,None,150000000,260000000,Europe,145.8
2026-05-22,Eastern Titan 84,519180042,Russia,Privileged,Passed,0,No,LNG Carrier,Hidden/Private,N/A (Exempt/Diplomatic),220000000,0.05,110000,0,0,0,110000,Heavy (PLAN/RF Navy),200000000,420000000,Eurasia,0.03235294117647059
2026-05-22,Golden Express 81,555339452,Norway,Blocked,Rerouted,0,Yes (Cape of Good Hope),Container Ship,Houston,N/A (Exempt/Diplomatic),110000000,0.15,165000,12,1800,2022000,2187000,None,150000000,260000000,Europe,145.8
2026-05-22,Red Titan 95,343332624,Pakistan,Privileged,Passed,0,No,Bulk Carrier,Hidden/Private,N/A (Exempt/Diplomatic),45000000,0.05,22500,0,0,0,22500,Light (Cooperative),50000000,95000000,Asia,
2026-05-22,Eastern Spirit 26,387372691,Pakistan,Privileged,Passed,0,No,Bulk Carrier,Hidden/Private,N/A (Exempt/Diplomatic),45000000,0.05,22500,0,0,0,22500,Light (Cooperative),50000000,95000000,Asia,
2026-05-22,Northern Spirit 19,205001198,Israel,Blocked,Rerouted,0,Yes (Cape of Good Hope),Crude Oil Tanker,Houston,N/A (Exempt/Diplomatic),140000000,0.15,210000,12,1200,1548000,1758000,None,240000000,380000000,Asia,0.879
2026-05-23,Global Star 34,369408512,Iran,Privileged,Passed,0,No,LNG Carrier,Hidden/Private,N/A (Exempt/Diplomatic),220000000,0.05,110000,0,0,0,110000,Internal (IRGC Navy),200000000,420000000,Asia,0.03235294117647059
2026-05-23,Ocean Star 58,251924210,Marshall Islands,Taxed,Rerouted,0,Yes (Cape of Good Hope),Bulk Carrier,Singapore,N/A (Exempt/Diplomatic),45000000,0.15,67500,12,480,607200,674700,None,50000000,95000000,Oceania,
2026-05-23,Eastern Carrier 48,418009946,China,Privileged,Passed,0,No,Crude Oil Tanker,Hidden/Private,N/A (Exempt/Diplomatic),140000000,0.05,70000,0,0,0,70000,Heavy (PLAN/RF Navy),240000000,380000000,Asia,0.035
2026-05-23,Iron Express 41,343240225,Greece,Taxed,Rerouted,0,Yes (Cape of Good Hope),LNG Carrier,Mumbai,N/A (Exempt/Diplomatic),220000000,0.15,330000,12,1800,2658000,2988000,None,200000000,420000000,Europe,0.8788235294117647
2026-05-23,Golden Carrier 57,454079790,Germany,Blocked,Rerouted,0,Yes (Cape of Good Hope),Crude Oil Tanker,Ningbo,N/A (Exempt/Diplomatic),140000000,0.15,210000,12,1200,1548000,1758000,None,240000000,380000000,Europe,0.879
2026-05-23,Eastern Trader 74,429104699,Israel,Blocked,Rerouted,0,Yes (Cape of Good Hope),Bulk Carrier,Mumbai,N/A (Exempt/Diplomatic),45000000,0.15,67500,12,480,607200,674700,None,50000000,95000000,Asia,
2026-05-23,Eastern Star 59,404880292,Israel,Blocked,Rerouted,0,Yes (Cape of Good Hope),Bulk Carrier,Houston,N/A (Exempt/Diplomatic),45000000,0.15,67500,12,480,607200,674700,None,50000000,95000000,Asia,
2026-05-23,Global Titan 27,595389973,Iran,Privileged,Passed,0,No,LNG Carrier,Hidden/Private,N/A (Exempt/Diplomatic),220000000,0.05,110000,0,0,0,110000,Internal (IRGC Navy),200000000,420000000,Asia,0.03235294117647059
2026-05-23,Global Spirit 46,284689687,Israel,Blocked,Rerouted,0,Yes (Cape of Good Hope),Bulk Carrier,Houston,N/A (Exempt/Diplomatic),45000000,0.15,67500,12,480,607200,674700,None,50000000,95000000,Asia,
2026-05-23,Golden Leader 78,267015535,USA,Blocked,Blocked/Waiting (Anchored off Oman),0,No,Container Ship,Rotterdam,N/A (Exempt/Diplomatic),110000000,0.5,550000,0,0,0,550000,None,150000000,260000000,North America,36.666666666666664
2026-05-23,Global Leader 37,390495200,Turkey,Taxed,Rerouted,0,Yes (Cape of Good Hope),Container Ship,Rotterdam,N/A (Exempt/Diplomatic),110000000,0.15,165000,12,1800,2022000,2187000,None,150000000,260000000,Asia,145.8
2026-05-23,Global Star 43,403529838,Liberia,Taxed,Rerouted,0,Yes (Cape of Good Hope),Crude Oil Tanker,Rotterdam,N/A (Exempt/Diplomatic),140000000,0.15,210000,12,1200,1548000,1758000,None,240000000,380000000,Africa,0.879
2026-05-23,Global Carrier 50,314153005,Norway,Blocked,Rerouted,0,Yes (Cape of Good Hope),LNG Carrier,Houston,N/A (Exempt/Diplomatic),220000000,0.15,330000,12,1800,2658000,2988000,None,200000000,420000000,Europe,0.8788235294117647
2026-05-23,Eastern Leader 42,686048824,Russia,Privileged,Passed,0,No,Container Ship,Hidden/Private,N/A (Exempt/Diplomatic),110000000,0.05,55000,0,0,0,55000,Heavy (PLAN/RF Navy),150000000,260000000,Eurasia,3.6666666666666665
2026-05-23,Northern Leader 66,562724611,India,Taxed,Passed,2000000,No,Bulk Carrier,Mumbai,Other Non-USD,45000000,1.25,562500,0,0,0,2562500,None,50000000,95000000,Asia,
2026-05-23,Ocean Express 78,267958709,Turkey,Taxed,Passed,2000000,No,Crude Oil Tanker,Singapore,Other Non-USD,140000000,1.25,1750000,0,0,0,3750000,None,240000000,380000000,Asia,1.875
2026-05-23,Red Titan 27,473549845,Norway,Blocked,Rerouted,0,Yes (Cape of Good Hope),Crude Oil Tanker,Singapore,N/A (Exempt/Diplomatic),140000000,0.15,210000,12,1200,1548000,1758000,None,240000000,380000000,Europe,0.879
2026-05-23,Red Titan 16,335548300,Norway,Blocked,Rerouted,0,Yes (Cape of Good Hope),Bulk Carrier,Singapore,N/A (Exempt/Diplomatic),45000000,0.15,67500,12,480,607200,674700,None,50000000,95000000,Europe,
2026-05-23,Ocean Leader 56,541227155,Israel,Blocked,Rerouted,0,Yes (Cape of Good Hope),LNG Carrier,Ningbo,N/A (Exempt/Diplomatic),220000000,0.15,330000,12,1800,2658000,2988000,None,200000000,420000000,Asia,0.8788235294117647
2026-05-23,Ocean Star 80,356839665,Iraq,Privileged,Passed,0,No,Bulk Carrier,Hidden/Private,N/A (Exempt/Diplomatic),45000000,0.05,22500,0,0,0,22500,Light (Cooperative),50000000,95000000,Asia,
2026-05-23,Golden Express 99,492563230,UK,Blocked,Blocked/Waiting (Anchored off Oman),0,No,Container Ship,Ningbo,N/A (Exempt/Diplomatic),110000000,0.5,550000,0,0,0,550000,None,150000000,260000000,Europe,36.666666666666664
2026-05-23,Ocean Leader 53,559098790,USA,Blocked,Rerouted,0,Yes (Cape of Good Hope),Bulk Carrier,Mumbai,N/A (Exempt/Diplomatic),45000000,0.15,67500,12,480,607200,674700,None,50000000,95000000,North America,
2026-05-23,Northern Trader 12,249957637,Panama,Taxed,Passed,2000000,No,Crude Oil Tanker,Rotterdam,Other Non-USD,140000000,1.25,1750000,0,0,0,3750000,None,240000000,380000000,North America,1.875
2026-05-23,Northern Express 35,240800296,UAE,Taxed,Passed,2000000,No,Bulk Carrier,Singapore,Other Non-USD,45000000,1.25,562500,0,0,0,2562500,None,50000000,95000000,Asia,
2026-05-23,Global Star 22,553788671,UK,Blocked,Rerouted,0,Yes (Cape of Good Hope),LNG Carrier,Mumbai,N/A (Exempt/Diplomatic),220000000,0.15,330000,12,1800,2658000,2988000,None,200000000,420000000,Europe,0.8788235294117647
2026-05-23,Global Spirit 24,677660874,Iran,Privileged,Passed,0,No,Bulk Carrier,Hidden/Private,N/A (Exempt/Diplomatic),45000000,0.05,22500,0,0,0,22500,Internal (IRGC Navy),50000000,95000000,Asia,
2026-05-23,Global Carrier 26,588346949,Norway,Blocked,Rerouted,0,Yes (Cape of Good Hope),LNG Carrier,Houston,N/A (Exempt/Diplomatic),220000000,0.15,330000,12,1800,2658000,2988000,None,200000000,420000000,Europe,0.8788235294117647
2026-05-24,Golden Carrier 57,454079790,Germany,Blocked,Rerouted,0,Yes (Cape of Good Hope),LNG Carrier,Rotterdam,N/A (Exempt/Diplomatic),220000000,0.15,330000,12,1800,2658000,2988000,None,200000000,420000000,Europe,0.8788235294117647
2026-05-24,Ocean Trader 16,662301106,Iran,Privileged,Passed,0,No,Container Ship,Hidden/Private,N/A (Exempt/Diplomatic),110000000,0.05,55000,0,0,0,55000,Internal (IRGC Navy),150000000,260000000,Asia,3.6666666666666665
2026-05-24,Golden Carrier 29,346215835,Panama,Taxed,Rerouted,0,Yes (Cape of Good Hope),Container Ship,Mumbai,N/A (Exempt/Diplomatic),110000000,0.15,165000,12,1800,2022000,2187000,None,150000000,260000000,North America,145.8
2026-05-24,Global Trader 63,409098769,China,Privileged,Passed,0,No,Crude Oil Tanker,Hidden/Private,N/A (Exempt/Diplomatic),140000000,0.05,70000,0,0,0,70000,Heavy (PLAN/RF Navy),240000000,380000000,Asia,0.035
2026-05-24,Golden Spirit 18,471635630,Liberia,Taxed,Passed,2000000,No,LNG Carrier,Mumbai,Other Non-USD,220000000,1.25,2750000,0,0,0,4750000,None,200000000,420000000,Africa,1.3970588235294117
2026-05-24,Eastern Express 31,486764160,UAE,Taxed,Passed,2000000,No,Crude Oil Tanker,Houston,Other Non-USD,140000000,1.25,1750000,0,0,0,3750000,None,240000000,380000000,Asia,1.875
2026-05-24,Eastern Carrier 22,239331548,India,Taxed,Rerouted,0,Yes (Cape of Good Hope),Container Ship,Mumbai,N/A (Exempt/Diplomatic),110000000,0.15,165000,12,1800,2022000,2187000,None,150000000,260000000,Asia,145.8
2026-05-24,Northern Express 40,347423381,Israel,Blocked,Rerouted,0,Yes (Cape of Good Hope),Crude Oil Tanker,Rotterdam,N/A (Exempt/Diplomatic),140000000,0.15,210000,12,1200,1548000,1758000,None,240000000,380000000,Asia,0.879
2026-05-24,Red Spirit 36,430794441,Liberia,Taxed,Rerouted,0,Yes (Cape of Good Hope),LNG Carrier,Houston,N/A (Exempt/Diplomatic),220000000,0.15,330000,12,1800,2658000,2988000,None,200000000,420000000,Africa,0.8788235294117647
2026-05-24,Red Spirit 39,319681170,China,Privileged,Passed,0,No,Crude Oil Tanker,Hidden/Private,N/A (Exempt/Diplomatic),140000000,0.05,70000,0,0,0,70000,Heavy (PLAN/RF Navy),240000000,380000000,Asia,0.035
2026-05-24,Golden Leader 27,665387276,Israel,Blocked,Rerouted,0,Yes (Cape of Good Hope),LNG Carrier,Singapore,N/A (Exempt/Diplomatic),220000000,0.15,330000,12,1800,2658000,2988000,None,200000000,420000000,Asia,0.8788235294117647
2026-05-24,Northern Express 78,377784731,China,Privileged,Passed,0,No,Bulk Carrier,Hidden/Private,N/A (Exempt/Diplomatic),45000000,0.05,22500,0,0,0,22500,Heavy (PLAN/RF Navy),50000000,95000000,Asia,
2026-05-24,Ocean Trader 40,289287596,UK,Blocked,Rerouted,0,Yes (Cape of Good Hope),Container Ship,Ningbo,N/A (Exempt/Diplomatic),110000000,0.15,165000,12,1800,2022000,2187000,None,150000000,260000000,Europe,145.8
2026-05-24,Eastern Titan 40,267764370,Norway,Blocked,Rerouted,0,Yes (Cape of Good Hope),Bulk Carrier,Mumbai,N/A (Exempt/Diplomatic),45000000,0.15,67500,12,480,607200,674700,None,50000000,95000000,Europe,
2026-05-24,Northern Leader 37,664205646,USA,Blocked,Rerouted,0,Yes (Cape of Good Hope),Bulk Carrier,Singapore,N/A (Exempt/Diplomatic),45000000,0.15,67500,12,480,607200,674700,None,50000000,95000000,North America,
2026-05-24,Golden Titan 18,422730506,UK,Blocked,Rerouted,0,Yes (Cape of Good Hope),Bulk Carrier,Rotterdam,N/A (Exempt/Diplomatic),45000000,0.15,67500,12,480,607200,674700,None,50000000,95000000,Europe,
2026-05-24,Global Carrier 20,245984845,Norway,Blocked,Rerouted,0,Yes (Cape of Good Hope),Container Ship,Ningbo,N/A (Exempt/Diplomatic),110000000,0.15,165000,12,1800,2022000,2187000,None,150000000,260000000,Europe,145.8
2026-05-24,Global Trader 35,279110057,China,Privileged,Passed,0,No,Bulk Carrier,Hidden/Private,N/A (Exempt/Diplomatic),45000000,0.05,22500,0,0,0,22500,Heavy (PLAN/RF Navy),50000000,95000000,Asia,
2026-05-24,Ocean Titan 52,620040549,UK,Blocked,Rerouted,0,Yes (Cape of Good Hope),Crude Oil Tanker,Rotterdam,N/A (Exempt/Diplomatic),140000000,0.15,210000,12,1200,1548000,1758000,None,240000000,380000000,Europe,0.879
2026-05-24,Golden Trader 56,287324253,Marshall Islands,Taxed,Passed,2000000,No,Bulk Carrier,Rotterdam,Other Non-USD,45000000,1.25,562500,0,0,0,2562500,None,50000000,95000000,Oceania,
2026-05-24,Ocean Star 52,613991481,Iraq,Privileged,Passed,0,No,Bulk Carrier,Hidden/Private,N/A (Exempt/Diplomatic),45000000,0.05,22500,0,0,0,22500,Light (Cooperative),50000000,95000000,Asia,
2026-05-24,Global Star 22,553788671,UK,Blocked,Blocked/Waiting (Anchored off Oman),0,No,LNG Carrier,Singapore,N/A (Exempt/Diplomatic),220000000,0.5,1100000,0,0,0,1100000,None,200000000,420000000,Europe,0.3235294117647059
2026-05-24,Eastern Star 76,302572638,Pakistan,Privileged,Passed,0,No,Container Ship,Hidden/Private,N/A (Exempt/Diplomatic),110000000,0.05,55000,0,0,0,55000,Light (Cooperative),150000000,260000000,Asia,3.6666666666666665
2026-05-24,Red Titan 56,296336946,Panama,Taxed,Passed,2000000,No,Container Ship,Singapore,Other Non-USD,110000000,1.25,1375000,0,0,0,3375000,None,150000000,260000000,North America,225.0
2026-05-24,Ocean Express 65,200907996,Germany,Blocked,Rerouted,0,Yes (Cape of Good Hope),LNG Carrier,Ningbo,N/A (Exempt/Diplomatic),220000000,0.15,330000,12,1800,2658000,2988000,None,200000000,420000000,Europe,0.8788235294117647
2026-05-24,Iron Carrier 97,586241038,India,Taxed,Passed,2000000,No,LNG Carrier,Houston,Other Non-USD,220000000,1.25,2750000,0,0,0,4750000,None,200000000,420000000,Asia,1.3970588235294117
2026-05-24,Iron Trader 63,488954965,UAE,Taxed,Passed,2000000,No,Bulk Carrier,Singapore,Other Non-USD,45000000,1.25,562500,0,0,0,2562500,None,50000000,95000000,Asia,
2026-05-24,Golden Leader 92,582167480,Norway,Blocked,Rerouted,0,Yes (Cape of Good Hope),LNG Carrier,Ningbo,N/A (Exempt/Diplomatic),220000000,0.15,330000,12,1800,2658000,2988000,None,200000000,420000000,Europe,0.8788235294117647
2026-05-24,Global Titan 59,572561470,Iraq,Privileged,Passed,0,No,Crude Oil Tanker,Hidden/Private,N/A (Exempt/Diplomatic),140000000,0.05,70000,0,0,0,70000,Light (Cooperative),240000000,380000000,Asia,0.035
2026-05-25,Eastern Carrier 13,501316148,India,Taxed,Rerouted,0,Yes (Cape of Good Hope),Bulk Carrier,Rotterdam,N/A (Exempt/Diplomatic),45000000,0.15,67500,12,480,607200,674700,None,50000000,95000000,Asia,
2026-05-25,Eastern Titan 29,400743469,Greece,Taxed,Passed,2000000,No,Container Ship,Mumbai,Tether (USDT) / Yuan,110000000,1.25,1375000,0,0,0,3375000,None,150000000,260000000,Europe,225.0
2026-05-25,Golden Leader 44,364616964,Turkey,Taxed,Rerouted,0,Yes (Cape of Good Hope),Container Ship,Rotterdam,N/A (Exempt/Diplomatic),110000000,0.15,165000,12,1800,2022000,2187000,None,150000000,260000000,Asia,145.8
2026-05-25,Ocean Titan 70,528175214,Pakistan,Privileged,Passed,0,No,LNG Carrier,Hidden/Private,N/A (Exempt/Diplomatic),220000000,0.05,110000,0,0,0,110000,Light (Cooperative),200000000,420000000,Asia,0.03235294117647059
2026-05-25,Ocean Leader 56,541227155,Israel,Blocked,Rerouted,0,Yes (Cape of Good Hope),Bulk Carrier,Singapore,N/A (Exempt/Diplomatic),45000000,0.15,67500,12,480,607200,674700,None,50000000,95000000,Asia,
2026-05-25,Iron Carrier 97,586241038,India,Taxed,Passed,2000000,No,Crude Oil Tanker,Ningbo,Other Non-USD,140000000,1.25,1750000,0,0,0,3750000,None,240000000,380000000,Asia,1.875
2026-05-25,Eastern Trader 32,472559523,Iran,Privileged,Passed,0,No,Container Ship,Hidden/Private,N/A (Exempt/Diplomatic),110000000,0.05,55000,0,0,0,55000,Internal (IRGC Navy),150000000,260000000,Asia,3.6666666666666665
2026-05-25,Iron Spirit 61,343742291,Pakistan,Privileged,Passed,0,No,Crude Oil Tanker,Hidden/Private,N/A (Exempt/Diplomatic),140000000,0.05,70000,0,0,0,70000,Light (Cooperative),240000000,380000000,Asia,0.035
2026-05-25,Iron Express 48,651867790,Germany,Blocked,Rerouted,0,Yes (Cape of Good Hope),Bulk Carrier,Houston,N/A (Exempt/Diplomatic),45000000,0.15,67500,12,480,607200,674700,None,50000000,95000000,Europe,
2026-05-25,Ocean Express 48,656497707,Iran,Privileged,Passed,0,No,Crude Oil Tanker,Hidden/Private,N/A (Exempt/Diplomatic),140000000,0.05,70000,0,0,0,70000,Internal (IRGC Navy),240000000,380000000,Asia,0.035
2026-05-25,Ocean Spirit 32,511701739,Turkey,Taxed,Passed,2000000,No,Crude Oil Tanker,Singapore,Other Non-USD,140000000,1.25,1750000,0,0,0,3750000,None,240000000,380000000,Asia,1.875
2026-05-25,Global Leader 95,403552071,Greece,Taxed,Passed,2000000,No,Container Ship,Houston,Tether (USDT) / Yuan,110000000,1.25,1375000,0,0,0,3375000,None,150000000,260000000,Europe,225.0
2026-05-25,Global Express 62,462303235,UAE,Taxed,Passed,2000000,No,Container Ship,Mumbai,Other Non-USD,110000000,1.25,1375000,0,0,0,3375000,None,150000000,260000000,Asia,225.0
2026-05-25,Red Trader 63,335437245,Pakistan,Privileged,Passed,0,No,Bulk Carrier,Hidden/Private,N/A (Exempt/Diplomatic),45000000,0.05,22500,0,0,0,22500,Light (Cooperative),50000000,95000000,Asia,
2026-05-25,Golden Trader 50,434287182,Germany,Blocked,Rerouted,0,Yes (Cape of Good Hope),Crude Oil Tanker,Houston,N/A (Exempt/Diplomatic),140000000,0.15,210000,12,1200,1548000,1758000,None,240000000,380000000,Europe,0.879
2026-05-25,Golden Star 82,317018823,Israel,Blocked,Rerouted,0,Yes (Cape of Good Hope),Bulk Carrier,Rotterdam,N/A (Exempt/Diplomatic),45000000,0.15,67500,12,480,607200,674700,None,50000000,95000000,Asia,
2026-05-25,Eastern Leader 25,333093315,UAE,Taxed,Passed,2000000,No,LNG Carrier,Houston,Other Non-USD,220000000,1.25,2750000,0,0,0,4750000,None,200000000,420000000,Asia,1.3970588235294117
2026-05-25,Eastern Spirit 22,647013948,India,Taxed,Rerouted,0,Yes (Cape of Good Hope),Bulk Carrier,Houston,N/A (Exempt/Diplomatic),45000000,0.15,67500,12,480,607200,674700,None,50000000,95000000,Asia,
2026-05-25,Ocean Carrier 41,692562960,Iran,Privileged,Passed,0,No,Crude Oil Tanker,Hidden/Private,N/A (Exempt/Diplomatic),140000000,0.05,70000,0,0,0,70000,Internal (IRGC Navy),240000000,380000000,Asia,0.035
2026-05-25,Global Star 34,369408512,Iran,Privileged,Passed,0,No,Bulk Carrier,Hidden/Private,N/A (Exempt/Diplomatic),45000000,0.05,22500,0,0,0,22500,Internal (IRGC Navy),50000000,95000000,Asia,
2026-05-25,Red Carrier 69,423217093,Russia,Privileged,Passed,0,No,Container Ship,Hidden/Private,N/A (Exempt/Diplomatic),110000000,0.05,55000,0,0,0,55000,Heavy (PLAN/RF Navy),150000000,260000000,Eurasia,3.6666666666666665
2026-05-25,Red Leader 99,358728676,Iraq,Privileged,Passed,0,No,Crude Oil Tanker,Hidden/Private,N/A (Exempt/Diplomatic),140000000,0.05,70000,0,0,0,70000,Light (Cooperative),240000000,380000000,Asia,0.035
2026-05-25,Ocean Titan 52,620040549,UK,Blocked,Rerouted,0,Yes (Cape of Good Hope),Crude Oil Tanker,Mumbai,N/A (Exempt/Diplomatic),140000000,0.15,210000,12,1200,1548000,1758000,None,240000000,380000000,Europe,0.879
2026-05-25,Ocean Star 98,685292957,Iraq,Privileged,Passed,0,No,Bulk Carrier,Hidden/Private,N/A (Exempt/Diplomatic),45000000,0.05,22500,0,0,0,22500,Light (Cooperative),50000000,95000000,Asia,
2026-05-25,Global Titan 34,487916220,Israel,Blocked,Rerouted,0,Yes (Cape of Good Hope),Bulk Carrier,Mumbai,N/A (Exempt/Diplomatic),45000000,0.15,67500,12,480,607200,674700,None,50000000,95000000,Asia,
2026-05-25,Ocean Spirit 12,515845836,UAE,Taxed,Passed,2000000,No,Crude Oil Tanker,Rotterdam,Other Non-USD,140000000,1.25,1750000,0,0,0,3750000,None,240000000,380000000,Asia,1.875
2026-05-25,Northern Trader 12,249957637,Panama,Taxed,Passed,2000000,No,LNG Carrier,Singapore,Other Non-USD,220000000,1.25,2750000,0,0,0,4750000,None,200000000,420000000,North America,1.3970588235294117
2026-05-25,Golden Carrier 98,299401567,India,Taxed,Passed,2000000,No,LNG Carrier,Mumbai,Other Non-USD,220000000,1.25,2750000,0,0,0,4750000,None,200000000,420000000,Asia,1.3970588235294117
2026-05-25,Global Titan 27,595389973,Iran,Privileged,Passed,0,No,LNG Carrier,Hidden/Private,N/A (Exempt/Diplomatic),220000000,0.05,110000,0,0,0,110000,Internal (IRGC Navy),200000000,420000000,Asia,0.03235294117647059
2026-05-25,Ocean Leader 53,559098790,USA,Blocked,Rerouted,0,Yes (Cape of Good Hope),Crude Oil Tanker,Mumbai,N/A (Exempt/Diplomatic),140000000,0.15,210000,12,1200,1548000,1758000,None,240000000,380000000,North America,0.879
2026-05-25,Global Titan 93,569164473,China,Privileged,Passed,0,No,Crude Oil Tanker,Hidden/Private,N/A (Exempt/Diplomatic),140000000,0.05,70000,0,0,0,70000,Heavy (PLAN/RF Navy),240000000,380000000,Asia,0.035
2026-05-25,Ocean Express 79,648838894,China,Privileged,Passed,0,No,LNG Carrier,Hidden/Private,N/A (Exempt/Diplomatic),220000000,0.05,110000,0,0,0,110000,Heavy (PLAN/RF Navy),200000000,420000000,Asia,0.03235294117647059
2026-05-25,Iron Trader 23,617911275,UK,Blocked,Rerouted,0,Yes (Cape of Good Hope),LNG Carrier,Singapore,N/A (Exempt/Diplomatic),220000000,0.15,330000,12,1800,2658000,2988000,None,200000000,420000000,Europe,0.8788235294117647
2026-05-26,Ocean Express 79,648838894,China,Privileged,Passed,0,No,Bulk Carrier,Hidden/Private,N/A (Exempt/Diplomatic),45000000,0.05,22500,0,0,0,22500,Heavy (PLAN/RF Navy),50000000,95000000,Asia,
2026-05-26,Golden Titan 65,294562809,Germany,Blocked,Blocked/Waiting (Anchored off Oman),0,No,Container Ship,Singapore,N/A (Exempt/Diplomatic),110000000,0.5,550000,0,0,0,550000,None,150000000,260000000,Europe,36.666666666666664
2026-05-26,Red Leader 18,556609890,Liberia,Taxed,Passed,2000000,No,Crude Oil Tanker,Rotterdam,Other Non-USD,140000000,1.25,1750000,0,0,0,3750000,None,240000000,380000000,Africa,1.875
2026-05-26,Global Star 34,369408512,Iran,Privileged,Passed,0,No,Bulk Carrier,Hidden/Private,N/A (Exempt/Diplomatic),45000000,0.05,22500,0,0,0,22500,Internal (IRGC Navy),50000000,95000000,Asia,
2026-05-26,Northern Express 35,240800296,UAE,Taxed,Passed,2000000,No,Container Ship,Houston,Other Non-USD,110000000,1.25,1375000,0,0,0,3375000,None,150000000,260000000,Asia,225.0
2026-05-26,Global Express 70,495173558,Greece,Taxed,Passed,2000000,No,Bulk Carrier,Mumbai,Tether (USDT) / Yuan,45000000,1.25,562500,0,0,0,2562500,None,50000000,95000000,Europe,
2026-05-26,Global Star 22,553788671,UK,Blocked,Rerouted,0,Yes (Cape of Good Hope),Crude Oil Tanker,Mumbai,N/A (Exempt/Diplomatic),140000000,0.15,210000,12,1200,1548000,1758000,None,240000000,380000000,Europe,0.879
2026-05-26,Ocean Leader 53,559098790,USA,Blocked,Rerouted,0,Yes (Cape of Good Hope),Container Ship,Singapore,N/A (Exempt/Diplomatic),110000000,0.15,165000,12,1800,2022000,2187000,None,150000000,260000000,North America,145.8
2026-05-26,Global Express 71,348444607,Germany,Blocked,Rerouted,0,Yes (Cape of Good Hope),LNG Carrier,Houston,N/A (Exempt/Diplomatic),220000000,0.15,330000,12,1800,2658000,2988000,None,200000000,420000000,Europe,0.8788235294117647
2026-05-26,Golden Spirit 30,597945315,Israel,Blocked,Rerouted,0,Yes (Cape of Good Hope),Bulk Carrier,Ningbo,N/A (Exempt/Diplomatic),45000000,0.15,67500,12,480,607200,674700,None,50000000,95000000,Asia,
2026-05-26,Eastern Titan 18,224601779,UAE,Taxed,Passed,2000000,No,Crude Oil Tanker,Rotterdam,Other Non-USD,140000000,1.25,1750000,0,0,0,3750000,None,240000000,380000000,Asia,1.875
2026-05-26,Ocean Express 48,656497707,Iran,Privileged,Passed,0,No,Crude Oil Tanker,Hidden/Private,N/A (Exempt/Diplomatic),140000000,0.05,70000,0,0,0,70000,Internal (IRGC Navy),240000000,380000000,Asia,0.035
2026-05-26,Eastern Express 79,232726345,Liberia,Taxed,Rerouted,0,Yes (Cape of Good Hope),Crude Oil Tanker,Houston,N/A (Exempt/Diplomatic),140000000,0.15,210000,12,1200,1548000,1758000,None,240000000,380000000,Africa,0.879
2026-05-26,Eastern Star 59,404880292,Israel,Blocked,Rerouted,0,Yes (Cape of Good Hope),Container Ship,Mumbai,N/A (Exempt/Diplomatic),110000000,0.15,165000,12,1800,2022000,2187000,None,150000000,260000000,Asia,145.8
2026-05-26,Red Titan 56,296336946,Panama,Taxed,Rerouted,0,Yes (Cape of Good Hope),Bulk Carrier,Mumbai,N/A (Exempt/Diplomatic),45000000,0.15,67500,12,480,607200,674700,None,50000000,95000000,North America,
2026-05-26,Red Titan 16,335548300,Norway,Blocked,Rerouted,0,Yes (Cape of Good Hope),Crude Oil Tanker,Houston,N/A (Exempt/Diplomatic),140000000,0.15,210000,12,1200,1548000,1758000,None,240000000,380000000,Europe,0.879
2026-05-26,Red Spirit 36,430794441,Liberia,Taxed,Rerouted,0,Yes (Cape of Good Hope),LNG Carrier,Houston,N/A (Exempt/Diplomatic),220000000,0.15,330000,12,1800,2658000,2988000,None,200000000,420000000,Africa,0.8788235294117647
2026-05-26,Red Spirit 39,319681170,China,Privileged,Passed,0,No,Crude Oil Tanker,Hidden/Private,N/A (Exempt/Diplomatic),140000000,0.05,70000,0,0,0,70000,Heavy (PLAN/RF Navy),240000000,380000000,Asia,0.035
2026-05-26,Red Carrier 94,539807534,Liberia,Taxed,Passed,2000000,No,Crude Oil Tanker,Rotterdam,Other Non-USD,140000000,1.25,1750000,0,0,0,3750000,None,240000000,380000000,Africa,1.875
2026-05-26,Eastern Carrier 22,239331548,India,Taxed,Passed,2000000,No,LNG Carrier,Singapore,Other Non-USD,220000000,1.25,2750000,0,0,0,4750000,None,200000000,420000000,Asia,1.3970588235294117
2026-05-26,Global Leader 98,330623464,Panama,Taxed,Passed,2000000,No,LNG Carrier,Rotterdam,Other Non-USD,220000000,1.25,2750000,0,0,0,4750000,None,200000000,420000000,North America,1.3970588235294117
2026-05-26,Northern Express 40,347423381,Israel,Blocked,Rerouted,0,Yes (Cape of Good Hope),Bulk Carrier,Mumbai,N/A (Exempt/Diplomatic),45000000,0.15,67500,12,480,607200,674700,None,50000000,95000000,Asia,
2026-05-26,Global Trader 19,437904006,Iran,Privileged,Passed,0,No,Container Ship,Hidden/Private,N/A (Exempt/Diplomatic),110000000,0.05,55000,0,0,0,55000,Internal (IRGC Navy),150000000,260000000,Asia,3.6666666666666665
2026-05-26,Iron Titan 32,673206722,UK,Blocked,Rerouted,0,Yes (Cape of Good Hope),Crude Oil Tanker,Singapore,N/A (Exempt/Diplomatic),140000000,0.15,210000,12,1200,1548000,1758000,None,240000000,380000000,Europe,0.879
2026-05-26,Red Star 73,656851825,Liberia,Taxed,Passed,2000000,No,Bulk Carrier,Singapore,Other Non-USD,45000000,1.25,562500,0,0,0,2562500,None,50000000,95000000,Africa,
2026-05-26,Iron Express 41,343240225,Greece,Taxed,Passed,2000000,No,Bulk Carrier,Mumbai,Tether (USDT) / Yuan,45000000,1.25,562500,0,0,0,2562500,None,50000000,95000000,Europe,
2026-05-26,Golden Leader 92,582167480,Norway,Blocked,Rerouted,0,Yes (Cape of Good Hope),Crude Oil Tanker,Mumbai,N/A (Exempt/Diplomatic),140000000,0.15,210000,12,1200,1548000,1758000,None,240000000,380000000,Europe,0.879
2026-05-26,Ocean Star 80,356839665,Iraq,Privileged,Passed,0,No,Crude Oil Tanker,Hidden/Private,N/A (Exempt/Diplomatic),140000000,0.05,70000,0,0,0,70000,Light (Cooperative),240000000,380000000,Asia,0.035
2026-05-26,Eastern Trader 77,693112443,China,Privileged,Passed,0,No,Container Ship,Hidden/Private,N/A (Exempt/Diplomatic),110000000,0.05,55000,0,0,0,55000,Heavy (PLAN/RF Navy),150000000,260000000,Asia,3.6666666666666665
2026-05-26,Iron Titan 91,348880396,Germany,Blocked,Rerouted,0,Yes (Cape of Good Hope),Crude Oil Tanker,Mumbai,N/A (Exempt/Diplomatic),140000000,0.15,210000,12,1200,1548000,1758000,None,240000000,380000000,Europe,0.879
2026-05-26,Iron Carrier 97,586241038,India,Taxed,Passed,2000000,No,Bulk Carrier,Ningbo,Other Non-USD,45000000,1.25,562500,0,0,0,2562500,None,50000000,95000000,Asia,
2026-05-26,Ocean Star 21,317380369,UAE,Taxed,Passed,2000000,No,Container Ship,Ningbo,Other Non-USD,110000000,1.25,1375000,0,0,0,3375000,None,150000000,260000000,Asia,225.0
2026-05-27,Northern Express 93,400478606,Israel,Blocked,Blocked/Waiting (Anchored off Oman),0,No,Crude Oil Tanker,Houston,N/A (Exempt/Diplomatic),140000000,0.5,700000,0,0,0,700000,None,240000000,380000000,Asia,0.35
2026-05-27,Iron Carrier 15,386403601,UK,Blocked,Rerouted,0,Yes (Cape of Good Hope),Container Ship,Singapore,N/A (Exempt/Diplomatic),110000000,0.15,165000,12,1800,2022000,2187000,None,150000000,260000000,Europe,145.8
2026-05-27,Northern Leader 90,509060961,India,Taxed,Passed,2000000,No,Crude Oil Tanker,Houston,Other Non-USD,140000000,1.25,1750000,0,0,0,3750000,None,240000000,380000000,Asia,1.875
2026-05-27,Ocean Trader 16,662301106,Iran,Privileged,Passed,0,No,LNG Carrier,Hidden/Private,N/A (Exempt/Diplomatic),220000000,0.05,110000,0,0,0,110000,Internal (IRGC Navy),200000000,420000000,Asia,0.03235294117647059
2026-05-27,Eastern Titan 29,400743469,Greece,Taxed,Rerouted,0,Yes (Cape of Good Hope),Container Ship,Rotterdam,N/A (Exempt/Diplomatic),110000000,0.15,165000,12,1800,2022000,2187000,None,150000000,260000000,Europe,145.8
2026-05-27,Red Spirit 79,243259801,Iraq,Privileged,Passed,0,No,Bulk Carrier,Hidden/Private,N/A (Exempt/Diplomatic),45000000,0.05,22500,0,0,0,22500,Light (Cooperative),50000000,95000000,Asia,
2026-05-27,Ocean Express 65,200907996,Germany,Blocked,Rerouted,0,Yes (Cape of Good Hope),Bulk Carrier,Singapore,N/A (Exempt/Diplomatic),45000000,0.15,67500,12,480,607200,674700,None,50000000,95000000,Europe,
2026-05-27,Golden Express 92,252837693,Russia,Privileged,Passed,0,No,Crude Oil Tanker,Hidden/Private,N/A (Exempt/Diplomatic),140000000,0.05,70000,0,0,0,70000,Heavy (PLAN/RF Navy),240000000,380000000,Eurasia,0.035
2026-05-27,Iron Star 41,307030950,China,Privileged,Passed,0,No,Crude Oil Tanker,Hidden/Private,N/A (Exempt/Diplomatic),140000000,0.05,70000,0,0,0,70000,Heavy (PLAN/RF Navy),240000000,380000000,Asia,0.035
2026-05-27,Ocean Express 48,656497707,Iran,Privileged,Passed,0,No,Bulk Carrier,Hidden/Private,N/A (Exempt/Diplomatic),45000000,0.05,22500,0,0,0,22500,Internal (IRGC Navy),50000000,95000000,Asia,
2026-05-27,Ocean Carrier 90,568535587,Russia,Privileged,Passed,0,No,Bulk Carrier,Hidden/Private,N/A (Exempt/Diplomatic),45000000,0.05,22500,0,0,0,22500,Heavy (PLAN/RF Navy),50000000,95000000,Eurasia,
2026-05-27,Eastern Spirit 94,655274738,Iran,Privileged,Passed,0,No,Crude Oil Tanker,Hidden/Private,N/A (Exempt/Diplomatic),140000000,0.05,70000,0,0,0,70000,Internal (IRGC Navy),240000000,380000000,Asia,0.035
2026-05-27,Red Leader 80,377592227,Marshall Islands,Taxed,Passed,2000000,No,Bulk Carrier,Ningbo,Other Non-USD,45000000,1.25,562500,0,0,0,2562500,None,50000000,95000000,Oceania,
2026-05-27,Global Titan 47,316877277,Russia,Privileged,Passed,0,No,LNG Carrier,Hidden/Private,N/A (Exempt/Diplomatic),220000000,0.05,110000,0,0,0,110000,Heavy (PLAN/RF Navy),200000000,420000000,Eurasia,0.03235294117647059
2026-05-27,Red Titan 27,473549845,Norway,Blocked,Rerouted,0,Yes (Cape of Good Hope),Container Ship,Ningbo,N/A (Exempt/Diplomatic),110000000,0.15,165000,12,1800,2022000,2187000,None,150000000,260000000,Europe,145.8
2026-05-27,Red Spirit 29,315595695,Liberia,Taxed,Rerouted,0,Yes (Cape of Good Hope),Container Ship,Rotterdam,N/A (Exempt/Diplomatic),110000000,0.15,165000,12,1800,2022000,2187000,None,150000000,260000000,Africa,145.8
2026-05-27,Eastern Express 31,486764160,UAE,Taxed,Passed,2000000,No,Bulk Carrier,Singapore,Other Non-USD,45000000,1.25,562500,0,0,0,2562500,None,50000000,95000000,Asia,
2026-05-27,Global Express 71,348444607,Germany,Blocked,Rerouted,0,Yes (Cape of Good Hope),Container Ship,Ningbo,N/A (Exempt/Diplomatic),110000000,0.15,165000,12,1800,2022000,2187000,None,150000000,260000000,Europe,145.8
2026-05-27,Northern Titan 44,433987659,Norway,Blocked,Rerouted,0,Yes (Cape of Good Hope),LNG Carrier,Rotterdam,N/A (Exempt/Diplomatic),220000000,0.15,330000,12,1800,2658000,2988000,None,200000000,420000000,Europe,0.8788235294117647
2026-05-27,Red Trader 68,353142014,UK,Blocked,Rerouted,0,Yes (Cape of Good Hope),LNG Carrier,Singapore,N/A (Exempt/Diplomatic),220000000,0.15,330000,12,1800,2658000,2988000,None,200000000,420000000,Europe,0.8788235294117647
2026-05-27,Golden Spirit 74,366045938,UK,Blocked,Rerouted,0,Yes (Cape of Good Hope),Bulk Carrier,Singapore,N/A (Exempt/Diplomatic),45000000,0.15,67500,12,480,607200,674700,None,50000000,95000000,Europe,
2026-05-27,Eastern Carrier 13,501316148,India,Taxed,Passed,2000000,No,Container Ship,Rotterdam,Other Non-USD,110000000,1.25,1375000,0,0,0,3375000,None,150000000,260000000,Asia,225.0
2026-05-27,Global Titan 93,569164473,China,Privileged,Passed,0,No,Crude Oil Tanker,Hidden/Private,N/A (Exempt/Diplomatic),140000000,0.05,70000,0,0,0,70000,Heavy (PLAN/RF Navy),240000000,380000000,Asia,0.035
2026-05-27,Eastern Spirit 72,210456496,Iran,Privileged,Passed,0,No,Bulk Carrier,Hidden/Private,N/A (Exempt/Diplomatic),45000000,0.05,22500,0,0,0,22500,Internal (IRGC Navy),50000000,95000000,Asia,
2026-05-27,Ocean Trader 63,641485549,Norway,Blocked,Rerouted,0,Yes (Cape of Good Hope),Crude Oil Tanker,Singapore,N/A (Exempt/Diplomatic),140000000,0.15,210000,12,1200,1548000,1758000,None,240000000,380000000,Europe,0.879
2026-05-27,Northern Express 35,240800296,UAE,Taxed,Rerouted,0,Yes (Cape of Good Hope),Container Ship,Houston,N/A (Exempt/Diplomatic),110000000,0.15,165000,12,1800,2022000,2187000,None,150000000,260000000,Asia,145.8
2026-05-27,Golden Star 13,598116895,Turkey,Taxed,Rerouted,0,Yes (Cape of Good Hope),LNG Carrier,Rotterdam,N/A (Exempt/Diplomatic),220000000,0.15,330000,12,1800,2658000,2988000,None,200000000,420000000,Asia,0.8788235294117647
2026-05-27,Ocean Star 58,251924210,Marshall Islands,Taxed,Rerouted,0,Yes (Cape of Good Hope),LNG Carrier,Singapore,N/A (Exempt/Diplomatic),220000000,0.15,330000,12,1800,2658000,2988000,None,200000000,420000000,Oceania,0.8788235294117647
2026-05-27,Golden Spirit 88,633898650,Norway,Blocked,Rerouted,0,Yes (Cape of Good Hope),Container Ship,Houston,N/A (Exempt/Diplomatic),110000000,0.15,165000,12,1800,2022000,2187000,None,150000000,260000000,Europe,145.8
2026-05-27,Iron Express 41,343240225,Greece,Taxed,Rerouted,0,Yes (Cape of Good Hope),LNG Carrier,Rotterdam,N/A (Exempt/Diplomatic),220000000,0.15,330000,12,1800,2658000,2988000,None,200000000,420000000,Europe,0.8788235294117647
2026-05-27,Ocean Star 84,455973885,Germany,Blocked,Rerouted,0,Yes (Cape of Good Hope),Crude Oil Tanker,Mumbai,N/A (Exempt/Diplomatic),140000000,0.15,210000,12,1200,1548000,1758000,None,240000000,380000000,Europe,0.879
2026-05-27,Red Spirit 86,576445159,Turkey,Taxed,Passed,2000000,No,Crude Oil Tanker,Singapore,Other Non-USD,140000000,1.25,1750000,0,0,0,3750000,None,240000000,380000000,Asia,1.875
2026-05-27,Eastern Titan 53,309305473,Turkey,Taxed,Passed,2000000,No,Crude Oil Tanker,Rotterdam,Other Non-USD,140000000,1.25,1750000,0,0,0,3750000,None,240000000,380000000,Asia,1.875
2026-05-28,Global Star 43,403529838,Liberia,Taxed,Rerouted,0,Yes (Cape of Good Hope),LNG Carrier,Houston,N/A (Exempt/Diplomatic),220000000,0.15,330000,12,1800,2658000,2988000,None,200000000,420000000,Africa,0.8788235294117647
2026-05-28,Iron Star 41,307030950,China,Privileged,Passed,0,No,Crude Oil Tanker,Hidden/Private,N/A (Exempt/Diplomatic),140000000,0.05,70000,0,0,0,70000,Heavy (PLAN/RF Navy),240000000,380000000,Asia,0.035
2026-05-28,Northern Express 53,629814830,Iran,Privileged,Passed,0,No,LNG Carrier,Hidden/Private,N/A (Exempt/Diplomatic),220000000,0.05,110000,0,0,0,110000,Internal (IRGC Navy),200000000,420000000,Asia,0.03235294117647059
2026-05-28,Golden Trader 56,287324253,Marshall Islands,Taxed,Rerouted,0,Yes (Cape of Good Hope),Container Ship,Ningbo,N/A (Exempt/Diplomatic),110000000,0.15,165000,12,1800,2022000,2187000,None,150000000,260000000,Oceania,145.8
2026-05-28,Global Carrier 26,588346949,Norway,Blocked,Rerouted,0,Yes (Cape of Good Hope),Container Ship,Rotterdam,N/A (Exempt/Diplomatic),110000000,0.15,165000,12,1800,2022000,2187000,None,150000000,260000000,Europe,145.8
2026-05-28,Ocean Leader 83,302047765,Turkey,Taxed,Rerouted,0,Yes (Cape of Good Hope),LNG Carrier,Rotterdam,N/A (Exempt/Diplomatic),220000000,0.15,330000,12,1800,2658000,2988000,None,200000000,420000000,Asia,0.8788235294117647
2026-05-28,Ocean Express 64,645252867,Turkey,Taxed,Passed,2000000,No,Bulk Carrier,Singapore,Other Non-USD,45000000,1.25,562500,0,0,0,2562500,None,50000000,95000000,Asia,
2026-05-28,Eastern Spirit 22,647013948,India,Taxed,Passed,2000000,No,Container Ship,Ningbo,Other Non-USD,110000000,1.25,1375000,0,0,0,3375000,None,150000000,260000000,Asia,225.0
2026-05-28,Global Trader 69,505935698,USA,Blocked,Rerouted,0,Yes (Cape of Good Hope),Bulk Carrier,Houston,N/A (Exempt/Diplomatic),45000000,0.15,67500,12,480,607200,674700,None,50000000,95000000,North America,
2026-05-28,Red Spirit 39,319681170,China,Privileged,Passed,0,No,Container Ship,Hidden/Private,N/A (Exempt/Diplomatic),110000000,0.05,55000,0,0,0,55000,Heavy (PLAN/RF Navy),150000000,260000000,Asia,3.6666666666666665
2026-05-28,Golden Carrier 29,346215835,Panama,Taxed,Passed,2000000,No,LNG Carrier,Houston,Other Non-USD,220000000,1.25,2750000,0,0,0,4750000,None,200000000,420000000,North America,1.3970588235294117
2026-05-28,Eastern Spirit 80,662127581,China,Privileged,Passed,0,No,Crude Oil Tanker,Hidden/Private,N/A (Exempt/Diplomatic),140000000,0.05,70000,0,0,0,70000,Heavy (PLAN/RF Navy),240000000,380000000,Asia,0.035
2026-05-28,Global Leader 37,390495200,Turkey,Taxed,Passed,2000000,No,Container Ship,Houston,Other Non-USD,110000000,1.25,1375000,0,0,0,3375000,None,150000000,260000000,Asia,225.0
2026-05-28,Ocean Leader 53,559098790,USA,Blocked,Blocked/Waiting (Anchored off Oman),0,No,Bulk Carrier,Mumbai,N/A (Exempt/Diplomatic),45000000,0.5,225000,0,0,0,225000,None,50000000,95000000,North America,
2026-05-28,Global Titan 59,572561470,Iraq,Privileged,Passed,0,No,Container Ship,Hidden/Private,N/A (Exempt/Diplomatic),110000000,0.05,55000,0,0,0,55000,Light (Cooperative),150000000,260000000,Asia,3.6666666666666665
2026-05-28,Iron Express 48,651867790,Germany,Blocked,Rerouted,0,Yes (Cape of Good Hope),LNG Carrier,Ningbo,N/A (Exempt/Diplomatic),220000000,0.15,330000,12,1800,2658000,2988000,None,200000000,420000000,Europe,0.8788235294117647
2026-05-28,Global Spirit 24,677660874,Iran,Privileged,Passed,0,No,Crude Oil Tanker,Hidden/Private,N/A (Exempt/Diplomatic),140000000,0.05,70000,0,0,0,70000,Internal (IRGC Navy),240000000,380000000,Asia,0.035
2026-05-28,Red Leader 62,450731958,Russia,Privileged,Passed,0,No,Crude Oil Tanker,Hidden/Private,N/A (Exempt/Diplomatic),140000000,0.05,70000,0,0,0,70000,Heavy (PLAN/RF Navy),240000000,380000000,Eurasia,0.035
2026-05-28,Golden Leader 78,267015535,USA,Blocked,Rerouted,0,Yes (Cape of Good Hope),LNG Carrier,Singapore,N/A (Exempt/Diplomatic),220000000,0.15,330000,12,1800,2658000,2988000,None,200000000,420000000,North America,0.8788235294117647
2026-05-28,Golden Leader 27,665387276,Israel,Blocked,Rerouted,0,Yes (Cape of Good Hope),LNG Carrier,Mumbai,N/A (Exempt/Diplomatic),220000000,0.15,330000,12,1800,2658000,2988000,None,200000000,420000000,Asia,0.8788235294117647
2026-05-28,Eastern Trader 98,307992155,Panama,Taxed,Rerouted,0,Yes (Cape of Good Hope),Crude Oil Tanker,Ningbo,N/A (Exempt/Diplomatic),140000000,0.15,210000,12,1200,1548000,1758000,None,240000000,380000000,North America,0.879
2026-05-28,Eastern Leader 42,686048824,Russia,Privileged,Passed,0,No,Container Ship,Hidden/Private,N/A (Exempt/Diplomatic),110000000,0.05,55000,0,0,0,55000,Heavy (PLAN/RF Navy),150000000,260000000,Eurasia,3.6666666666666665
2026-05-28,Ocean Carrier 90,568535587,Russia,Privileged,Passed,0,No,Container Ship,Hidden/Private,N/A (Exempt/Diplomatic),110000000,0.05,55000,0,0,0,55000,Heavy (PLAN/RF Navy),150000000,260000000,Eurasia,3.6666666666666665
2026-05-28,Golden Trader 72,255076321,China,Privileged,Passed,0,No,LNG Carrier,Hidden/Private,N/A (Exempt/Diplomatic),220000000,0.05,110000,0,0,0,110000,Heavy (PLAN/RF Navy),200000000,420000000,Asia,0.03235294117647059
2026-05-28,Ocean Trader 33,236787109,Pakistan,Privileged,Passed,0,No,LNG Carrier,Hidden/Private,N/A (Exempt/Diplomatic),220000000,0.05,110000,0,0,0,110000,Light (Cooperative),200000000,420000000,Asia,0.03235294117647059
2026-05-28,Eastern Titan 29,400743469,Greece,Taxed,Passed,2000000,No,Crude Oil Tanker,Rotterdam,Tether (USDT) / Yuan,140000000,1.25,1750000,0,0,0,3750000,None,240000000,380000000,Europe,1.875
2026-05-28,Ocean Spirit 32,511701739,Turkey,Taxed,Passed,2000000,No,Bulk Carrier,Ningbo,Other Non-USD,45000000,1.25,562500,0,0,0,2562500,None,50000000,95000000,Asia,
2026-05-28,Red Carrier 87,427170451,India,Taxed,Passed,2000000,No,Bulk Carrier,Houston,Other Non-USD,45000000,1.25,562500,0,0,0,2562500,None,50000000,95000000,Asia,
2026-05-28,Global Express 41,558057151,Iran,Privileged,Passed,0,No,Container Ship,Hidden/Private,N/A (Exempt/Diplomatic),110000000,0.05,55000,0,0,0,55000,Internal (IRGC Navy),150000000,260000000,Asia,3.6666666666666665
2026-05-28,Red Carrier 69,423217093,Russia,Privileged,Passed,0,No,Crude Oil Tanker,Hidden/Private,N/A (Exempt/Diplomatic),140000000,0.05,70000,0,0,0,70000,Heavy (PLAN/RF Navy),240000000,380000000,Eurasia,0.035
2026-05-29,Ocean Express 46,325892782,Turkey,Taxed,Rerouted,0,Yes (Cape of Good Hope),Container Ship,Ningbo,N/A (Exempt/Diplomatic),110000000,0.15,165000,12,1800,2022000,2187000,None,150000000,260000000,Asia,145.8
2026-05-29,Northern Express 93,400478606,Israel,Blocked,Rerouted,0,Yes (Cape of Good Hope),LNG Carrier,Rotterdam,N/A (Exempt/Diplomatic),220000000,0.15,330000,12,1800,2658000,2988000,None,200000000,420000000,Asia,0.8788235294117647
2026-05-29,Global Carrier 20,245984845,Norway,Blocked,Rerouted,0,Yes (Cape of Good Hope),Container Ship,Rotterdam,N/A (Exempt/Diplomatic),110000000,0.15,165000,12,1800,2022000,2187000,None,150000000,260000000,Europe,145.8
2026-05-29,Iron Trader 30,574810735,UK,Blocked,Blocked/Waiting (Anchored off Oman),0,No,LNG Carrier,Ningbo,N/A (Exempt/Diplomatic),220000000,0.5,1100000,0,0,0,1100000,None,200000000,420000000,Europe,0.3235294117647059
2026-05-29,Ocean Titan 70,528175214,Pakistan,Privileged,Passed,0,No,Container Ship,Hidden/Private,N/A (Exempt/Diplomatic),110000000,0.05,55000,0,0,0,55000,Light (Cooperative),150000000,260000000,Asia,3.6666666666666665
2026-05-29,Northern Titan 69,558403064,Germany,Blocked,Rerouted,0,Yes (Cape of Good Hope),Bulk Carrier,Ningbo,N/A (Exempt/Diplomatic),45000000,0.15,67500,12,480,607200,674700,None,50000000,95000000,Europe,
2026-05-29,Eastern Star 59,404880292,Israel,Blocked,Rerouted,0,Yes (Cape of Good Hope),LNG Carrier,Mumbai,N/A (Exempt/Diplomatic),220000000,0.15,330000,12,1800,2658000,2988000,None,200000000,420000000,Asia,0.8788235294117647
2026-05-29,Eastern Express 31,486764160,UAE,Taxed,Passed,2000000,No,LNG Carrier,Mumbai,Other Non-USD,220000000,1.25,2750000,0,0,0,4750000,None,200000000,420000000,Asia,1.3970588235294117
2026-05-29,Ocean Express 79,648838894,China,Privileged,Passed,0,No,LNG Carrier,Hidden/Private,N/A (Exempt/Diplomatic),220000000,0.05,110000,0,0,0,110000,Heavy (PLAN/RF Navy),200000000,420000000,Asia,0.03235294117647059
2026-05-29,Golden Leader 44,364616964,Turkey,Taxed,Rerouted,0,Yes (Cape of Good Hope),Crude Oil Tanker,Mumbai,N/A (Exempt/Diplomatic),140000000,0.15,210000,12,1200,1548000,1758000,None,240000000,380000000,Asia,0.879
2026-05-29,Eastern Spirit 94,655274738,Iran,Privileged,Passed,0,No,LNG Carrier,Hidden/Private,N/A (Exempt/Diplomatic),220000000,0.05,110000,0,0,0,110000,Internal (IRGC Navy),200000000,420000000,Asia,0.03235294117647059
2026-05-29,Golden Leader 27,665387276,Israel,Blocked,Rerouted,0,Yes (Cape of Good Hope),Container Ship,Singapore,N/A (Exempt/Diplomatic),110000000,0.15,165000,12,1800,2022000,2187000,None,150000000,260000000,Asia,145.8
2026-05-29,Golden Titan 69,693675149,Iraq,Privileged,Passed,0,No,Container Ship,Hidden/Private,N/A (Exempt/Diplomatic),110000000,0.05,55000,0,0,0,55000,Light (Cooperative),150000000,260000000,Asia,3.6666666666666665
2026-05-29,Golden Carrier 29,346215835,Panama,Taxed,Rerouted,0,Yes (Cape of Good Hope),Bulk Carrier,Ningbo,N/A (Exempt/Diplomatic),45000000,0.15,67500,12,480,607200,674700,None,50000000,95000000,North America,
2026-05-29,Ocean Star 86,433304641,Marshall Islands,Taxed,Passed,2000000,No,LNG Carrier,Houston,Other Non-USD,220000000,1.25,2750000,0,0,0,4750000,None,200000000,420000000,Oceania,1.3970588235294117
2026-05-29,Ocean Carrier 40,349506343,Norway,Blocked,Blocked/Waiting (Anchored off Oman),0,No,LNG Carrier,Rotterdam,N/A (Exempt/Diplomatic),220000000,0.5,1100000,0,0,0,1100000,None,200000000,420000000,Europe,0.3235294117647059
2026-05-29,Global Trader 69,505935698,USA,Blocked,Rerouted,0,Yes (Cape of Good Hope),Container Ship,Ningbo,N/A (Exempt/Diplomatic),110000000,0.15,165000,12,1800,2022000,2187000,None,150000000,260000000,North America,145.8
2026-05-29,Golden Carrier 98,299401567,India,Taxed,Passed,2000000,No,Container Ship,Mumbai,Other Non-USD,110000000,1.25,1375000,0,0,0,3375000,None,150000000,260000000,Asia,225.0
2026-05-29,Global Leader 33,349542787,Israel,Blocked,Rerouted,0,Yes (Cape of Good Hope),Container Ship,Ningbo,N/A (Exempt/Diplomatic),110000000,0.15,165000,12,1800,2022000,2187000,None,150000000,260000000,Asia,145.8
2026-05-29,Global Express 30,625244369,UK,Blocked,Rerouted,0,Yes (Cape of Good Hope),Container Ship,Houston,N/A (Exempt/Diplomatic),110000000,0.15,165000,12,1800,2022000,2187000,None,150000000,260000000,Europe,145.8
2026-05-29,Golden Carrier 57,454079790,Germany,Blocked,Rerouted,0,Yes (Cape of Good Hope),LNG Carrier,Houston,N/A (Exempt/Diplomatic),220000000,0.15,330000,12,1800,2658000,2988000,None,200000000,420000000,Europe,0.8788235294117647
2026-05-29,Global Leader 98,330623464,Panama,Taxed,Passed,2000000,No,Container Ship,Rotterdam,Other Non-USD,110000000,1.25,1375000,0,0,0,3375000,None,150000000,260000000,North America,225.0
2026-05-29,Golden Carrier 64,682014990,USA,Blocked,Rerouted,0,Yes (Cape of Good Hope),Container Ship,Houston,N/A (Exempt/Diplomatic),110000000,0.15,165000,12,1800,2022000,2187000,None,150000000,260000000,North America,145.8
2026-05-30,Iron Titan 91,348880396,Germany,Blocked,Rerouted,0,Yes (Cape of Good Hope),Container Ship,Singapore,N/A (Exempt/Diplomatic),110000000,0.15,165000,12,1800,2022000,2187000,None,150000000,260000000,Europe,145.8
2026-05-30,Iron Express 23,405375523,Russia,Privileged,Passed,0,No,LNG Carrier,Hidden/Private,N/A (Exempt/Diplomatic),220000000,0.05,110000,0,0,0,110000,Heavy (PLAN/RF Navy),200000000,420000000,Eurasia,0.03235294117647059
2026-05-30,Ocean Trader 40,561204424,Panama,Taxed,Passed,2000000,No,Container Ship,Ningbo,Other Non-USD,110000000,1.25,1375000,0,0,0,3375000,None,150000000,260000000,North America,225.0
2026-05-30,Global Express 62,462303235,UAE,Taxed,Passed,2000000,No,Bulk Carrier,Singapore,Other Non-USD,45000000,1.25,562500,0,0,0,2562500,None,50000000,95000000,Asia,
2026-05-30,Golden Carrier 64,682014990,USA,Blocked,Rerouted,0,Yes (Cape of Good Hope),Crude Oil Tanker,Rotterdam,N/A (Exempt/Diplomatic),140000000,0.15,210000,12,1200,1548000,1758000,None,240000000,380000000,North America,0.879
2026-05-30,Red Leader 99,358728676,Iraq,Privileged,Passed,0,No,Container Ship,Hidden/Private,N/A (Exempt/Diplomatic),110000000,0.05,55000,0,0,0,55000,Light (Cooperative),150000000,260000000,Asia,3.6666666666666665
2026-05-30,Golden Express 59,465416722,USA,Blocked,Blocked/Waiting (Anchored off Oman),0,No,Bulk Carrier,Houston,N/A (Exempt/Diplomatic),45000000,0.5,225000,0,0,0,225000,None,50000000,95000000,North America,
2026-05-30,Ocean Trader 40,289287596,UK,Blocked,Rerouted,0,Yes (Cape of Good Hope),Container Ship,Mumbai,N/A (Exempt/Diplomatic),110000000,0.15,165000,12,1800,2022000,2187000,None,150000000,260000000,Europe,145.8
2026-05-30,Iron Spirit 61,343742291,Pakistan,Privileged,Passed,0,No,LNG Carrier,Hidden/Private,N/A (Exempt/Diplomatic),220000000,0.05,110000,0,0,0,110000,Light (Cooperative),200000000,420000000,Asia,0.03235294117647059
2026-05-30,Global Trader 63,409098769,China,Privileged,Passed,0,No,Crude Oil Tanker,Hidden/Private,N/A (Exempt/Diplomatic),140000000,0.05,70000,0,0,0,70000,Heavy (PLAN/RF Navy),240000000,380000000,Asia,0.035
2026-05-30,Ocean Star 21,317380369,UAE,Taxed,Passed,2000000,No,Bulk Carrier,Rotterdam,Other Non-USD,45000000,1.25,562500,0,0,0,2562500,None,50000000,95000000,Asia,
2026-05-30,Eastern Star 76,302572638,Pakistan,Privileged,Passed,0,No,Bulk Carrier,Hidden/Private,N/A (Exempt/Diplomatic),45000000,0.05,22500,0,0,0,22500,Light (Cooperative),50000000,95000000,Asia,
2026-05-30,Global Express 71,348444607,Germany,Blocked,Blocked/Waiting (Anchored off Oman),0,No,Crude Oil Tanker,Singapore,N/A (Exempt/Diplomatic),140000000,0.5,700000,0,0,0,700000,None,240000000,380000000,Europe,0.35
2026-05-30,Iron Star 45,388520142,Germany,Blocked,Rerouted,0,Yes (Cape of Good Hope),Crude Oil Tanker,Mumbai,N/A (Exempt/Diplomatic),140000000,0.15,210000,12,1200,1548000,1758000,None,240000000,380000000,Europe,0.879
2026-05-30,Golden Express 92,252837693,Russia,Privileged,Passed,0,No,Bulk Carrier,Hidden/Private,N/A (Exempt/Diplomatic),45000000,0.05,22500,0,0,0,22500,Heavy (PLAN/RF Navy),50000000,95000000,Eurasia,
2026-05-30,Northern Titan 68,201742315,Turkey,Taxed,Rerouted,0,Yes (Cape of Good Hope),Crude Oil Tanker,Houston,N/A (Exempt/Diplomatic),140000000,0.15,210000,12,1200,1548000,1758000,None,240000000,380000000,Asia,0.879
2026-05-30,Eastern Star 57,512732442,Iraq,Privileged,Passed,0,No,LNG Carrier,Hidden/Private,N/A (Exempt/Diplomatic),220000000,0.05,110000,0,0,0,110000,Light (Cooperative),200000000,420000000,Asia,0.03235294117647059
2026-05-30,Global Spirit 60,270264740,Panama,Taxed,Rerouted,0,Yes (Cape of Good Hope),Bulk Carrier,Ningbo,N/A (Exempt/Diplomatic),45000000,0.15,67500,12,480,607200,674700,None,50000000,95000000,North America,
2026-05-30,Golden Trader 72,255076321,China,Privileged,Passed,0,No,Crude Oil Tanker,Hidden/Private,N/A (Exempt/Diplomatic),140000000,0.05,70000,0,0,0,70000,Heavy (PLAN/RF Navy),240000000,380000000,Asia,0.035
2026-05-30,Iron Carrier 15,386403601,UK,Blocked,Rerouted,0,Yes (Cape of Good Hope),LNG Carrier,Ningbo,N/A (Exempt/Diplomatic),220000000,0.15,330000,12,1800,2658000,2988000,None,200000000,420000000,Europe,0.8788235294117647
2026-05-30,Northern Express 68,276703600,Turkey,Taxed,Passed,2000000,No,Bulk Carrier,Houston,Other Non-USD,45000000,1.25,562500,0,0,0,2562500,None,50000000,95000000,Asia,
2026-05-30,Eastern Carrier 13,501316148,India,Taxed,Passed,2000000,No,Bulk Carrier,Rotterdam,Other Non-USD,45000000,1.25,562500,0,0,0,2562500,None,50000000,95000000,Asia,
2026-05-30,Global Titan 82,363120451,Pakistan,Privileged,Passed,0,No,Crude Oil Tanker,Hidden/Private,N/A (Exempt/Diplomatic),140000000,0.05,70000,0,0,0,70000,Light (Cooperative),240000000,380000000,Asia,0.035
2026-05-30,Northern Leader 85,344093758,Liberia,Taxed,Passed,2000000,No,Container Ship,Singapore,Other Non-USD,110000000,1.25,1375000,0,0,0,3375000,None,150000000,260000000,Africa,225.0
2026-05-30,Eastern Spirit 26,387372691,Pakistan,Privileged,Passed,0,No,Crude Oil Tanker,Hidden/Private,N/A (Exempt/Diplomatic),140000000,0.05,70000,0,0,0,70000,Light (Cooperative),240000000,380000000,Asia,0.035
2026-05-30,Iron Star 78,611154230,Iraq,Privileged,Passed,0,No,Container Ship,Hidden/Private,N/A (Exempt/Diplomatic),110000000,0.05,55000,0,0,0,55000,Light (Cooperative),150000000,260000000,Asia,3.6666666666666665
2026-05-30,Eastern Carrier 48,418009946,China,Privileged,Passed,0,No,Bulk Carrier,Hidden/Private,N/A (Exempt/Diplomatic),45000000,0.05,22500,0,0,0,22500,Heavy (PLAN/RF Navy),50000000,95000000,Asia,
2026-05-30,Northern Titan 44,433987659,Norway,Blocked,Rerouted,0,Yes (Cape of Good Hope),Bulk Carrier,Rotterdam,N/A (Exempt/Diplomatic),45000000,0.15,67500,12,480,607200,674700,None,50000000,95000000,Europe,
2026-05-30,Eastern Carrier 13,686903727,USA,Blocked,Rerouted,0,Yes (Cape of Good Hope),Container Ship,Rotterdam,N/A (Exempt/Diplomatic),110000000,0.15,165000,12,1800,2022000,2187000,None,150000000,260000000,North America,145.8
2026-05-31,Northern Express 93,400478606,Israel,Blocked,Rerouted,0,Yes (Cape of Good Hope),LNG Carrier,Houston,N/A (Exempt/Diplomatic),220000000,0.15,330000,12,1800,2658000,2988000,None,200000000,420000000,Asia,0.8788235294117647
2026-05-31,Eastern Star 63,552924530,Germany,Blocked,Rerouted,0,Yes (Cape of Good Hope),Container Ship,Houston,N/A (Exempt/Diplomatic),110000000,0.15,165000,12,1800,2022000,2187000,None,150000000,260000000,Europe,145.8
2026-05-31,Global Leader 58,344927134,UAE,Taxed,Passed,2000000,No,Bulk Carrier,Singapore,Other Non-USD,45000000,1.25,562500,0,0,0,2562500,None,50000000,95000000,Asia,
2026-05-31,Ocean Trader 16,662301106,Iran,Privileged,Passed,0,No,Container Ship,Hidden/Private,N/A (Exempt/Diplomatic),110000000,0.05,55000,0,0,0,55000,Internal (IRGC Navy),150000000,260000000,Asia,3.6666666666666665
2026-05-31,Global Express 70,495173558,Greece,Taxed,Passed,2000000,No,LNG Carrier,Mumbai,Tether (USDT) / Yuan,220000000,1.25,2750000,0,0,0,4750000,None,200000000,420000000,Europe,1.3970588235294117
2026-05-31,Ocean Trader 33,236787109,Pakistan,Privileged,Passed,0,No,LNG Carrier,Hidden/Private,N/A (Exempt/Diplomatic),220000000,0.05,110000,0,0,0,110000,Light (Cooperative),200000000,420000000,Asia,0.03235294117647059
2026-05-31,Global Express 30,625244369,UK,Blocked,Rerouted,0,Yes (Cape of Good Hope),LNG Carrier,Singapore,N/A (Exempt/Diplomatic),220000000,0.15,330000,12,1800,2658000,2988000,None,200000000,420000000,Europe,0.8788235294117647
2026-05-31,Global Express 62,462303235,UAE,Taxed,Passed,2000000,No,Bulk Carrier,Rotterdam,Other Non-USD,45000000,1.25,562500,0,0,0,2562500,None,50000000,95000000,Asia,
2026-05-31,Eastern Trader 77,693112443,China,Privileged,Passed,0,No,LNG Carrier,Hidden/Private,N/A (Exempt/Diplomatic),220000000,0.05,110000,0,0,0,110000,Heavy (PLAN/RF Navy),200000000,420000000,Asia,0.03235294117647059
2026-05-31,Global Titan 93,569164473,China,Privileged,Passed,0,No,Bulk Carrier,Hidden/Private,N/A (Exempt/Diplomatic),45000000,0.05,22500,0,0,0,22500,Heavy (PLAN/RF Navy),50000000,95000000,Asia,
2026-05-31,Eastern Spirit 72,210456496,Iran,Privileged,Passed,0,No,Bulk Carrier,Hidden/Private,N/A (Exempt/Diplomatic),45000000,0.05,22500,0,0,0,22500,Internal (IRGC Navy),50000000,95000000,Asia,
2026-05-31,Global Trader 70,633521651,UK,Blocked,Rerouted,0,Yes (Cape of Good Hope),LNG Carrier,Houston,N/A (Exempt/Diplomatic),220000000,0.15,330000,12,1800,2658000,2988000,None,200000000,420000000,Europe,0.8788235294117647
2026-05-31,Eastern Trader 74,429104699,Israel,Blocked,Blocked/Waiting (Anchored off Oman),0,No,Bulk Carrier,Ningbo,N/A (Exempt/Diplomatic),45000000,0.5,225000,0,0,0,225000,None,50000000,95000000,Asia,
2026-05-31,Golden Spirit 57,290081110,Iran,Privileged,Passed,0,No,LNG Carrier,Hidden/Private,N/A (Exempt/Diplomatic),220000000,0.05,110000,0,0,0,110000,Internal (IRGC Navy),200000000,420000000,Asia,0.03235294117647059
2026-05-31,Golden Express 99,492563230,UK,Blocked,Blocked/Waiting (Anchored off Oman),0,No,LNG Carrier,Ningbo,N/A (Exempt/Diplomatic),220000000,0.5,1100000,0,0,0,1100000,None,200000000,420000000,Europe,0.3235294117647059
2026-05-31,Global Spirit 60,270264740,Panama,Taxed,Rerouted,0,Yes (Cape of Good Hope),Crude Oil Tanker,Mumbai,N/A (Exempt/Diplomatic),140000000,0.15,210000,12,1200,1548000,1758000,None,240000000,380000000,North America,0.879
2026-05-31,Ocean Spirit 32,511701739,Turkey,Taxed,Passed,2000000,No,Container Ship,Mumbai,Other Non-USD,110000000,1.25,1375000,0,0,0,3375000,None,150000000,260000000,Asia,225.0
2026-05-31,Red Star 73,656851825,Liberia,Taxed,Passed,2000000,No,LNG Carrier,Houston,Other Non-USD,220000000,1.25,2750000,0,0,0,4750000,None,200000000,420000000,Africa,1.3970588235294117
2026-05-31,Red Spirit 79,243259801,Iraq,Privileged,Passed,0,No,Crude Oil Tanker,Hidden/Private,N/A (Exempt/Diplomatic),140000000,0.05,70000,0,0,0,70000,Light (Cooperative),240000000,380000000,Asia,0.035
2026-05-31,Northern Titan 68,201742315,Turkey,Taxed,Passed,2000000,No,Bulk Carrier,Ningbo,Other Non-USD,45000000,1.25,562500,0,0,0,2562500,None,50000000,95000000,Asia,
2026-05-31,Red Carrier 94,539807534,Liberia,Taxed,Passed,2000000,No,LNG Carrier,Houston,Other Non-USD,220000000,1.25,2750000,0,0,0,4750000,None,200000000,420000000,Africa,1.3970588235294117
2026-05-31,Golden Spirit 30,597945315,Israel,Blocked,Rerouted,0,Yes (Cape of Good Hope),Crude Oil Tanker,Singapore,N/A (Exempt/Diplomatic),140000000,0.15,210000,12,1200,1548000,1758000,None,240000000,380000000,Asia,0.879
2026-05-31,Ocean Star 86,433304641,Marshall Islands,Taxed,Passed,2000000,No,LNG Carrier,Singapore,Other Non-USD,220000000,1.25,2750000,0,0,0,4750000,None,200000000,420000000,Oceania,1.3970588235294117
2026-05-31,Eastern Spirit 94,655274738,Iran,Privileged,Passed,0,No,Bulk Carrier,Hidden/Private,N/A (Exempt/Diplomatic),45000000,0.05,22500,0,0,0,22500,Internal (IRGC Navy),50000000,95000000,Asia,
2026-05-31,Iron Carrier 15,386403601,UK,Blocked,Rerouted,0,Yes (Cape of Good Hope),Bulk Carrier,Mumbai,N/A (Exempt/Diplomatic),45000000,0.15,67500,12,480,607200,674700,None,50000000,95000000,Europe,
2026-05-31,Global Star 34,369408512,Iran,Privileged,Passed,0,No,Container Ship,Hidden/Private,N/A (Exempt/Diplomatic),110000000,0.05,55000,0,0,0,55000,Internal (IRGC Navy),150000000,260000000,Asia,3.6666666666666665
2026-05-31,Red Spirit 36,559556395,Liberia,Taxed,Passed,2000000,No,LNG Carrier,Houston,Other Non-USD,220000000,1.25,2750000,0,0,0,4750000,None,200000000,420000000,Africa,1.3970588235294117
2026-05-31,Eastern Titan 10,238114122,Russia,Privileged,Passed,0,No,Container Ship,Hidden/Private,N/A (Exempt/Diplomatic),110000000,0.05,55000,0,0,0,55000,Heavy (PLAN/RF Navy),150000000,260000000,Eurasia,3.6666666666666665
2026-05-31,Golden Trader 56,287324253,Marshall Islands,Taxed,Passed,2000000,No,Crude Oil Tanker,Singapore,Other Non-USD,140000000,1.25,1750000,0,0,0,3750000,None,240000000,380000000,Oceania,1.875
