vessel_id,date,vessel_name,mmsi,flag,trade_tier,transit_status,toll_usd,rerouted,commodity,destination,payment_rail,ship_hull_value_usd,insurance_premium_delta_pct,insurance_cost_usd,days_delayed,extra_fuel_tonnes,reroute_penalty_usd,total_transit_cost_usd,estimated_cargo_value_usd,total_asset_value_at_risk_usd,continent,inflation_premium_per_unit
1,2026-03-01,MarchVessel_1,100000001,India,Privileged,Passed,0,False,Various,Global Port,N/A (Exempt/Diplomatic),80000000,0.05,40000,0,0,0,40000,80000000,160000000,Asia,0.035
2,2026-03-01,MarchVessel_2,100000002,Iran,Privileged,Passed,0,False,Crude Oil,Hidden,N/A (Exempt/Diplomatic),140000000,0.05,70000,0,0,0,70000,240000000,380000000,Asia,0.035
3,2026-03-01,MarchVessel_3,100000003,Iran,Privileged,Passed,0,False,Crude Oil,Hidden,N/A (Exempt/Diplomatic),140000000,0.05,70000,0,0,0,70000,240000000,380000000,Asia,0.035
4,2026-03-02,MarchVessel_4,100000004,Greece,Taxed,Passed,2000000,False,Various,Global Port,Tether (USDT) / Yuan,80000000,1.25,1000000,0,0,0,3000000,80000000,160000000,Europe,0.035
5,2026-03-02,MarchVessel_5,100000005,Iran,Privileged,Passed,0,False,Crude Oil,Hidden,N/A (Exempt/Diplomatic),140000000,0.05,70000,0,0,0,70000,240000000,380000000,Asia,0.035
6,2026-03-02,MarchVessel_6,100000006,Iran,Privileged,Passed,0,False,Crude Oil,Hidden,N/A (Exempt/Diplomatic),140000000,0.05,70000,0,0,0,70000,240000000,380000000,Asia,0.035
7,2026-03-03,MarchVessel_7,100000007,Greece,Taxed,Passed,2000000,False,Various,Global Port,Tether (USDT) / Yuan,80000000,1.25,1000000,0,0,0,3000000,80000000,160000000,Europe,0.035
8,2026-03-04,MarchVessel_8,100000008,Iran,Privileged,Passed,0,False,Crude Oil,Hidden,N/A (Exempt/Diplomatic),140000000,0.05,70000,0,0,0,70000,240000000,380000000,Asia,0.035
9,2026-03-04,MarchVessel_9,100000009,Iran,Privileged,Passed,0,False,Crude Oil,Hidden,N/A (Exempt/Diplomatic),140000000,0.05,70000,0,0,0,70000,240000000,380000000,Asia,0.035
10,2026-03-04,MarchVessel_10,100000010,Iran,Privileged,Passed,0,False,Crude Oil,Hidden,N/A (Exempt/Diplomatic),140000000,0.05,70000,0,0,0,70000,240000000,380000000,Asia,0.035
11,2026-03-04,MarchVessel_11,100000011,Iran,Privileged,Passed,0,False,Crude Oil,Hidden,N/A (Exempt/Diplomatic),140000000,0.05,70000,0,0,0,70000,240000000,380000000,Asia,0.035
12,2026-03-04,MarchVessel_12,100000012,Iran,Privileged,Passed,0,False,Crude Oil,Hidden,N/A (Exempt/Diplomatic),140000000,0.05,70000,0,0,0,70000,240000000,380000000,Asia,0.035
13,2026-03-04,MarchVessel_13,100000013,Iran,Privileged,Passed,0,False,Crude Oil,Hidden,N/A (Exempt/Diplomatic),140000000,0.05,70000,0,0,0,70000,240000000,380000000,Asia,0.035
14,2026-03-05,MarchVessel_14,100000014,Greece,Taxed,Passed,2000000,False,Various,Global Port,Tether (USDT) / Yuan,80000000,1.25,1000000,0,0,0,3000000,80000000,160000000,Europe,0.035
15,2026-03-05,MarchVessel_15,100000015,India,Privileged,Passed,0,False,Various,Global Port,N/A (Exempt/Diplomatic),80000000,0.05,40000,0,0,0,40000,80000000,160000000,Asia,0.035
16,2026-03-06,MarchVessel_16,100000016,Iran,Privileged,Passed,0,False,Crude Oil,Hidden,N/A (Exempt/Diplomatic),140000000,0.05,70000,0,0,0,70000,240000000,380000000,Asia,0.035
17,2026-03-06,MarchVessel_17,100000017,Iran,Privileged,Passed,0,False,Crude Oil,Hidden,N/A (Exempt/Diplomatic),140000000,0.05,70000,0,0,0,70000,240000000,380000000,Asia,0.035
18,2026-03-06,MarchVessel_18,100000018,Iran,Privileged,Passed,0,False,Crude Oil,Hidden,N/A (Exempt/Diplomatic),140000000,0.05,70000,0,0,0,70000,240000000,380000000,Asia,0.035
19,2026-03-06,MarchVessel_19,100000019,China,Privileged,Passed,0,False,Various,Global Port,N/A (Exempt/Diplomatic),80000000,0.05,40000,0,0,0,40000,80000000,160000000,Asia,0.035
20,2026-03-07,MarchVessel_20,100000020,Iran,Privileged,Passed,0,False,Crude Oil,Hidden,N/A (Exempt/Diplomatic),140000000,0.05,70000,0,0,0,70000,240000000,380000000,Asia,0.035
21,2026-03-07,MarchVessel_21,100000021,Iran,Privileged,Passed,0,False,Crude Oil,Hidden,N/A (Exempt/Diplomatic),140000000,0.05,70000,0,0,0,70000,240000000,380000000,Asia,0.035
22,2026-03-07,MarchVessel_22,100000022,China,Privileged,Passed,0,False,Various,Global Port,N/A (Exempt/Diplomatic),80000000,0.05,40000,0,0,0,40000,80000000,160000000,Asia,0.035
23,2026-03-08,MarchVessel_23,100000023,Greece,Taxed,Passed,2000000,False,Various,Global Port,Tether (USDT) / Yuan,80000000,1.25,1000000,0,0,0,3000000,80000000,160000000,Europe,0.035
24,2026-03-08,MarchVessel_24,100000024,Greece,Taxed,Passed,2000000,False,Various,Global Port,Tether (USDT) / Yuan,80000000,1.25,1000000,0,0,0,3000000,80000000,160000000,Europe,0.035
25,2026-03-08,MarchVessel_25,100000025,Iran,Privileged,Passed,0,False,Crude Oil,Hidden,N/A (Exempt/Diplomatic),140000000,0.05,70000,0,0,0,70000,240000000,380000000,Asia,0.035
26,2026-03-08,MarchVessel_26,100000026,Iran,Privileged,Passed,0,False,Crude Oil,Hidden,N/A (Exempt/Diplomatic),140000000,0.05,70000,0,0,0,70000,240000000,380000000,Asia,0.035
27,2026-03-08,MarchVessel_27,100000027,Iran,Privileged,Passed,0,False,Crude Oil,Hidden,N/A (Exempt/Diplomatic),140000000,0.05,70000,0,0,0,70000,240000000,380000000,Asia,0.035
28,2026-03-08,MarchVessel_28,100000028,Iran,Privileged,Passed,0,False,Crude Oil,Hidden,N/A (Exempt/Diplomatic),140000000,0.05,70000,0,0,0,70000,240000000,380000000,Asia,0.035
29,2026-03-08,MarchVessel_29,100000029,Iran,Privileged,Passed,0,False,Crude Oil,Hidden,N/A (Exempt/Diplomatic),140000000,0.05,70000,0,0,0,70000,240000000,380000000,Asia,0.035
30,2026-03-08,MarchVessel_30,100000030,China,Taxed,Passed,2000000,False,Various,Global Port,Yuan (e-CNY/CIPS),80000000,1.25,1000000,0,0,0,3000000,80000000,160000000,Asia,0.035
31,2026-03-09,MarchVessel_31,100000031,Iran,Privileged,Passed,0,False,Crude Oil,Hidden,N/A (Exempt/Diplomatic),140000000,0.05,70000,0,0,0,70000,240000000,380000000,Asia,0.035
32,2026-03-09,MarchVessel_32,100000032,Greece,Taxed,Passed,2000000,False,Various,Global Port,Tether (USDT) / Yuan,80000000,1.25,1000000,0,0,0,3000000,80000000,160000000,Europe,0.035
33,2026-03-09,MarchVessel_33,100000033,Iran,Privileged,Passed,0,False,Crude Oil,Hidden,N/A (Exempt/Diplomatic),140000000,0.05,70000,0,0,0,70000,240000000,380000000,Asia,0.035
34,2026-03-09,MarchVessel_34,100000034,Iran,Privileged,Passed,0,False,Crude Oil,Hidden,N/A (Exempt/Diplomatic),140000000,0.05,70000,0,0,0,70000,240000000,380000000,Asia,0.035
35,2026-03-09,MarchVessel_35,100000035,Iran,Privileged,Passed,0,False,Crude Oil,Hidden,N/A (Exempt/Diplomatic),140000000,0.05,70000,0,0,0,70000,240000000,380000000,Asia,0.035
36,2026-03-10,MarchVessel_36,100000036,India,Privileged,Passed,0,False,Various,Global Port,N/A (Exempt/Diplomatic),80000000,0.05,40000,0,0,0,40000,80000000,160000000,Asia,0.035
37,2026-03-10,MarchVessel_37,100000037,Greece,Taxed,Passed,2000000,False,Various,Global Port,Tether (USDT) / Yuan,80000000,1.25,1000000,0,0,0,3000000,80000000,160000000,Europe,0.035
38,2026-03-10,MarchVessel_38,100000038,Iran,Privileged,Passed,0,False,Crude Oil,Hidden,N/A (Exempt/Diplomatic),140000000,0.05,70000,0,0,0,70000,240000000,380000000,Asia,0.035
39,2026-03-10,MarchVessel_39,100000039,China,Privileged,Passed,0,False,Various,Global Port,N/A (Exempt/Diplomatic),80000000,0.05,40000,0,0,0,40000,80000000,160000000,Asia,0.035
40,2026-03-10,MarchVessel_40,100000040,Iran,Privileged,Passed,0,False,Crude Oil,Hidden,N/A (Exempt/Diplomatic),140000000,0.05,70000,0,0,0,70000,240000000,380000000,Asia,0.035
41,2026-03-11,MarchVessel_41,100000041,Greece,Taxed,Passed,2000000,False,Various,Global Port,Tether (USDT) / Yuan,80000000,1.25,1000000,0,0,0,3000000,80000000,160000000,Europe,0.035
42,2026-03-11,MarchVessel_42,100000042,Iran,Privileged,Passed,0,False,Crude Oil,Hidden,N/A (Exempt/Diplomatic),140000000,0.05,70000,0,0,0,70000,240000000,380000000,Asia,0.035
43,2026-03-11,MarchVessel_43,100000043,Iran,Privileged,Passed,0,False,Crude Oil,Hidden,N/A (Exempt/Diplomatic),140000000,0.05,70000,0,0,0,70000,240000000,380000000,Asia,0.035
44,2026-03-11,MarchVessel_44,100000044,Iran,Privileged,Passed,0,False,Crude Oil,Hidden,N/A (Exempt/Diplomatic),140000000,0.05,70000,0,0,0,70000,240000000,380000000,Asia,0.035
45,2026-03-11,MarchVessel_45,100000045,Iran,Privileged,Passed,0,False,Crude Oil,Hidden,N/A (Exempt/Diplomatic),140000000,0.05,70000,0,0,0,70000,240000000,380000000,Asia,0.035
46,2026-03-11,MarchVessel_46,100000046,Iran,Privileged,Passed,0,False,Crude Oil,Hidden,N/A (Exempt/Diplomatic),140000000,0.05,70000,0,0,0,70000,240000000,380000000,Asia,0.035
47,2026-03-12,MarchVessel_47,100000047,Iran,Privileged,Passed,0,False,Crude Oil,Hidden,N/A (Exempt/Diplomatic),140000000,0.05,70000,0,0,0,70000,240000000,380000000,Asia,0.035
48,2026-03-12,MarchVessel_48,100000048,Iran,Privileged,Passed,0,False,Crude Oil,Hidden,N/A (Exempt/Diplomatic),140000000,0.05,70000,0,0,0,70000,240000000,380000000,Asia,0.035
49,2026-03-12,MarchVessel_49,100000049,Iran,Privileged,Passed,0,False,Crude Oil,Hidden,N/A (Exempt/Diplomatic),140000000,0.05,70000,0,0,0,70000,240000000,380000000,Asia,0.035
50,2026-03-13,MarchVessel_50,100000050,Iran,Privileged,Passed,0,False,Crude Oil,Hidden,N/A (Exempt/Diplomatic),140000000,0.05,70000,0,0,0,70000,240000000,380000000,Asia,0.035
51,2026-03-13,MarchVessel_51,100000051,Iran,Privileged,Passed,0,False,Crude Oil,Hidden,N/A (Exempt/Diplomatic),140000000,0.05,70000,0,0,0,70000,240000000,380000000,Asia,0.035
52,2026-03-13,MarchVessel_52,100000052,Iran,Privileged,Passed,0,False,Crude Oil,Hidden,N/A (Exempt/Diplomatic),140000000,0.05,70000,0,0,0,70000,240000000,380000000,Asia,0.035
53,2026-03-13,MarchVessel_53,100000053,Iran,Privileged,Passed,0,False,Crude Oil,Hidden,N/A (Exempt/Diplomatic),140000000,0.05,70000,0,0,0,70000,240000000,380000000,Asia,0.035
54,2026-03-13,MarchVessel_54,100000054,Iran,Privileged,Passed,0,False,Crude Oil,Hidden,N/A (Exempt/Diplomatic),140000000,0.05,70000,0,0,0,70000,240000000,380000000,Asia,0.035
55,2026-03-14,MarchVessel_55,100000055,Iran,Privileged,Passed,0,False,Crude Oil,Hidden,N/A (Exempt/Diplomatic),140000000,0.05,70000,0,0,0,70000,240000000,380000000,Asia,0.035
56,2026-03-14,MarchVessel_56,100000056,Iran,Privileged,Passed,0,False,Crude Oil,Hidden,N/A (Exempt/Diplomatic),140000000,0.05,70000,0,0,0,70000,240000000,380000000,Asia,0.035
57,2026-03-14,MarchVessel_57,100000057,Iran,Privileged,Passed,0,False,Crude Oil,Hidden,N/A (Exempt/Diplomatic),140000000,0.05,70000,0,0,0,70000,240000000,380000000,Asia,0.035
58,2026-03-14,MarchVessel_58,100000058,Iran,Privileged,Passed,0,False,Crude Oil,Hidden,N/A (Exempt/Diplomatic),140000000,0.05,70000,0,0,0,70000,240000000,380000000,Asia,0.035
59,2026-03-14,MarchVessel_59,100000059,India,Privileged,Passed,0,False,Various,Global Port,N/A (Exempt/Diplomatic),80000000,0.05,40000,0,0,0,40000,80000000,160000000,Asia,0.035
60,2026-03-15,MarchVessel_60,100000060,Greece,Taxed,Passed,2000000,False,Various,Global Port,Tether (USDT) / Yuan,80000000,1.25,1000000,0,0,0,3000000,80000000,160000000,Europe,0.035
61,2026-03-15,MarchVessel_61,100000061,Iran,Privileged,Passed,0,False,Crude Oil,Hidden,N/A (Exempt/Diplomatic),140000000,0.05,70000,0,0,0,70000,240000000,380000000,Asia,0.035
62,2026-03-15,MarchVessel_62,100000062,Iran,Privileged,Passed,0,False,Crude Oil,Hidden,N/A (Exempt/Diplomatic),140000000,0.05,70000,0,0,0,70000,240000000,380000000,Asia,0.035
63,2026-03-16,MarchVessel_63,100000063,China,Privileged,Passed,0,False,Various,Global Port,N/A (Exempt/Diplomatic),80000000,0.05,40000,0,0,0,40000,80000000,160000000,Asia,0.035
64,2026-03-16,MarchVessel_64,100000064,Iran,Privileged,Passed,0,False,Crude Oil,Hidden,N/A (Exempt/Diplomatic),140000000,0.05,70000,0,0,0,70000,240000000,380000000,Asia,0.035
65,2026-03-16,MarchVessel_65,100000065,Greece,Taxed,Passed,2000000,False,Various,Global Port,Tether (USDT) / Yuan,80000000,1.25,1000000,0,0,0,3000000,80000000,160000000,Europe,0.035
66,2026-03-16,MarchVessel_66,100000066,Iran,Privileged,Passed,0,False,Crude Oil,Hidden,N/A (Exempt/Diplomatic),140000000,0.05,70000,0,0,0,70000,240000000,380000000,Asia,0.035
67,2026-03-16,MarchVessel_67,100000067,Iran,Privileged,Passed,0,False,Crude Oil,Hidden,N/A (Exempt/Diplomatic),140000000,0.05,70000,0,0,0,70000,240000000,380000000,Asia,0.035
68,2026-03-16,MarchVessel_68,100000068,Greece,Taxed,Passed,2000000,False,Various,Global Port,Tether (USDT) / Yuan,80000000,1.25,1000000,0,0,0,3000000,80000000,160000000,Europe,0.035
69,2026-03-16,MarchVessel_69,100000069,Iran,Privileged,Passed,0,False,Crude Oil,Hidden,N/A (Exempt/Diplomatic),140000000,0.05,70000,0,0,0,70000,240000000,380000000,Asia,0.035
70,2026-03-16,MarchVessel_70,100000070,India,Privileged,Passed,0,False,Various,Global Port,N/A (Exempt/Diplomatic),80000000,0.05,40000,0,0,0,40000,80000000,160000000,Asia,0.035
71,2026-03-16,MarchVessel_71,100000071,India,Privileged,Passed,0,False,Various,Global Port,N/A (Exempt/Diplomatic),80000000,0.05,40000,0,0,0,40000,80000000,160000000,Asia,0.035
72,2026-03-17,MarchVessel_72,100000072,Iran,Privileged,Passed,0,False,Crude Oil,Hidden,N/A (Exempt/Diplomatic),140000000,0.05,70000,0,0,0,70000,240000000,380000000,Asia,0.035
73,2026-03-17,MarchVessel_73,100000073,Iran,Privileged,Passed,0,False,Crude Oil,Hidden,N/A (Exempt/Diplomatic),140000000,0.05,70000,0,0,0,70000,240000000,380000000,Asia,0.035
74,2026-03-17,MarchVessel_74,100000074,Iran,Privileged,Passed,0,False,Crude Oil,Hidden,N/A (Exempt/Diplomatic),140000000,0.05,70000,0,0,0,70000,240000000,380000000,Asia,0.035
75,2026-03-17,MarchVessel_75,100000075,Greece,Taxed,Passed,2000000,False,Various,Global Port,Tether (USDT) / Yuan,80000000,1.25,1000000,0,0,0,3000000,80000000,160000000,Europe,0.035
76,2026-03-17,MarchVessel_76,100000076,Iran,Privileged,Passed,0,False,Crude Oil,Hidden,N/A (Exempt/Diplomatic),140000000,0.05,70000,0,0,0,70000,240000000,380000000,Asia,0.035
77,2026-03-18,MarchVessel_77,100000077,Iran,Privileged,Passed,0,False,Crude Oil,Hidden,N/A (Exempt/Diplomatic),140000000,0.05,70000,0,0,0,70000,240000000,380000000,Asia,0.035
78,2026-03-18,MarchVessel_78,100000078,Iran,Privileged,Passed,0,False,Crude Oil,Hidden,N/A (Exempt/Diplomatic),140000000,0.05,70000,0,0,0,70000,240000000,380000000,Asia,0.035
79,2026-03-18,MarchVessel_79,100000079,India,Privileged,Passed,0,False,Various,Global Port,N/A (Exempt/Diplomatic),80000000,0.05,40000,0,0,0,40000,80000000,160000000,Asia,0.035
80,2026-03-18,MarchVessel_80,100000080,Iran,Privileged,Passed,0,False,Crude Oil,Hidden,N/A (Exempt/Diplomatic),140000000,0.05,70000,0,0,0,70000,240000000,380000000,Asia,0.035
81,2026-03-18,MarchVessel_81,100000081,Iran,Privileged,Passed,0,False,Crude Oil,Hidden,N/A (Exempt/Diplomatic),140000000,0.05,70000,0,0,0,70000,240000000,380000000,Asia,0.035
82,2026-03-18,MarchVessel_82,100000082,Iran,Privileged,Passed,0,False,Crude Oil,Hidden,N/A (Exempt/Diplomatic),140000000,0.05,70000,0,0,0,70000,240000000,380000000,Asia,0.035
83,2026-03-19,MarchVessel_83,100000083,Iran,Privileged,Passed,0,False,Crude Oil,Hidden,N/A (Exempt/Diplomatic),140000000,0.05,70000,0,0,0,70000,240000000,380000000,Asia,0.035
84,2026-03-19,MarchVessel_84,100000084,Iran,Privileged,Passed,0,False,Crude Oil,Hidden,N/A (Exempt/Diplomatic),140000000,0.05,70000,0,0,0,70000,240000000,380000000,Asia,0.035
85,2026-03-19,MarchVessel_85,100000085,China,Taxed,Passed,2000000,False,Various,Global Port,Yuan (e-CNY/CIPS),80000000,1.25,1000000,0,0,0,3000000,80000000,160000000,Asia,0.035
86,2026-03-19,MarchVessel_86,100000086,China,Privileged,Passed,0,False,Various,Global Port,N/A (Exempt/Diplomatic),80000000,0.05,40000,0,0,0,40000,80000000,160000000,Asia,0.035
87,2026-03-19,MarchVessel_87,100000087,Iran,Privileged,Passed,0,False,Crude Oil,Hidden,N/A (Exempt/Diplomatic),140000000,0.05,70000,0,0,0,70000,240000000,380000000,Asia,0.035
88,2026-03-19,MarchVessel_88,100000088,Iran,Privileged,Passed,0,False,Crude Oil,Hidden,N/A (Exempt/Diplomatic),140000000,0.05,70000,0,0,0,70000,240000000,380000000,Asia,0.035
89,2026-03-19,MarchVessel_89,100000089,Greece,Taxed,Passed,2000000,False,Various,Global Port,Tether (USDT) / Yuan,80000000,1.25,1000000,0,0,0,3000000,80000000,160000000,Europe,0.035
90,2026-03-20,MarchVessel_90,100000090,Greece,Taxed,Passed,2000000,False,Various,Global Port,Tether (USDT) / Yuan,80000000,1.25,1000000,0,0,0,3000000,80000000,160000000,Europe,0.035
91,2026-03-20,MarchVessel_91,100000091,Iran,Privileged,Passed,0,False,Crude Oil,Hidden,N/A (Exempt/Diplomatic),140000000,0.05,70000,0,0,0,70000,240000000,380000000,Asia,0.035
92,2026-03-20,MarchVessel_92,100000092,Iran,Privileged,Passed,0,False,Crude Oil,Hidden,N/A (Exempt/Diplomatic),140000000,0.05,70000,0,0,0,70000,240000000,380000000,Asia,0.035
93,2026-03-20,MarchVessel_93,100000093,Iran,Privileged,Passed,0,False,Crude Oil,Hidden,N/A (Exempt/Diplomatic),140000000,0.05,70000,0,0,0,70000,240000000,380000000,Asia,0.035
94,2026-03-20,MarchVessel_94,100000094,Iran,Privileged,Passed,0,False,Crude Oil,Hidden,N/A (Exempt/Diplomatic),140000000,0.05,70000,0,0,0,70000,240000000,380000000,Asia,0.035
95,2026-03-21,MarchVessel_95,100000095,China,Privileged,Passed,0,False,Various,Global Port,N/A (Exempt/Diplomatic),80000000,0.05,40000,0,0,0,40000,80000000,160000000,Asia,0.035
96,2026-03-21,MarchVessel_96,100000096,Iran,Privileged,Passed,0,False,Crude Oil,Hidden,N/A (Exempt/Diplomatic),140000000,0.05,70000,0,0,0,70000,240000000,380000000,Asia,0.035
97,2026-03-21,MarchVessel_97,100000097,Greece,Taxed,Passed,2000000,False,Various,Global Port,Tether (USDT) / Yuan,80000000,1.25,1000000,0,0,0,3000000,80000000,160000000,Europe,0.035
98,2026-03-22,MarchVessel_98,100000098,Iran,Privileged,Passed,0,False,Crude Oil,Hidden,N/A (Exempt/Diplomatic),140000000,0.05,70000,0,0,0,70000,240000000,380000000,Asia,0.035
99,2026-03-22,MarchVessel_99,100000099,India,Privileged,Passed,0,False,Various,Global Port,N/A (Exempt/Diplomatic),80000000,0.05,40000,0,0,0,40000,80000000,160000000,Asia,0.035
100,2026-03-23,MarchVessel_100,100000100,Iran,Privileged,Passed,0,False,Crude Oil,Hidden,N/A (Exempt/Diplomatic),140000000,0.05,70000,0,0,0,70000,240000000,380000000,Asia,0.035
101,2026-03-23,MarchVessel_101,100000101,Iran,Privileged,Passed,0,False,Crude Oil,Hidden,N/A (Exempt/Diplomatic),140000000,0.05,70000,0,0,0,70000,240000000,380000000,Asia,0.035
102,2026-03-23,MarchVessel_102,100000102,China,Privileged,Passed,0,False,Various,Global Port,N/A (Exempt/Diplomatic),80000000,0.05,40000,0,0,0,40000,80000000,160000000,Asia,0.035
103,2026-03-23,MarchVessel_103,100000103,Iran,Privileged,Passed,0,False,Crude Oil,Hidden,N/A (Exempt/Diplomatic),140000000,0.05,70000,0,0,0,70000,240000000,380000000,Asia,0.035
104,2026-03-24,MarchVessel_104,100000104,Greece,Taxed,Passed,2000000,False,Various,Global Port,Tether (USDT) / Yuan,80000000,1.25,1000000,0,0,0,3000000,80000000,160000000,Europe,0.035
105,2026-03-24,MarchVessel_105,100000105,Iran,Privileged,Passed,0,False,Crude Oil,Hidden,N/A (Exempt/Diplomatic),140000000,0.05,70000,0,0,0,70000,240000000,380000000,Asia,0.035
106,2026-03-24,MarchVessel_106,100000106,India,Privileged,Passed,0,False,Various,Global Port,N/A (Exempt/Diplomatic),80000000,0.05,40000,0,0,0,40000,80000000,160000000,Asia,0.035
107,2026-03-25,MarchVessel_107,100000107,Iran,Privileged,Passed,0,False,Crude Oil,Hidden,N/A (Exempt/Diplomatic),140000000,0.05,70000,0,0,0,70000,240000000,380000000,Asia,0.035
108,2026-03-25,MarchVessel_108,100000108,China,Privileged,Passed,0,False,Various,Global Port,N/A (Exempt/Diplomatic),80000000,0.05,40000,0,0,0,40000,80000000,160000000,Asia,0.035
109,2026-03-25,MarchVessel_109,100000109,Iran,Privileged,Passed,0,False,Crude Oil,Hidden,N/A (Exempt/Diplomatic),140000000,0.05,70000,0,0,0,70000,240000000,380000000,Asia,0.035
110,2026-03-25,MarchVessel_110,100000110,Iran,Privileged,Passed,0,False,Crude Oil,Hidden,N/A (Exempt/Diplomatic),140000000,0.05,70000,0,0,0,70000,240000000,380000000,Asia,0.035
111,2026-03-25,MarchVessel_111,100000111,Iran,Privileged,Passed,0,False,Crude Oil,Hidden,N/A (Exempt/Diplomatic),140000000,0.05,70000,0,0,0,70000,240000000,380000000,Asia,0.035
112,2026-03-26,MarchVessel_112,100000112,Iran,Privileged,Passed,0,False,Crude Oil,Hidden,N/A (Exempt/Diplomatic),140000000,0.05,70000,0,0,0,70000,240000000,380000000,Asia,0.035
113,2026-03-26,MarchVessel_113,100000113,Iran,Privileged,Passed,0,False,Crude Oil,Hidden,N/A (Exempt/Diplomatic),140000000,0.05,70000,0,0,0,70000,240000000,380000000,Asia,0.035
114,2026-03-26,MarchVessel_114,100000114,Iran,Privileged,Passed,0,False,Crude Oil,Hidden,N/A (Exempt/Diplomatic),140000000,0.05,70000,0,0,0,70000,240000000,380000000,Asia,0.035
115,2026-03-26,MarchVessel_115,100000115,China,Taxed,Passed,2000000,False,Various,Global Port,Yuan (e-CNY/CIPS),80000000,1.25,1000000,0,0,0,3000000,80000000,160000000,Asia,0.035
116,2026-03-26,MarchVessel_116,100000116,Iran,Privileged,Passed,0,False,Crude Oil,Hidden,N/A (Exempt/Diplomatic),140000000,0.05,70000,0,0,0,70000,240000000,380000000,Asia,0.035
117,2026-03-26,MarchVessel_117,100000117,Iran,Privileged,Passed,0,False,Crude Oil,Hidden,N/A (Exempt/Diplomatic),140000000,0.05,70000,0,0,0,70000,240000000,380000000,Asia,0.035
118,2026-03-26,MarchVessel_118,100000118,Iran,Privileged,Passed,0,False,Crude Oil,Hidden,N/A (Exempt/Diplomatic),140000000,0.05,70000,0,0,0,70000,240000000,380000000,Asia,0.035
119,2026-03-26,MarchVessel_119,100000119,Iran,Privileged,Passed,0,False,Crude Oil,Hidden,N/A (Exempt/Diplomatic),140000000,0.05,70000,0,0,0,70000,240000000,380000000,Asia,0.035
120,2026-03-27,MarchVessel_120,100000120,India,Privileged,Passed,0,False,Various,Global Port,N/A (Exempt/Diplomatic),80000000,0.05,40000,0,0,0,40000,80000000,160000000,Asia,0.035
121,2026-03-27,MarchVessel_121,100000121,Iran,Privileged,Passed,0,False,Crude Oil,Hidden,N/A (Exempt/Diplomatic),140000000,0.05,70000,0,0,0,70000,240000000,380000000,Asia,0.035
122,2026-03-27,MarchVessel_122,100000122,Iran,Privileged,Passed,0,False,Crude Oil,Hidden,N/A (Exempt/Diplomatic),140000000,0.05,70000,0,0,0,70000,240000000,380000000,Asia,0.035
123,2026-03-27,MarchVessel_123,100000123,China,Privileged,Passed,0,False,Various,Global Port,N/A (Exempt/Diplomatic),80000000,0.05,40000,0,0,0,40000,80000000,160000000,Asia,0.035
124,2026-03-28,MarchVessel_124,100000124,Iran,Privileged,Passed,0,False,Crude Oil,Hidden,N/A (Exempt/Diplomatic),140000000,0.05,70000,0,0,0,70000,240000000,380000000,Asia,0.035
125,2026-03-28,MarchVessel_125,100000125,Iran,Privileged,Passed,0,False,Crude Oil,Hidden,N/A (Exempt/Diplomatic),140000000,0.05,70000,0,0,0,70000,240000000,380000000,Asia,0.035
126,2026-03-28,MarchVessel_126,100000126,Greece,Taxed,Passed,2000000,False,Various,Global Port,Tether (USDT) / Yuan,80000000,1.25,1000000,0,0,0,3000000,80000000,160000000,Europe,0.035
127,2026-03-29,MarchVessel_127,100000127,India,Privileged,Passed,0,False,Various,Global Port,N/A (Exempt/Diplomatic),80000000,0.05,40000,0,0,0,40000,80000000,160000000,Asia,0.035
128,2026-03-29,MarchVessel_128,100000128,Iran,Privileged,Passed,0,False,Crude Oil,Hidden,N/A (Exempt/Diplomatic),140000000,0.05,70000,0,0,0,70000,240000000,380000000,Asia,0.035
129,2026-03-29,MarchVessel_129,100000129,Iran,Privileged,Passed,0,False,Crude Oil,Hidden,N/A (Exempt/Diplomatic),140000000,0.05,70000,0,0,0,70000,240000000,380000000,Asia,0.035
130,2026-03-29,MarchVessel_130,100000130,Greece,Taxed,Passed,2000000,False,Various,Global Port,Tether (USDT) / Yuan,80000000,1.25,1000000,0,0,0,3000000,80000000,160000000,Europe,0.035
131,2026-03-29,MarchVessel_131,100000131,Greece,Taxed,Passed,2000000,False,Various,Global Port,Tether (USDT) / Yuan,80000000,1.25,1000000,0,0,0,3000000,80000000,160000000,Europe,0.035
132,2026-03-30,MarchVessel_132,100000132,China,Privileged,Passed,0,False,Various,Global Port,N/A (Exempt/Diplomatic),80000000,0.05,40000,0,0,0,40000,80000000,160000000,Asia,0.035
133,2026-03-30,MarchVessel_133,100000133,Iran,Privileged,Passed,0,False,Crude Oil,Hidden,N/A (Exempt/Diplomatic),140000000,0.05,70000,0,0,0,70000,240000000,380000000,Asia,0.035
134,2026-03-30,MarchVessel_134,100000134,Iran,Privileged,Passed,0,False,Crude Oil,Hidden,N/A (Exempt/Diplomatic),140000000,0.05,70000,0,0,0,70000,240000000,380000000,Asia,0.035
135,2026-03-30,MarchVessel_135,100000135,China,Privileged,Passed,0,False,Various,Global Port,N/A (Exempt/Diplomatic),80000000,0.05,40000,0,0,0,40000,80000000,160000000,Asia,0.035
136,2026-03-30,MarchVessel_136,100000136,India,Privileged,Passed,0,False,Various,Global Port,N/A (Exempt/Diplomatic),80000000,0.05,40000,0,0,0,40000,80000000,160000000,Asia,0.035
137,2026-03-30,MarchVessel_137,100000137,Iran,Privileged,Passed,0,False,Crude Oil,Hidden,N/A (Exempt/Diplomatic),140000000,0.05,70000,0,0,0,70000,240000000,380000000,Asia,0.035
138,2026-03-30,MarchVessel_138,100000138,Iran,Privileged,Passed,0,False,Crude Oil,Hidden,N/A (Exempt/Diplomatic),140000000,0.05,70000,0,0,0,70000,240000000,380000000,Asia,0.035
139,2026-03-30,MarchVessel_139,100000139,Greece,Taxed,Passed,2000000,False,Various,Global Port,Tether (USDT) / Yuan,80000000,1.25,1000000,0,0,0,3000000,80000000,160000000,Europe,0.035
140,2026-03-31,MarchVessel_140,100000140,Iran,Privileged,Passed,0,False,Crude Oil,Hidden,N/A (Exempt/Diplomatic),140000000,0.05,70000,0,0,0,70000,240000000,380000000,Asia,0.035
141,2026-03-31,MarchVessel_141,100000141,Iran,Privileged,Passed,0,False,Crude Oil,Hidden,N/A (Exempt/Diplomatic),140000000,0.05,70000,0,0,0,70000,240000000,380000000,Asia,0.035
142,2026-03-31,MarchVessel_142,100000142,Greece,Taxed,Passed,2000000,False,Various,Global Port,Tether (USDT) / Yuan,80000000,1.25,1000000,0,0,0,3000000,80000000,160000000,Europe,0.035
143,2026-04-01,Eastern Spirit 94,655274738,Iran,Privileged,Passed,0,False,Crude Oil Tanker,Hidden/Private,N/A (Exempt/Diplomatic),140000000,0.05,70000,0,0,0,70000,240000000,380000000,Asia,0.035
144,2026-04-01,Northern Spirit 19,205001198,Israel,Blocked,Rerouted,0,True,Container Ship,Singapore,N/A (Exempt/Diplomatic),110000000,0.15,165000,12,1800,2022000,2187000,150000000,260000000,Asia,145.8
145,2026-04-01,Eastern Carrier 94,214550303,Pakistan,Privileged,Passed,0,False,Container Ship,Hidden/Private,N/A (Exempt/Diplomatic),110000000,0.05,55000,0,0,0,55000,150000000,260000000,Asia,3.6666666666666665
146,2026-04-01,Ocean Leader 83,302047765,Turkey,Taxed,Rerouted,0,True,LNG Carrier,Mumbai,N/A (Exempt/Diplomatic),220000000,0.15,330000,12,1800,2658000,2988000,200000000,420000000,Asia,0.8788235294117647
147,2026-04-01,Eastern Spirit 26,387372691,Pakistan,Privileged,Passed,0,False,Bulk Carrier,Hidden/Private,N/A (Exempt/Diplomatic),45000000,0.05,22500,0,0,0,22500,50000000,95000000,Asia,0.035
148,2026-04-01,Iron Trader 63,488954965,UAE,Taxed,Passed,2000000,False,Container Ship,Rotterdam,Other Non-USD,110000000,1.25,1375000,0,0,0,3375000,150000000,260000000,Asia,225.0
149,2026-04-01,Eastern Titan 40,267764370,Norway,Blocked,Rerouted,0,True,Bulk Carrier,Houston,N/A (Exempt/Diplomatic),45000000,0.15,67500,12,480,607200,674700,50000000,95000000,Europe,0.035
150,2026-04-01,Iron Star 58,349235943,Israel,Blocked,Rerouted,0,True,LNG Carrier,Singapore,N/A (Exempt/Diplomatic),220000000,0.15,330000,12,1800,2658000,2988000,200000000,420000000,Asia,0.8788235294117647
151,2026-04-01,Global Express 18,619421299,Russia,Privileged,Passed,0,False,Crude Oil Tanker,Hidden/Private,N/A (Exempt/Diplomatic),140000000,0.05,70000,0,0,0,70000,240000000,380000000,Eurasia,0.035
152,2026-04-01,Red Titan 56,296336946,Panama,Taxed,Passed,2000000,False,LNG Carrier,Mumbai,Other Non-USD,220000000,1.25,2750000,0,0,0,4750000,200000000,420000000,North America,1.3970588235294117
153,2026-04-01,Golden Carrier 64,682014990,USA,Blocked,Blocked/Waiting (Anchored off Oman),0,False,Crude Oil Tanker,Rotterdam,N/A (Exempt/Diplomatic),140000000,0.5,700000,0,0,0,700000,240000000,380000000,North America,0.35
154,2026-04-01,Ocean Trader 18,415128168,Norway,Blocked,Rerouted,0,True,Bulk Carrier,Houston,N/A (Exempt/Diplomatic),45000000,0.15,67500,12,480,607200,674700,50000000,95000000,Europe,0.035
155,2026-04-01,Global Star 22,553788671,UK,Blocked,Rerouted,0,True,Bulk Carrier,Singapore,N/A (Exempt/Diplomatic),45000000,0.15,67500,12,480,607200,674700,50000000,95000000,Europe,0.035
156,2026-04-01,Golden Spirit 57,290081110,Iran,Privileged,Passed,0,False,Crude Oil Tanker,Hidden/Private,N/A (Exempt/Diplomatic),140000000,0.05,70000,0,0,0,70000,240000000,380000000,Asia,0.035
157,2026-04-01,Red Leader 62,450731958,Russia,Privileged,Passed,0,False,Container Ship,Hidden/Private,N/A (Exempt/Diplomatic),110000000,0.05,55000,0,0,0,55000,150000000,260000000,Eurasia,3.6666666666666665
158,2026-04-01,Eastern Express 79,232726345,Liberia,Taxed,Passed,2000000,False,Container Ship,Mumbai,Other Non-USD,110000000,1.25,1375000,0,0,0,3375000,150000000,260000000,Africa,225.0
159,2026-04-01,Golden Titan 65,294562809,Germany,Blocked,Rerouted,0,True,Container Ship,Singapore,N/A (Exempt/Diplomatic),110000000,0.15,165000,12,1800,2022000,2187000,150000000,260000000,Europe,145.8
160,2026-04-01,Golden Spirit 17,322969247,Russia,Privileged,Passed,0,False,Crude Oil Tanker,Hidden/Private,N/A (Exempt/Diplomatic),140000000,0.05,70000,0,0,0,70000,240000000,380000000,Eurasia,0.035
161,2026-04-01,Global Carrier 20,245984845,Norway,Blocked,Rerouted,0,True,Container Ship,Mumbai,N/A (Exempt/Diplomatic),110000000,0.15,165000,12,1800,2022000,2187000,150000000,260000000,Europe,145.8
162,2026-04-01,Ocean Trader 40,289287596,UK,Blocked,Rerouted,0,True,Crude Oil Tanker,Rotterdam,N/A (Exempt/Diplomatic),140000000,0.15,210000,12,1200,1548000,1758000,240000000,380000000,Europe,0.879
163,2026-04-01,Eastern Trader 98,307992155,Panama,Taxed,Rerouted,0,True,Crude Oil Tanker,Mumbai,N/A (Exempt/Diplomatic),140000000,0.15,210000,12,1200,1548000,1758000,240000000,380000000,North America,0.879
164,2026-04-02,Ocean Trader 18,415128168,Norway,Blocked,Rerouted,0,True,LNG Carrier,Mumbai,N/A (Exempt/Diplomatic),220000000,0.15,330000,12,1800,2658000,2988000,200000000,420000000,Europe,0.8788235294117647
165,2026-04-02,Eastern Spirit 70,457007733,Israel,Blocked,Rerouted,0,True,Container Ship,Mumbai,N/A (Exempt/Diplomatic),110000000,0.15,165000,12,1800,2022000,2187000,150000000,260000000,Asia,145.8
166,2026-04-02,Eastern Trader 98,307992155,Panama,Taxed,Passed,2000000,False,Container Ship,Houston,Other Non-USD,110000000,1.25,1375000,0,0,0,3375000,150000000,260000000,North America,225.0
167,2026-04-02,Eastern Leader 31,553717803,Pakistan,Privileged,Passed,0,False,Crude Oil Tanker,Hidden/Private,N/A (Exempt/Diplomatic),140000000,0.05,70000,0,0,0,70000,240000000,380000000,Asia,0.035
168,2026-04-02,Eastern Carrier 50,605471762,Israel,Blocked,Rerouted,0,True,Bulk Carrier,Mumbai,N/A (Exempt/Diplomatic),45000000,0.15,67500,12,480,607200,674700,50000000,95000000,Asia,0.035
169,2026-04-02,Golden Spirit 18,471635630,Liberia,Taxed,Passed,2000000,False,Container Ship,Houston,Other Non-USD,110000000,1.25,1375000,0,0,0,3375000,150000000,260000000,Africa,225.0
170,2026-04-02,Eastern Spirit 94,655274738,Iran,Privileged,Passed,0,False,Crude Oil Tanker,Hidden/Private,N/A (Exempt/Diplomatic),140000000,0.05,70000,0,0,0,70000,240000000,380000000,Asia,0.035
171,2026-04-02,Golden Trader 40,416775349,Iran,Privileged,Passed,0,False,Container Ship,Hidden/Private,N/A (Exempt/Diplomatic),110000000,0.05,55000,0,0,0,55000,150000000,260000000,Asia,3.6666666666666665
172,2026-04-02,Eastern Leader 25,333093315,UAE,Taxed,Passed,2000000,False,LNG Carrier,Houston,Other Non-USD,220000000,1.25,2750000,0,0,0,4750000,200000000,420000000,Asia,1.3970588235294117
173,2026-04-02,Eastern Carrier 13,686903727,USA,Blocked,Rerouted,0,True,Container Ship,Singapore,N/A (Exempt/Diplomatic),110000000,0.15,165000,12,1800,2022000,2187000,150000000,260000000,North America,145.8
174,2026-04-02,Iron Carrier 97,586241038,India,Taxed,Passed,2000000,False,LNG Carrier,Mumbai,Other Non-USD,220000000,1.25,2750000,0,0,0,4750000,200000000,420000000,Asia,1.3970588235294117
175,2026-04-02,Eastern Star 49,509128512,USA,Blocked,Rerouted,0,True,Bulk Carrier,Singapore,N/A (Exempt/Diplomatic),45000000,0.15,67500,12,480,607200,674700,50000000,95000000,North America,0.035
176,2026-04-02,Northern Leader 90,509060961,India,Taxed,Passed,2000000,False,Container Ship,Rotterdam,Other Non-USD,110000000,1.25,1375000,0,0,0,3375000,150000000,260000000,Asia,225.0
177,2026-04-02,Northern Express 68,276703600,Turkey,Taxed,Rerouted,0,True,LNG Carrier,Ningbo,N/A (Exempt/Diplomatic),220000000,0.15,330000,12,1800,2658000,2988000,200000000,420000000,Asia,0.8788235294117647
178,2026-04-02,Eastern Express 64,501134582,China,Privileged,Passed,0,False,Bulk Carrier,Hidden/Private,N/A (Exempt/Diplomatic),45000000,0.05,22500,0,0,0,22500,50000000,95000000,Asia,0.035
179,2026-04-02,Iron Star 45,388520142,Germany,Blocked,Rerouted,0,True,Container Ship,Rotterdam,N/A (Exempt/Diplomatic),110000000,0.15,165000,12,1800,2022000,2187000,150000000,260000000,Europe,145.8
180,2026-04-02,Eastern Leader 42,686048824,Russia,Privileged,Passed,0,False,LNG Carrier,Hidden/Private,N/A (Exempt/Diplomatic),220000000,0.05,110000,0,0,0,110000,200000000,420000000,Eurasia,0.0323529411764705
181,2026-04-02,Global Spirit 24,677660874,Iran,Privileged,Passed,0,False,Crude Oil Tanker,Hidden/Private,N/A (Exempt/Diplomatic),140000000,0.05,70000,0,0,0,70000,240000000,380000000,Asia,0.035
182,2026-04-02,Northern Leader 85,344093758,Liberia,Taxed,Passed,2000000,False,Crude Oil Tanker,Ningbo,Other Non-USD,140000000,1.25,1750000,0,0,0,3750000,240000000,380000000,Africa,1.875
183,2026-04-03,Red Spirit 36,559556395,Liberia,Taxed,Rerouted,0,True,Bulk Carrier,Houston,N/A (Exempt/Diplomatic),45000000,0.15,67500,12,480,607200,674700,50000000,95000000,Africa,0.035
184,2026-04-03,Ocean Carrier 41,692562960,Iran,Privileged,Passed,0,False,Container Ship,Hidden/Private,N/A (Exempt/Diplomatic),110000000,0.05,55000,0,0,0,55000,150000000,260000000,Asia,3.6666666666666665
185,2026-04-03,Northern Trader 12,249957637,Panama,Taxed,Passed,2000000,False,Container Ship,Houston,Other Non-USD,110000000,1.25,1375000,0,0,0,3375000,150000000,260000000,North America,225.0
186,2026-04-03,Iron Carrier 30,230536988,Germany,Blocked,Rerouted,0,True,Bulk Carrier,Houston,N/A (Exempt/Diplomatic),45000000,0.15,67500,12,480,607200,674700,50000000,95000000,Europe,0.035
187,2026-04-03,Ocean Spirit 32,511701739,Turkey,Taxed,Passed,2000000,False,Container Ship,Singapore,Other Non-USD,110000000,1.25,1375000,0,0,0,3375000,150000000,260000000,Asia,225.0
188,2026-04-03,Global Trader 35,279110057,China,Privileged,Passed,0,False,Bulk Carrier,Hidden/Private,N/A (Exempt/Diplomatic),45000000,0.05,22500,0,0,0,22500,50000000,95000000,Asia,0.035
189,2026-04-03,Eastern Leader 31,553717803,Pakistan,Privileged,Passed,0,False,LNG Carrier,Hidden/Private,N/A (Exempt/Diplomatic),220000000,0.05,110000,0,0,0,110000,200000000,420000000,Asia,0.0323529411764705
190,2026-04-03,Northern Leader 37,664205646,USA,Blocked,Blocked/Waiting (Anchored off Oman),0,False,LNG Carrier,Houston,N/A (Exempt/Diplomatic),220000000,0.5,1100000,0,0,0,1100000,200000000,420000000,North America,0.3235294117647059
191,2026-04-03,Global Leader 95,403552071,Greece,Taxed,Passed,2000000,False,Container Ship,Rotterdam,Tether (USDT) / Yuan,110000000,1.25,1375000,0,0,0,3375000,150000000,260000000,Europe,225.0
192,2026-04-03,Red Carrier 69,423217093,Russia,Privileged,Passed,0,False,Bulk Carrier,Hidden/Private,N/A (Exempt/Diplomatic),45000000,0.05,22500,0,0,0,22500,50000000,95000000,Eurasia,0.035
193,2026-04-03,Eastern Trader 77,693112443,China,Privileged,Passed,0,False,Container Ship,Hidden/Private,N/A (Exempt/Diplomatic),110000000,0.05,55000,0,0,0,55000,150000000,260000000,Asia,3.6666666666666665
194,2026-04-03,Ocean Titan 52,620040549,UK,Blocked,Rerouted,0,True,Container Ship,Singapore,N/A (Exempt/Diplomatic),110000000,0.15,165000,12,1800,2022000,2187000,150000000,260000000,Europe,145.8
195,2026-04-03,Eastern Titan 10,238114122,Russia,Privileged,Passed,0,False,LNG Carrier,Hidden/Private,N/A (Exempt/Diplomatic),220000000,0.05,110000,0,0,0,110000,200000000,420000000,Eurasia,0.0323529411764705
196,2026-04-03,Global Leader 51,381194227,USA,Blocked,Rerouted,0,True,Crude Oil Tanker,Ningbo,N/A (Exempt/Diplomatic),140000000,0.15,210000,12,1200,1548000,1758000,240000000,380000000,North America,0.879
197,2026-04-03,Global Star 81,610407450,UK,Blocked,Rerouted,0,True,Bulk Carrier,Rotterdam,N/A (Exempt/Diplomatic),45000000,0.15,67500,12,480,607200,674700,50000000,95000000,Europe,0.035
198,2026-04-03,Eastern Trader 32,472559523,Iran,Privileged,Passed,0,False,Container Ship,Hidden/Private,N/A (Exempt/Diplomatic),110000000,0.05,55000,0,0,0,55000,150000000,260000000,Asia,3.6666666666666665
199,2026-04-03,Red Titan 95,343332624,Pakistan,Privileged,Passed,0,False,Crude Oil Tanker,Hidden/Private,N/A (Exempt/Diplomatic),140000000,0.05,70000,0,0,0,70000,240000000,380000000,Asia,0.035
200,2026-04-03,Ocean Trader 33,236787109,Pakistan,Privileged,Passed,0,False,Container Ship,Hidden/Private,N/A (Exempt/Diplomatic),110000000,0.05,55000,0,0,0,55000,150000000,260000000,Asia,3.6666666666666665
201,2026-04-03,Ocean Trader 18,415128168,Norway,Blocked,Rerouted,0,True,LNG Carrier,Singapore,N/A (Exempt/Diplomatic),220000000,0.15,330000,12,1800,2658000,2988000,200000000,420000000,Europe,0.8788235294117647
202,2026-04-03,Ocean Star 52,613991481,Iraq,Privileged,Passed,0,False,LNG Carrier,Hidden/Private,N/A (Exempt/Diplomatic),220000000,0.05,110000,0,0,0,110000,200000000,420000000,Asia,0.0323529411764705
203,2026-04-03,Global Titan 99,478076450,Israel,Blocked,Rerouted,0,True,Bulk Carrier,Mumbai,N/A (Exempt/Diplomatic),45000000,0.15,67500,12,480,607200,674700,50000000,95000000,Asia,0.035
204,2026-04-03,Ocean Star 84,455973885,Germany,Blocked,Rerouted,0,True,Container Ship,Rotterdam,N/A (Exempt/Diplomatic),110000000,0.15,165000,12,1800,2022000,2187000,150000000,260000000,Europe,145.8
205,2026-04-03,Golden Star 13,598116895,Turkey,Taxed,Passed,2000000,False,Container Ship,Mumbai,Other Non-USD,110000000,1.25,1375000,0,0,0,3375000,150000000,260000000,Asia,225.0
206,2026-04-04,Red Titan 16,335548300,Norway,Blocked,Rerouted,0,True,Bulk Carrier,Singapore,N/A (Exempt/Diplomatic),45000000,0.15,67500,12,480,607200,674700,50000000,95000000,Europe,0.035
207,2026-04-04,Ocean Titan 70,528175214,Pakistan,Privileged,Passed,0,False,LNG Carrier,Hidden/Private,N/A (Exempt/Diplomatic),220000000,0.05,110000,0,0,0,110000,200000000,420000000,Asia,0.0323529411764705
208,2026-04-04,Red Spirit 79,243259801,Iraq,Privileged,Passed,0,False,LNG Carrier,Hidden/Private,N/A (Exempt/Diplomatic),220000000,0.05,110000,0,0,0,110000,200000000,420000000,Asia,0.0323529411764705
209,2026-04-04,Ocean Star 58,251924210,Marshall Islands,Taxed,Passed,2000000,False,LNG Carrier,Ningbo,Other Non-USD,220000000,1.25,2750000,0,0,0,4750000,200000000,420000000,Oceania,1.3970588235294117
210,2026-04-04,Eastern Titan 40,267764370,Norway,Blocked,Rerouted,0,True,Container Ship,Houston,N/A (Exempt/Diplomatic),110000000,0.15,165000,12,1800,2022000,2187000,150000000,260000000,Europe,145.8
211,2026-04-04,Red Titan 95,343332624,Pakistan,Privileged,Passed,0,False,LNG Carrier,Hidden/Private,N/A (Exempt/Diplomatic),220000000,0.05,110000,0,0,0,110000,200000000,420000000,Asia,0.0323529411764705
212,2026-04-04,Ocean Express 79,648838894,China,Privileged,Passed,0,False,Container Ship,Hidden/Private,N/A (Exempt/Diplomatic),110000000,0.05,55000,0,0,0,55000,150000000,260000000,Asia,3.6666666666666665
213,2026-04-04,Iron Trader 30,366987748,Iran,Privileged,Passed,0,False,LNG Carrier,Hidden/Private,N/A (Exempt/Diplomatic),220000000,0.05,110000,0,0,0,110000,200000000,420000000,Asia,0.0323529411764705
214,2026-04-04,Global Leader 37,390495200,Turkey,Taxed,Rerouted,0,True,Bulk Carrier,Singapore,N/A (Exempt/Diplomatic),45000000,0.15,67500,12,480,607200,674700,50000000,95000000,Asia,0.035
215,2026-04-04,Eastern Star 63,552924530,Germany,Blocked,Rerouted,0,True,Crude Oil Tanker,Singapore,N/A (Exempt/Diplomatic),140000000,0.15,210000,12,1200,1548000,1758000,240000000,380000000,Europe,0.879
216,2026-04-04,Global Leader 33,349542787,Israel,Blocked,Blocked/Waiting (Anchored off Oman),0,False,LNG Carrier,Rotterdam,N/A (Exempt/Diplomatic),220000000,0.5,1100000,0,0,0,1100000,200000000,420000000,Asia,0.3235294117647059
217,2026-04-04,Northern Express 68,276703600,Turkey,Taxed,Passed,2000000,False,Bulk Carrier,Houston,Other Non-USD,45000000,1.25,562500,0,0,0,2562500,50000000,95000000,Asia,0.035
218,2026-04-04,Iron Carrier 97,586241038,India,Taxed,Rerouted,0,True,Container Ship,Mumbai,N/A (Exempt/Diplomatic),110000000,0.15,165000,12,1800,2022000,2187000,150000000,260000000,Asia,145.8
219,2026-04-04,Golden Carrier 64,682014990,USA,Blocked,Rerouted,0,True,Bulk Carrier,Ningbo,N/A (Exempt/Diplomatic),45000000,0.15,67500,12,480,607200,674700,50000000,95000000,North America,0.035
220,2026-04-04,Eastern Star 49,509128512,USA,Blocked,Blocked/Waiting (Anchored off Oman),0,False,Container Ship,Rotterdam,N/A (Exempt/Diplomatic),110000000,0.5,550000,0,0,0,550000,150000000,260000000,North America,36.66666666666666
221,2026-04-04,Northern Trader 12,249957637,Panama,Taxed,Rerouted,0,True,Bulk Carrier,Houston,N/A (Exempt/Diplomatic),45000000,0.15,67500,12,480,607200,674700,50000000,95000000,North America,0.035
222,2026-04-04,Golden Carrier 98,299401567,India,Taxed,Rerouted,0,True,Bulk Carrier,Rotterdam,N/A (Exempt/Diplomatic),45000000,0.15,67500,12,480,607200,674700,50000000,95000000,Asia,0.035
223,2026-04-04,Eastern Spirit 94,655274738,Iran,Privileged,Passed,0,False,Container Ship,Hidden/Private,N/A (Exempt/Diplomatic),110000000,0.05,55000,0,0,0,55000,150000000,260000000,Asia,3.6666666666666665
224,2026-04-04,Global Express 70,495173558,Greece,Taxed,Rerouted,0,True,Crude Oil Tanker,Houston,N/A (Exempt/Diplomatic),140000000,0.15,210000,12,1200,1548000,1758000,240000000,380000000,Europe,0.879
225,2026-04-04,Eastern Star 76,302572638,Pakistan,Privileged,Passed,0,False,Container Ship,Hidden/Private,N/A (Exempt/Diplomatic),110000000,0.05,55000,0,0,0,55000,150000000,260000000,Asia,3.6666666666666665
226,2026-04-04,Northern Spirit 19,205001198,Israel,Blocked,Blocked/Waiting (Anchored off Oman),0,False,Bulk Carrier,Ningbo,N/A (Exempt/Diplomatic),45000000,0.5,225000,0,0,0,225000,50000000,95000000,Asia,0.035
227,2026-04-04,Iron Trader 30,574810735,UK,Blocked,Rerouted,0,True,Bulk Carrier,Ningbo,N/A (Exempt/Diplomatic),45000000,0.15,67500,12,480,607200,674700,50000000,95000000,Europe,0.035
228,2026-04-04,Golden Leader 78,267015535,USA,Blocked,Rerouted,0,True,Bulk Carrier,Ningbo,N/A (Exempt/Diplomatic),45000000,0.15,67500,12,480,607200,674700,50000000,95000000,North America,0.035
229,2026-04-04,Golden Carrier 29,346215835,Panama,Taxed,Passed,2000000,False,Crude Oil Tanker,Mumbai,Other Non-USD,140000000,1.25,1750000,0,0,0,3750000,240000000,380000000,North America,1.875
230,2026-04-04,Iron Spirit 20,659195204,UAE,Taxed,Passed,2000000,False,Crude Oil Tanker,Houston,Other Non-USD,140000000,1.25,1750000,0,0,0,3750000,240000000,380000000,Asia,1.875
231,2026-04-05,Northern Titan 68,201742315,Turkey,Taxed,Rerouted,0,True,LNG Carrier,Singapore,N/A (Exempt/Diplomatic),220000000,0.15,330000,12,1800,2658000,2988000,200000000,420000000,Asia,0.8788235294117647
232,2026-04-05,Northern Express 68,276703600,Turkey,Taxed,Passed,2000000,False,Bulk Carrier,Rotterdam,Other Non-USD,45000000,1.25,562500,0,0,0,2562500,50000000,95000000,Asia,0.035
233,2026-04-05,Global Spirit 60,270264740,Panama,Taxed,Passed,2000000,False,Crude Oil Tanker,Mumbai,Other Non-USD,140000000,1.25,1750000,0,0,0,3750000,240000000,380000000,North America,1.875
234,2026-04-05,Golden Carrier 29,346215835,Panama,Taxed,Passed,2000000,False,Container Ship,Mumbai,Other Non-USD,110000000,1.25,1375000,0,0,0,3375000,150000000,260000000,North America,225.0
235,2026-04-05,Ocean Star 80,356839665,Iraq,Privileged,Passed,0,False,Bulk Carrier,Hidden/Private,N/A (Exempt/Diplomatic),45000000,0.05,22500,0,0,0,22500,50000000,95000000,Asia,0.035
236,2026-04-05,Ocean Spirit 32,511701739,Turkey,Taxed,Passed,2000000,False,Bulk Carrier,Rotterdam,Other Non-USD,45000000,1.25,562500,0,0,0,2562500,50000000,95000000,Asia,0.035
237,2026-04-05,Eastern Trader 98,307992155,Panama,Taxed,Passed,2000000,False,Container Ship,Rotterdam,Other Non-USD,110000000,1.25,1375000,0,0,0,3375000,150000000,260000000,North America,225.0
238,2026-04-05,Global Carrier 26,588346949,Norway,Blocked,Rerouted,0,True,Bulk Carrier,Houston,N/A (Exempt/Diplomatic),45000000,0.15,67500,12,480,607200,674700,50000000,95000000,Europe,0.035
239,2026-04-05,Eastern Carrier 89,321164857,Germany,Blocked,Rerouted,0,True,Crude Oil Tanker,Singapore,N/A (Exempt/Diplomatic),140000000,0.15,210000,12,1200,1548000,1758000,240000000,380000000,Europe,0.879
240,2026-04-05,Red Spirit 79,243259801,Iraq,Privileged,Passed,0,False,Bulk Carrier,Hidden/Private,N/A (Exempt/Diplomatic),45000000,0.05,22500,0,0,0,22500,50000000,95000000,Asia,0.035
241,2026-04-05,Iron Trader 15,682606488,Marshall Islands,Taxed,Passed,2000000,False,Crude Oil Tanker,Ningbo,Other Non-USD,140000000,1.25,1750000,0,0,0,3750000,240000000,380000000,Oceania,1.875
242,2026-04-05,Iron Titan 91,348880396,Germany,Blocked,Rerouted,0,True,Crude Oil Tanker,Mumbai,N/A (Exempt/Diplomatic),140000000,0.15,210000,12,1200,1548000,1758000,240000000,380000000,Europe,0.879
243,2026-04-05,Iron Trader 23,617911275,UK,Blocked,Blocked/Waiting (Anchored off Oman),0,False,Crude Oil Tanker,Rotterdam,N/A (Exempt/Diplomatic),140000000,0.5,700000,0,0,0,700000,240000000,380000000,Europe,0.35
244,2026-04-05,Iron Carrier 30,230536988,Germany,Blocked,Rerouted,0,True,LNG Carrier,Singapore,N/A (Exempt/Diplomatic),220000000,0.15,330000,12,1800,2658000,2988000,200000000,420000000,Europe,0.8788235294117647
245,2026-04-05,Global Express 70,495173558,Greece,Taxed,Passed,2000000,False,Container Ship,Houston,Tether (USDT) / Yuan,110000000,1.25,1375000,0,0,0,3375000,150000000,260000000,Europe,225.0
246,2026-04-05,Golden Express 81,555339452,Norway,Blocked,Rerouted,0,True,LNG Carrier,Singapore,N/A (Exempt/Diplomatic),220000000,0.15,330000,12,1800,2658000,2988000,200000000,420000000,Europe,0.8788235294117647
247,2026-04-05,Global Trader 35,279110057,China,Privileged,Passed,0,False,Crude Oil Tanker,Hidden/Private,N/A (Exempt/Diplomatic),140000000,0.05,70000,0,0,0,70000,240000000,380000000,Asia,0.035
248,2026-04-05,Global Titan 82,363120451,Pakistan,Privileged,Passed,0,False,Container Ship,Hidden/Private,N/A (Exempt/Diplomatic),110000000,0.05,55000,0,0,0,55000,150000000,260000000,Asia,3.6666666666666665
249,2026-04-05,Ocean Express 64,645252867,Turkey,Taxed,Passed,2000000,False,Bulk Carrier,Rotterdam,Other Non-USD,45000000,1.25,562500,0,0,0,2562500,50000000,95000000,Asia,0.035
250,2026-04-05,Eastern Star 59,404880292,Israel,Blocked,Rerouted,0,True,LNG Carrier,Singapore,N/A (Exempt/Diplomatic),220000000,0.15,330000,12,1800,2658000,2988000,200000000,420000000,Asia,0.8788235294117647
251,2026-04-05,Northern Leader 66,562724611,India,Taxed,Passed,2000000,False,LNG Carrier,Mumbai,Other Non-USD,220000000,1.25,2750000,0,0,0,4750000,200000000,420000000,Asia,1.3970588235294117
252,2026-04-05,Global Leader 58,344927134,UAE,Taxed,Rerouted,0,True,Bulk Carrier,Houston,N/A (Exempt/Diplomatic),45000000,0.15,67500,12,480,607200,674700,50000000,95000000,Asia,0.035
253,2026-04-06,Iron Star 58,349235943,Israel,Blocked,Rerouted,0,True,LNG Carrier,Mumbai,N/A (Exempt/Diplomatic),220000000,0.15,330000,12,1800,2658000,2988000,200000000,420000000,Asia,0.8788235294117647
254,2026-04-06,Iron Leader 38,307144846,Israel,Blocked,Rerouted,0,True,Crude Oil Tanker,Mumbai,N/A (Exempt/Diplomatic),140000000,0.15,210000,12,1200,1548000,1758000,240000000,380000000,Asia,0.879
255,2026-04-06,Ocean Trader 33,236787109,Pakistan,Privileged,Passed,0,False,LNG Carrier,Hidden/Private,N/A (Exempt/Diplomatic),220000000,0.05,110000,0,0,0,110000,200000000,420000000,Asia,0.0323529411764705
256,2026-04-06,Eastern Titan 10,238114122,Russia,Privileged,Passed,0,False,LNG Carrier,Hidden/Private,N/A (Exempt/Diplomatic),220000000,0.05,110000,0,0,0,110000,200000000,420000000,Eurasia,0.0323529411764705
257,2026-04-06,Golden Express 24,565990466,Turkey,Taxed,Passed,2000000,False,LNG Carrier,Rotterdam,Other Non-USD,220000000,1.25,2750000,0,0,0,4750000,200000000,420000000,Asia,1.3970588235294117
258,2026-04-06,Global Leader 95,403552071,Greece,Taxed,Passed,2000000,False,Crude Oil Tanker,Ningbo,Tether (USDT) / Yuan,140000000,1.25,1750000,0,0,0,3750000,240000000,380000000,Europe,1.875
259,2026-04-06,Northern Express 68,276703600,Turkey,Taxed,Rerouted,0,True,LNG Carrier,Houston,N/A (Exempt/Diplomatic),220000000,0.15,330000,12,1800,2658000,2988000,200000000,420000000,Asia,0.8788235294117647
260,2026-04-06,Golden Titan 65,294562809,Germany,Blocked,Rerouted,0,True,LNG Carrier,Mumbai,N/A (Exempt/Diplomatic),220000000,0.15,330000,12,1800,2658000,2988000,200000000,420000000,Europe,0.8788235294117647
261,2026-04-06,Red Leader 62,450731958,Russia,Privileged,Passed,0,False,Crude Oil Tanker,Hidden/Private,N/A (Exempt/Diplomatic),140000000,0.05,70000,0,0,0,70000,240000000,380000000,Eurasia,0.035
262,2026-04-06,Ocean Express 48,656497707,Iran,Privileged,Passed,0,False,LNG Carrier,Hidden/Private,N/A (Exempt/Diplomatic),220000000,0.05,110000,0,0,0,110000,200000000,420000000,Asia,0.0323529411764705
263,2026-04-06,Northern Express 35,240800296,UAE,Taxed,Passed,2000000,False,Crude Oil Tanker,Rotterdam,Other Non-USD,140000000,1.25,1750000,0,0,0,3750000,240000000,380000000,Asia,1.875
264,2026-04-06,Global Star 43,403529838,Liberia,Taxed,Passed,2000000,False,Bulk Carrier,Houston,Other Non-USD,45000000,1.25,562500,0,0,0,2562500,50000000,95000000,Africa,0.035
265,2026-04-06,Golden Express 99,492563230,UK,Blocked,Rerouted,0,True,Container Ship,Houston,N/A (Exempt/Diplomatic),110000000,0.15,165000,12,1800,2022000,2187000,150000000,260000000,Europe,145.8
266,2026-04-06,Ocean Carrier 47,645283238,Marshall Islands,Taxed,Rerouted,0,True,Crude Oil Tanker,Houston,N/A (Exempt/Diplomatic),140000000,0.15,210000,12,1200,1548000,1758000,240000000,380000000,Oceania,0.879
267,2026-04-06,Eastern Leader 42,686048824,Russia,Privileged,Passed,0,False,Bulk Carrier,Hidden/Private,N/A (Exempt/Diplomatic),45000000,0.05,22500,0,0,0,22500,50000000,95000000,Eurasia,0.035
268,2026-04-06,Northern Leader 37,664205646,USA,Blocked,Rerouted,0,True,Crude Oil Tanker,Rotterdam,N/A (Exempt/Diplomatic),140000000,0.15,210000,12,1200,1548000,1758000,240000000,380000000,North America,0.879
269,2026-04-06,Iron Express 53,259889117,Panama,Taxed,Passed,2000000,False,Container Ship,Singapore,Other Non-USD,110000000,1.25,1375000,0,0,0,3375000,150000000,260000000,North America,225.0
270,2026-04-06,Ocean Spirit 48,604518879,USA,Blocked,Rerouted,0,True,Container Ship,Singapore,N/A (Exempt/Diplomatic),110000000,0.15,165000,12,1800,2022000,2187000,150000000,260000000,North America,145.8
271,2026-04-06,Global Trader 70,633521651,UK,Blocked,Rerouted,0,True,Crude Oil Tanker,Mumbai,N/A (Exempt/Diplomatic),140000000,0.15,210000,12,1200,1548000,1758000,240000000,380000000,Europe,0.879
272,2026-04-06,Red Titan 95,343332624,Pakistan,Privileged,Passed,0,False,LNG Carrier,Hidden/Private,N/A (Exempt/Diplomatic),220000000,0.05,110000,0,0,0,110000,200000000,420000000,Asia,0.0323529411764705
273,2026-04-06,Red Carrier 69,423217093,Russia,Privileged,Passed,0,False,Crude Oil Tanker,Hidden/Private,N/A (Exempt/Diplomatic),140000000,0.05,70000,0,0,0,70000,240000000,380000000,Eurasia,0.035
274,2026-04-06,Global Star 22,553788671,UK,Blocked,Rerouted,0,True,Bulk Carrier,Singapore,N/A (Exempt/Diplomatic),45000000,0.15,67500,12,480,607200,674700,50000000,95000000,Europe,0.035
275,2026-04-07,Global Spirit 60,270264740,Panama,Taxed,Passed,2000000,False,Bulk Carrier,Mumbai,Other Non-USD,45000000,1.25,562500,0,0,0,2562500,50000000,95000000,North America,0.035
276,2026-04-07,Global Leader 95,403552071,Greece,Taxed,Passed,2000000,False,Container Ship,Rotterdam,Tether (USDT) / Yuan,110000000,1.25,1375000,0,0,0,3375000,150000000,260000000,Europe,225.0
277,2026-04-07,Global Titan 99,478076450,Israel,Blocked,Rerouted,0,True,Crude Oil Tanker,Rotterdam,N/A (Exempt/Diplomatic),140000000,0.15,210000,12,1200,1548000,1758000,240000000,380000000,Asia,0.879
278,2026-04-07,Red Trader 63,335437245,Pakistan,Privileged,Passed,0,False,Container Ship,Hidden/Private,N/A (Exempt/Diplomatic),110000000,0.05,55000,0,0,0,55000,150000000,260000000,Asia,3.6666666666666665
279,2026-04-07,Ocean Express 65,200907996,Germany,Blocked,Rerouted,0,True,Bulk Carrier,Ningbo,N/A (Exempt/Diplomatic),45000000,0.15,67500,12,480,607200,674700,50000000,95000000,Europe,0.035
280,2026-04-07,Golden Carrier 64,682014990,USA,Blocked,Rerouted,0,True,Bulk Carrier,Rotterdam,N/A (Exempt/Diplomatic),45000000,0.15,67500,12,480,607200,674700,50000000,95000000,North America,0.035
281,2026-04-07,Golden Leader 92,582167480,Norway,Blocked,Rerouted,0,True,Container Ship,Rotterdam,N/A (Exempt/Diplomatic),110000000,0.15,165000,12,1800,2022000,2187000,150000000,260000000,Europe,145.8
282,2026-04-07,Eastern Star 59,404880292,Israel,Blocked,Blocked/Waiting (Anchored off Oman),0,False,Bulk Carrier,Mumbai,N/A (Exempt/Diplomatic),45000000,0.5,225000,0,0,0,225000,50000000,95000000,Asia,0.035
283,2026-04-07,Ocean Trader 63,641485549,Norway,Blocked,Rerouted,0,True,LNG Carrier,Ningbo,N/A (Exempt/Diplomatic),220000000,0.15,330000,12,1800,2658000,2988000,200000000,420000000,Europe,0.8788235294117647
284,2026-04-07,Golden Spirit 18,471635630,Liberia,Taxed,Passed,2000000,False,LNG Carrier,Rotterdam,Other Non-USD,220000000,1.25,2750000,0,0,0,4750000,200000000,420000000,Africa,1.3970588235294117
285,2026-04-07,Red Carrier 69,423217093,Russia,Privileged,Passed,0,False,Bulk Carrier,Hidden/Private,N/A (Exempt/Diplomatic),45000000,0.05,22500,0,0,0,22500,50000000,95000000,Eurasia,0.035
286,2026-04-07,Golden Leader 44,364616964,Turkey,Taxed,Passed,2000000,False,Bulk Carrier,Rotterdam,Other Non-USD,45000000,1.25,562500,0,0,0,2562500,50000000,95000000,Asia,0.035
287,2026-04-07,Golden Express 92,252837693,Russia,Privileged,Passed,0,False,Bulk Carrier,Hidden/Private,N/A (Exempt/Diplomatic),45000000,0.05,22500,0,0,0,22500,50000000,95000000,Eurasia,0.035
288,2026-04-07,Ocean Trader 18,415128168,Norway,Blocked,Rerouted,0,True,Container Ship,Houston,N/A (Exempt/Diplomatic),110000000,0.15,165000,12,1800,2022000,2187000,150000000,260000000,Europe,145.8
289,2026-04-07,Red Leader 99,358728676,Iraq,Privileged,Passed,0,False,Crude Oil Tanker,Hidden/Private,N/A (Exempt/Diplomatic),140000000,0.05,70000,0,0,0,70000,240000000,380000000,Asia,0.035
290,2026-04-07,Global Leader 33,349542787,Israel,Blocked,Rerouted,0,True,Bulk Carrier,Rotterdam,N/A (Exempt/Diplomatic),45000000,0.15,67500,12,480,607200,674700,50000000,95000000,Asia,0.035
291,2026-04-07,Northern Express 78,377784731,China,Privileged,Passed,0,False,LNG Carrier,Hidden/Private,N/A (Exempt/Diplomatic),220000000,0.05,110000,0,0,0,110000,200000000,420000000,Asia,0.0323529411764705
292,2026-04-07,Ocean Express 64,645252867,Turkey,Taxed,Rerouted,0,True,Bulk Carrier,Mumbai,N/A (Exempt/Diplomatic),45000000,0.15,67500,12,480,607200,674700,50000000,95000000,Asia,0.035
293,2026-04-07,Global Star 81,610407450,UK,Blocked,Rerouted,0,True,LNG Carrier,Ningbo,N/A (Exempt/Diplomatic),220000000,0.15,330000,12,1800,2658000,2988000,200000000,420000000,Europe,0.8788235294117647
294,2026-04-07,Red Spirit 39,319681170,China,Privileged,Passed,0,False,Container Ship,Hidden/Private,N/A (Exempt/Diplomatic),110000000,0.05,55000,0,0,0,55000,150000000,260000000,Asia,3.6666666666666665
295,2026-04-07,Ocean Spirit 32,511701739,Turkey,Taxed,Rerouted,0,True,Crude Oil Tanker,Rotterdam,N/A (Exempt/Diplomatic),140000000,0.15,210000,12,1200,1548000,1758000,240000000,380000000,Asia,0.879
296,2026-04-07,Global Titan 81,489361229,Turkey,Taxed,Passed,2000000,False,LNG Carrier,Singapore,Other Non-USD,220000000,1.25,2750000,0,0,0,4750000,200000000,420000000,Asia,1.3970588235294117
297,2026-04-07,Iron Carrier 48,528391997,Germany,Blocked,Rerouted,0,True,Bulk Carrier,Ningbo,N/A (Exempt/Diplomatic),45000000,0.15,67500,12,480,607200,674700,50000000,95000000,Europe,0.035
298,2026-04-08,Golden Leader 44,364616964,Turkey,Taxed,Passed,2000000,False,Container Ship,Mumbai,Other Non-USD,110000000,1.25,1375000,0,0,0,3375000,150000000,260000000,Asia,225.0
299,2026-04-08,Golden Carrier 29,346215835,Panama,Taxed,Rerouted,0,True,Crude Oil Tanker,Mumbai,N/A (Exempt/Diplomatic),140000000,0.15,210000,12,1200,1548000,1758000,240000000,380000000,North America,0.879
300,2026-04-08,Global Star 81,610407450,UK,Blocked,Rerouted,0,True,Bulk Carrier,Houston,N/A (Exempt/Diplomatic),45000000,0.15,67500,12,480,607200,674700,50000000,95000000,Europe,0.035
301,2026-04-08,Iron Trader 63,488954965,UAE,Taxed,Passed,2000000,False,Bulk Carrier,Rotterdam,Other Non-USD,45000000,1.25,562500,0,0,0,2562500,50000000,95000000,Asia,0.035
302,2026-04-08,Global Star 43,403529838,Liberia,Taxed,Rerouted,0,True,Crude Oil Tanker,Rotterdam,N/A (Exempt/Diplomatic),140000000,0.15,210000,12,1200,1548000,1758000,240000000,380000000,Africa,0.879
303,2026-04-08,Iron Spirit 61,343742291,Pakistan,Privileged,Passed,0,False,LNG Carrier,Hidden/Private,N/A (Exempt/Diplomatic),220000000,0.05,110000,0,0,0,110000,200000000,420000000,Asia,0.0323529411764705
304,2026-04-08,Eastern Titan 18,224601779,UAE,Taxed,Passed,2000000,False,LNG Carrier,Ningbo,Other Non-USD,220000000,1.25,2750000,0,0,0,4750000,200000000,420000000,Asia,1.3970588235294117
305,2026-04-08,Red Trader 49,328554982,Russia,Privileged,Passed,0,False,Bulk Carrier,Hidden/Private,N/A (Exempt/Diplomatic),45000000,0.05,22500,0,0,0,22500,50000000,95000000,Eurasia,0.035
306,2026-04-08,Global Carrier 20,245984845,Norway,Blocked,Rerouted,0,True,Crude Oil Tanker,Rotterdam,N/A (Exempt/Diplomatic),140000000,0.15,210000,12,1200,1548000,1758000,240000000,380000000,Europe,0.879
307,2026-04-08,Eastern Spirit 70,457007733,Israel,Blocked,Rerouted,0,True,Container Ship,Ningbo,N/A (Exempt/Diplomatic),110000000,0.15,165000,12,1800,2022000,2187000,150000000,260000000,Asia,145.8
308,2026-04-08,Eastern Titan 40,267764370,Norway,Blocked,Rerouted,0,True,LNG Carrier,Houston,N/A (Exempt/Diplomatic),220000000,0.15,330000,12,1800,2658000,2988000,200000000,420000000,Europe,0.8788235294117647
309,2026-04-08,Ocean Carrier 47,645283238,Marshall Islands,Taxed,Passed,2000000,False,Bulk Carrier,Rotterdam,Other Non-USD,45000000,1.25,562500,0,0,0,2562500,50000000,95000000,Oceania,0.035
310,2026-04-08,Iron Titan 21,349748461,Israel,Blocked,Rerouted,0,True,Crude Oil Tanker,Singapore,N/A (Exempt/Diplomatic),140000000,0.15,210000,12,1200,1548000,1758000,240000000,380000000,Asia,0.879
311,2026-04-08,Golden Spirit 17,322969247,Russia,Privileged,Passed,0,False,Crude Oil Tanker,Hidden/Private,N/A (Exempt/Diplomatic),140000000,0.05,70000,0,0,0,70000,240000000,380000000,Eurasia,0.035
312,2026-04-08,Iron Carrier 30,230536988,Germany,Blocked,Rerouted,0,True,Crude Oil Tanker,Mumbai,N/A (Exempt/Diplomatic),140000000,0.15,210000,12,1200,1548000,1758000,240000000,380000000,Europe,0.879
313,2026-04-08,Eastern Spirit 94,655274738,Iran,Privileged,Passed,0,False,Container Ship,Hidden/Private,N/A (Exempt/Diplomatic),110000000,0.05,55000,0,0,0,55000,150000000,260000000,Asia,3.6666666666666665
314,2026-04-08,Golden Titan 65,294562809,Germany,Blocked,Rerouted,0,True,Container Ship,Mumbai,N/A (Exempt/Diplomatic),110000000,0.15,165000,12,1800,2022000,2187000,150000000,260000000,Europe,145.8
315,2026-04-08,Golden Trader 50,434287182,Germany,Blocked,Rerouted,0,True,Crude Oil Tanker,Mumbai,N/A (Exempt/Diplomatic),140000000,0.15,210000,12,1200,1548000,1758000,240000000,380000000,Europe,0.879
316,2026-04-08,Ocean Titan 70,528175214,Pakistan,Privileged,Passed,0,False,LNG Carrier,Hidden/Private,N/A (Exempt/Diplomatic),220000000,0.05,110000,0,0,0,110000,200000000,420000000,Asia,0.0323529411764705
317,2026-04-09,Red Spirit 86,576445159,Turkey,Taxed,Passed,2000000,False,Crude Oil Tanker,Ningbo,Other Non-USD,140000000,1.25,1750000,0,0,0,3750000,240000000,380000000,Asia,1.875
318,2026-04-09,Northern Titan 15,365494940,Marshall Islands,Taxed,Passed,2000000,False,Container Ship,Singapore,Other Non-USD,110000000,1.25,1375000,0,0,0,3375000,150000000,260000000,Oceania,225.0
319,2026-04-09,Global Carrier 50,314153005,Norway,Blocked,Rerouted,0,True,Container Ship,Houston,N/A (Exempt/Diplomatic),110000000,0.15,165000,12,1800,2022000,2187000,150000000,260000000,Europe,145.8
320,2026-04-09,Iron Carrier 97,586241038,India,Taxed,Passed,2000000,False,Bulk Carrier,Mumbai,Other Non-USD,45000000,1.25,562500,0,0,0,2562500,50000000,95000000,Asia,0.035
321,2026-04-09,Ocean Trader 16,662301106,Iran,Privileged,Passed,0,False,LNG Carrier,Hidden/Private,N/A (Exempt/Diplomatic),220000000,0.05,110000,0,0,0,110000,200000000,420000000,Asia,0.0323529411764705
322,2026-04-09,Northern Leader 37,664205646,USA,Blocked,Rerouted,0,True,Container Ship,Singapore,N/A (Exempt/Diplomatic),110000000,0.15,165000,12,1800,2022000,2187000,150000000,260000000,North America,145.8
323,2026-04-09,Ocean Carrier 90,568535587,Russia,Privileged,Passed,0,False,Bulk Carrier,Hidden/Private,N/A (Exempt/Diplomatic),45000000,0.05,22500,0,0,0,22500,50000000,95000000,Eurasia,0.035
324,2026-04-09,Eastern Carrier 94,214550303,Pakistan,Privileged,Passed,0,False,Bulk Carrier,Hidden/Private,N/A (Exempt/Diplomatic),45000000,0.05,22500,0,0,0,22500,50000000,95000000,Asia,0.035
325,2026-04-09,Red Spirit 39,319681170,China,Privileged,Passed,0,False,Crude Oil Tanker,Hidden/Private,N/A (Exempt/Diplomatic),140000000,0.05,70000,0,0,0,70000,240000000,380000000,Asia,0.035
326,2026-04-09,Global Express 70,441629363,Turkey,Taxed,Passed,2000000,False,Crude Oil Tanker,Mumbai,Other Non-USD,140000000,1.25,1750000,0,0,0,3750000,240000000,380000000,Asia,1.875
327,2026-04-09,Golden Spirit 17,322969247,Russia,Privileged,Passed,0,False,Container Ship,Hidden/Private,N/A (Exempt/Diplomatic),110000000,0.05,55000,0,0,0,55000,150000000,260000000,Eurasia,3.6666666666666665
328,2026-04-09,Iron Leader 38,307144846,Israel,Blocked,Rerouted,0,True,Crude Oil Tanker,Mumbai,N/A (Exempt/Diplomatic),140000000,0.15,210000,12,1200,1548000,1758000,240000000,380000000,Asia,0.879
329,2026-04-09,Global Spirit 46,284689687,Israel,Blocked,Blocked/Waiting (Anchored off Oman),0,False,Crude Oil Tanker,Rotterdam,N/A (Exempt/Diplomatic),140000000,0.5,700000,0,0,0,700000,240000000,380000000,Asia,0.35
330,2026-04-09,Ocean Express 64,645252867,Turkey,Taxed,Passed,2000000,False,Container Ship,Singapore,Other Non-USD,110000000,1.25,1375000,0,0,0,3375000,150000000,260000000,Asia,225.0
331,2026-04-09,Northern Express 53,629814830,Iran,Privileged,Passed,0,False,Crude Oil Tanker,Hidden/Private,N/A (Exempt/Diplomatic),140000000,0.05,70000,0,0,0,70000,240000000,380000000,Asia,0.035
332,2026-04-09,Eastern Leader 42,686048824,Russia,Privileged,Passed,0,False,Container Ship,Hidden/Private,N/A (Exempt/Diplomatic),110000000,0.05,55000,0,0,0,55000,150000000,260000000,Eurasia,3.6666666666666665
333,2026-04-09,Red Carrier 87,427170451,India,Taxed,Passed,2000000,False,LNG Carrier,Mumbai,Other Non-USD,220000000,1.25,2750000,0,0,0,4750000,200000000,420000000,Asia,1.3970588235294117
334,2026-04-09,Global Leader 58,344927134,UAE,Taxed,Passed,2000000,False,LNG Carrier,Rotterdam,Other Non-USD,220000000,1.25,2750000,0,0,0,4750000,200000000,420000000,Asia,1.3970588235294117
335,2026-04-09,Ocean Carrier 41,692562960,Iran,Privileged,Passed,0,False,Container Ship,Hidden/Private,N/A (Exempt/Diplomatic),110000000,0.05,55000,0,0,0,55000,150000000,260000000,Asia,3.6666666666666665
336,2026-04-09,Eastern Star 49,509128512,USA,Blocked,Rerouted,0,True,Bulk Carrier,Rotterdam,N/A (Exempt/Diplomatic),45000000,0.15,67500,12,480,607200,674700,50000000,95000000,North America,0.035
337,2026-04-09,Eastern Star 59,404880292,Israel,Blocked,Rerouted,0,True,LNG Carrier,Rotterdam,N/A (Exempt/Diplomatic),220000000,0.15,330000,12,1800,2658000,2988000,200000000,420000000,Asia,0.8788235294117647
338,2026-04-09,Iron Titan 91,348880396,Germany,Blocked,Rerouted,0,True,Container Ship,Singapore,N/A (Exempt/Diplomatic),110000000,0.15,165000,12,1800,2022000,2187000,150000000,260000000,Europe,145.8
339,2026-04-09,Global Leader 98,330623464,Panama,Taxed,Passed,2000000,False,LNG Carrier,Mumbai,Other Non-USD,220000000,1.25,2750000,0,0,0,4750000,200000000,420000000,North America,1.3970588235294117
340,2026-04-09,Global Star 14,661513240,Liberia,Taxed,Passed,2000000,False,Bulk Carrier,Singapore,Other Non-USD,45000000,1.25,562500,0,0,0,2562500,50000000,95000000,Africa,0.035
341,2026-04-09,Eastern Express 64,501134582,China,Privileged,Passed,0,False,Container Ship,Hidden/Private,N/A (Exempt/Diplomatic),110000000,0.05,55000,0,0,0,55000,150000000,260000000,Asia,3.6666666666666665
342,2026-04-09,Global Leader 37,390495200,Turkey,Taxed,Passed,2000000,False,Crude Oil Tanker,Mumbai,Other Non-USD,140000000,1.25,1750000,0,0,0,3750000,240000000,380000000,Asia,1.875
343,2026-04-09,Iron Carrier 15,386403601,UK,Blocked,Rerouted,0,True,Crude Oil Tanker,Houston,N/A (Exempt/Diplomatic),140000000,0.15,210000,12,1200,1548000,1758000,240000000,380000000,Europe,0.879
344,2026-04-09,Eastern Trader 77,693112443,China,Privileged,Passed,0,False,Container Ship,Hidden/Private,N/A (Exempt/Diplomatic),110000000,0.05,55000,0,0,0,55000,150000000,260000000,Asia,3.6666666666666665
345,2026-04-09,Ocean Express 79,648838894,China,Privileged,Passed,0,False,Bulk Carrier,Hidden/Private,N/A (Exempt/Diplomatic),45000000,0.05,22500,0,0,0,22500,50000000,95000000,Asia,0.035
346,2026-04-09,Red Titan 27,473549845,Norway,Blocked,Rerouted,0,True,LNG Carrier,Mumbai,N/A (Exempt/Diplomatic),220000000,0.15,330000,12,1800,2658000,2988000,200000000,420000000,Europe,0.8788235294117647
347,2026-04-09,Iron Titan 21,349748461,Israel,Blocked,Rerouted,0,True,LNG Carrier,Mumbai,N/A (Exempt/Diplomatic),220000000,0.15,330000,12,1800,2658000,2988000,200000000,420000000,Asia,0.8788235294117647
348,2026-04-09,Golden Express 81,555339452,Norway,Blocked,Rerouted,0,True,Container Ship,Ningbo,N/A (Exempt/Diplomatic),110000000,0.15,165000,12,1800,2022000,2187000,150000000,260000000,Europe,145.8
349,2026-04-09,Ocean Carrier 40,349506343,Norway,Blocked,Rerouted,0,True,Crude Oil Tanker,Mumbai,N/A (Exempt/Diplomatic),140000000,0.15,210000,12,1200,1548000,1758000,240000000,380000000,Europe,0.879
350,2026-04-09,Eastern Trader 98,307992155,Panama,Taxed,Passed,2000000,False,Bulk Carrier,Ningbo,Other Non-USD,45000000,1.25,562500,0,0,0,2562500,50000000,95000000,North America,0.035
351,2026-04-10,Iron Carrier 15,386403601,UK,Blocked,Rerouted,0,True,LNG Carrier,Ningbo,N/A (Exempt/Diplomatic),220000000,0.15,330000,12,1800,2658000,2988000,200000000,420000000,Europe,0.8788235294117647
352,2026-04-10,Northern Leader 85,344093758,Liberia,Taxed,Passed,2000000,False,LNG Carrier,Singapore,Other Non-USD,220000000,1.25,2750000,0,0,0,4750000,200000000,420000000,Africa,1.3970588235294117
353,2026-04-10,Golden Trader 50,434287182,Germany,Blocked,Rerouted,0,True,Bulk Carrier,Ningbo,N/A (Exempt/Diplomatic),45000000,0.15,67500,12,480,607200,674700,50000000,95000000,Europe,0.035
354,2026-04-10,Ocean Carrier 41,692562960,Iran,Privileged,Passed,0,False,Container Ship,Hidden/Private,N/A (Exempt/Diplomatic),110000000,0.05,55000,0,0,0,55000,150000000,260000000,Asia,3.6666666666666665
355,2026-04-10,Northern Titan 15,365494940,Marshall Islands,Taxed,Passed,2000000,False,Container Ship,Ningbo,Other Non-USD,110000000,1.25,1375000,0,0,0,3375000,150000000,260000000,Oceania,225.0
356,2026-04-10,Eastern Carrier 13,501316148,India,Taxed,Passed,2000000,False,Bulk Carrier,Singapore,Other Non-USD,45000000,1.25,562500,0,0,0,2562500,50000000,95000000,Asia,0.035
357,2026-04-10,Ocean Trader 18,415128168,Norway,Blocked,Blocked/Waiting (Anchored off Oman),0,False,LNG Carrier,Mumbai,N/A (Exempt/Diplomatic),220000000,0.5,1100000,0,0,0,1100000,200000000,420000000,Europe,0.3235294117647059
358,2026-04-10,Global Spirit 46,284689687,Israel,Blocked,Rerouted,0,True,Container Ship,Singapore,N/A (Exempt/Diplomatic),110000000,0.15,165000,12,1800,2022000,2187000,150000000,260000000,Asia,145.8
359,2026-04-10,Eastern Leader 25,333093315,UAE,Taxed,Passed,2000000,False,Container Ship,Houston,Other Non-USD,110000000,1.25,1375000,0,0,0,3375000,150000000,260000000,Asia,225.0
360,2026-04-10,Red Leader 62,450731958,Russia,Privileged,Passed,0,False,Container Ship,Hidden/Private,N/A (Exempt/Diplomatic),110000000,0.05,55000,0,0,0,55000,150000000,260000000,Eurasia,3.6666666666666665
361,2026-04-10,Ocean Star 52,613991481,Iraq,Privileged,Passed,0,False,LNG Carrier,Hidden/Private,N/A (Exempt/Diplomatic),220000000,0.05,110000,0,0,0,110000,200000000,420000000,Asia,0.0323529411764705
362,2026-04-10,Ocean Titan 70,528175214,Pakistan,Privileged,Passed,0,False,LNG Carrier,Hidden/Private,N/A (Exempt/Diplomatic),220000000,0.05,110000,0,0,0,110000,200000000,420000000,Asia,0.0323529411764705
363,2026-04-10,Global Star 14,661513240,Liberia,Taxed,Passed,2000000,False,LNG Carrier,Mumbai,Other Non-USD,220000000,1.25,2750000,0,0,0,4750000,200000000,420000000,Africa,1.3970588235294117
364,2026-04-10,Global Titan 34,487916220,Israel,Blocked,Rerouted,0,True,Container Ship,Mumbai,N/A (Exempt/Diplomatic),110000000,0.15,165000,12,1800,2022000,2187000,150000000,260000000,Asia,145.8
365,2026-04-10,Iron Express 48,651867790,Germany,Blocked,Rerouted,0,True,Crude Oil Tanker,Houston,N/A (Exempt/Diplomatic),140000000,0.15,210000,12,1200,1548000,1758000,240000000,380000000,Europe,0.879
366,2026-04-10,Red Trader 49,328554982,Russia,Privileged,Passed,0,False,Crude Oil Tanker,Hidden/Private,N/A (Exempt/Diplomatic),140000000,0.05,70000,0,0,0,70000,240000000,380000000,Eurasia,0.035
367,2026-04-10,Global Leader 58,344927134,UAE,Taxed,Rerouted,0,True,LNG Carrier,Mumbai,N/A (Exempt/Diplomatic),220000000,0.15,330000,12,1800,2658000,2988000,200000000,420000000,Asia,0.8788235294117647
368,2026-04-10,Global Spirit 60,270264740,Panama,Taxed,Passed,2000000,False,LNG Carrier,Singapore,Other Non-USD,220000000,1.25,2750000,0,0,0,4750000,200000000,420000000,North America,1.3970588235294117
369,2026-04-10,Golden Carrier 64,682014990,USA,Blocked,Rerouted,0,True,LNG Carrier,Singapore,N/A (Exempt/Diplomatic),220000000,0.15,330000,12,1800,2658000,2988000,200000000,420000000,North America,0.8788235294117647
370,2026-04-10,Global Titan 99,478076450,Israel,Blocked,Blocked/Waiting (Anchored off Oman),0,False,Crude Oil Tanker,Singapore,N/A (Exempt/Diplomatic),140000000,0.5,700000,0,0,0,700000,240000000,380000000,Asia,0.35
371,2026-04-10,Red Spirit 79,243259801,Iraq,Privileged,Passed,0,False,Crude Oil Tanker,Hidden/Private,N/A (Exempt/Diplomatic),140000000,0.05,70000,0,0,0,70000,240000000,380000000,Asia,0.035
372,2026-04-10,Global Express 70,441629363,Turkey,Taxed,Passed,2000000,False,Bulk Carrier,Ningbo,Other Non-USD,45000000,1.25,562500,0,0,0,2562500,50000000,95000000,Asia,0.035
373,2026-04-10,Ocean Star 58,251924210,Marshall Islands,Taxed,Passed,2000000,False,Crude Oil Tanker,Mumbai,Other Non-USD,140000000,1.25,1750000,0,0,0,3750000,240000000,380000000,Oceania,1.875
374,2026-04-10,Golden Titan 65,294562809,Germany,Blocked,Rerouted,0,True,Bulk Carrier,Rotterdam,N/A (Exempt/Diplomatic),45000000,0.15,67500,12,480,607200,674700,50000000,95000000,Europe,0.035
375,2026-04-10,Ocean Express 64,645252867,Turkey,Taxed,Passed,2000000,False,Bulk Carrier,Ningbo,Other Non-USD,45000000,1.25,562500,0,0,0,2562500,50000000,95000000,Asia,0.035
376,2026-04-10,Eastern Titan 40,267764370,Norway,Blocked,Rerouted,0,True,Bulk Carrier,Singapore,N/A (Exempt/Diplomatic),45000000,0.15,67500,12,480,607200,674700,50000000,95000000,Europe,0.035
377,2026-04-10,Northern Titan 68,201742315,Turkey,Taxed,Passed,2000000,False,LNG Carrier,Singapore,Other Non-USD,220000000,1.25,2750000,0,0,0,4750000,200000000,420000000,Asia,1.3970588235294117
378,2026-04-10,Global Star 43,403529838,Liberia,Taxed,Passed,2000000,False,Crude Oil Tanker,Rotterdam,Other Non-USD,140000000,1.25,1750000,0,0,0,3750000,240000000,380000000,Africa,1.875
379,2026-04-11,Golden Express 92,252837693,Russia,Privileged,Passed,0,False,LNG Carrier,Hidden/Private,N/A (Exempt/Diplomatic),220000000,0.05,110000,0,0,0,110000,200000000,420000000,Eurasia,0.0323529411764705
380,2026-04-11,Eastern Spirit 72,210456496,Iran,Privileged,Passed,0,False,LNG Carrier,Hidden/Private,N/A (Exempt/Diplomatic),220000000,0.05,110000,0,0,0,110000,200000000,420000000,Asia,0.0323529411764705
381,2026-04-11,Golden Titan 18,422730506,UK,Blocked,Rerouted,0,True,Crude Oil Tanker,Houston,N/A (Exempt/Diplomatic),140000000,0.15,210000,12,1200,1548000,1758000,240000000,380000000,Europe,0.879
382,2026-04-11,Golden Carrier 98,299401567,India,Taxed,Passed,2000000,False,Container Ship,Ningbo,Other Non-USD,110000000,1.25,1375000,0,0,0,3375000,150000000,260000000,Asia,225.0
383,2026-04-11,Northern Star 79,227963244,Marshall Islands,Taxed,Passed,2000000,False,Crude Oil Tanker,Houston,Other Non-USD,140000000,1.25,1750000,0,0,0,3750000,240000000,380000000,Oceania,1.875
384,2026-04-11,Iron Titan 91,348880396,Germany,Blocked,Blocked/Waiting (Anchored off Oman),0,False,Crude Oil Tanker,Houston,N/A (Exempt/Diplomatic),140000000,0.5,700000,0,0,0,700000,240000000,380000000,Europe,0.35
385,2026-04-11,Golden Trader 50,434287182,Germany,Blocked,Rerouted,0,True,Crude Oil Tanker,Singapore,N/A (Exempt/Diplomatic),140000000,0.15,210000,12,1200,1548000,1758000,240000000,380000000,Europe,0.879
386,2026-04-11,Global Express 30,625244369,UK,Blocked,Blocked/Waiting (Anchored off Oman),0,False,Crude Oil Tanker,Singapore,N/A (Exempt/Diplomatic),140000000,0.5,700000,0,0,0,700000,240000000,380000000,Europe,0.35
387,2026-04-11,Eastern Star 63,552924530,Germany,Blocked,Blocked/Waiting (Anchored off Oman),0,False,Bulk Carrier,Rotterdam,N/A (Exempt/Diplomatic),45000000,0.5,225000,0,0,0,225000,50000000,95000000,Europe,0.035
388,2026-04-11,Ocean Express 79,648838894,China,Privileged,Passed,0,False,Bulk Carrier,Hidden/Private,N/A (Exempt/Diplomatic),45000000,0.05,22500,0,0,0,22500,50000000,95000000,Asia,0.035
389,2026-04-11,Eastern Carrier 22,239331548,India,Taxed,Passed,2000000,False,Bulk Carrier,Ningbo,Other Non-USD,45000000,1.25,562500,0,0,0,2562500,50000000,95000000,Asia,0.035
390,2026-04-11,Golden Express 24,565990466,Turkey,Taxed,Passed,2000000,False,Crude Oil Tanker,Houston,Other Non-USD,140000000,1.25,1750000,0,0,0,3750000,240000000,380000000,Asia,1.875
391,2026-04-11,Ocean Carrier 47,645283238,Marshall Islands,Taxed,Passed,2000000,False,Bulk Carrier,Ningbo,Other Non-USD,45000000,1.25,562500,0,0,0,2562500,50000000,95000000,Oceania,0.035
392,2026-04-11,Ocean Trader 40,289287596,UK,Blocked,Rerouted,0,True,Bulk Carrier,Ningbo,N/A (Exempt/Diplomatic),45000000,0.15,67500,12,480,607200,674700,50000000,95000000,Europe,0.035
393,2026-04-11,Ocean Star 86,433304641,Marshall Islands,Taxed,Passed,2000000,False,Container Ship,Singapore,Other Non-USD,110000000,1.25,1375000,0,0,0,3375000,150000000,260000000,Oceania,225.0
394,2026-04-11,Northern Express 35,240800296,UAE,Taxed,Passed,2000000,False,LNG Carrier,Rotterdam,Other Non-USD,220000000,1.25,2750000,0,0,0,4750000,200000000,420000000,Asia,1.3970588235294117
395,2026-04-11,Golden Star 82,317018823,Israel,Blocked,Rerouted,0,True,Container Ship,Rotterdam,N/A (Exempt/Diplomatic),110000000,0.15,165000,12,1800,2022000,2187000,150000000,260000000,Asia,145.8
396,2026-04-11,Eastern Carrier 48,418009946,China,Privileged,Passed,0,False,Bulk Carrier,Hidden/Private,N/A (Exempt/Diplomatic),45000000,0.05,22500,0,0,0,22500,50000000,95000000,Asia,0.035
397,2026-04-11,Golden Trader 56,287324253,Marshall Islands,Taxed,Rerouted,0,True,LNG Carrier,Rotterdam,N/A (Exempt/Diplomatic),220000000,0.15,330000,12,1800,2658000,2988000,200000000,420000000,Oceania,0.8788235294117647
398,2026-04-11,Golden Trader 72,255076321,China,Privileged,Passed,0,False,Bulk Carrier,Hidden/Private,N/A (Exempt/Diplomatic),45000000,0.05,22500,0,0,0,22500,50000000,95000000,Asia,0.035
399,2026-04-11,Global Titan 93,569164473,China,Privileged,Passed,0,False,Bulk Carrier,Hidden/Private,N/A (Exempt/Diplomatic),45000000,0.05,22500,0,0,0,22500,50000000,95000000,Asia,0.035
400,2026-04-11,Global Star 43,403529838,Liberia,Taxed,Passed,2000000,False,Container Ship,Mumbai,Other Non-USD,110000000,1.25,1375000,0,0,0,3375000,150000000,260000000,Africa,225.0
401,2026-04-11,Ocean Express 46,325892782,Turkey,Taxed,Rerouted,0,True,LNG Carrier,Mumbai,N/A (Exempt/Diplomatic),220000000,0.15,330000,12,1800,2658000,2988000,200000000,420000000,Asia,0.8788235294117647
402,2026-04-11,Eastern Carrier 13,501316148,India,Taxed,Passed,2000000,False,Crude Oil Tanker,Mumbai,Other Non-USD,140000000,1.25,1750000,0,0,0,3750000,240000000,380000000,Asia,1.875
403,2026-04-11,Iron Trader 30,366987748,Iran,Privileged,Passed,0,False,Bulk Carrier,Hidden/Private,N/A (Exempt/Diplomatic),45000000,0.05,22500,0,0,0,22500,50000000,95000000,Asia,0.035
404,2026-04-11,Northern Titan 69,558403064,Germany,Blocked,Rerouted,0,True,Bulk Carrier,Singapore,N/A (Exempt/Diplomatic),45000000,0.15,67500,12,480,607200,674700,50000000,95000000,Europe,0.035
405,2026-04-11,Ocean Leader 53,559098790,USA,Blocked,Blocked/Waiting (Anchored off Oman),0,False,Container Ship,Singapore,N/A (Exempt/Diplomatic),110000000,0.5,550000,0,0,0,550000,150000000,260000000,North America,36.66666666666666
406,2026-04-12,Global Titan 93,569164473,China,Privileged,Passed,0,False,Bulk Carrier,Hidden/Private,N/A (Exempt/Diplomatic),45000000,0.05,22500,0,0,0,22500,50000000,95000000,Asia,0.035
407,2026-04-12,Eastern Star 76,302572638,Pakistan,Privileged,Passed,0,False,Container Ship,Hidden/Private,N/A (Exempt/Diplomatic),110000000,0.05,55000,0,0,0,55000,150000000,260000000,Asia,3.6666666666666665
408,2026-04-12,Eastern Carrier 89,321164857,Germany,Blocked,Rerouted,0,True,Bulk Carrier,Houston,N/A (Exempt/Diplomatic),45000000,0.15,67500,12,480,607200,674700,50000000,95000000,Europe,0.035
409,2026-04-12,Global Express 41,558057151,Iran,Privileged,Passed,0,False,Container Ship,Hidden/Private,N/A (Exempt/Diplomatic),110000000,0.05,55000,0,0,0,55000,150000000,260000000,Asia,3.6666666666666665
410,2026-04-12,Eastern Carrier 50,605471762,Israel,Blocked,Rerouted,0,True,Crude Oil Tanker,Rotterdam,N/A (Exempt/Diplomatic),140000000,0.15,210000,12,1200,1548000,1758000,240000000,380000000,Asia,0.879
411,2026-04-12,Ocean Star 84,455973885,Germany,Blocked,Rerouted,0,True,Container Ship,Mumbai,N/A (Exempt/Diplomatic),110000000,0.15,165000,12,1800,2022000,2187000,150000000,260000000,Europe,145.8
412,2026-04-12,Iron Spirit 61,343742291,Pakistan,Privileged,Passed,0,False,LNG Carrier,Hidden/Private,N/A (Exempt/Diplomatic),220000000,0.05,110000,0,0,0,110000,200000000,420000000,Asia,0.0323529411764705
413,2026-04-12,Golden Carrier 98,299401567,India,Taxed,Passed,2000000,False,LNG Carrier,Houston,Other Non-USD,220000000,1.25,2750000,0,0,0,4750000,200000000,420000000,Asia,1.3970588235294117
414,2026-04-12,Golden Trader 50,434287182,Germany,Blocked,Rerouted,0,True,Container Ship,Rotterdam,N/A (Exempt/Diplomatic),110000000,0.15,165000,12,1800,2022000,2187000,150000000,260000000,Europe,145.8
415,2026-04-12,Golden Spirit 17,322969247,Russia,Privileged,Passed,0,False,LNG Carrier,Hidden/Private,N/A (Exempt/Diplomatic),220000000,0.05,110000,0,0,0,110000,200000000,420000000,Eurasia,0.0323529411764705
416,2026-04-12,Ocean Express 65,200907996,Germany,Blocked,Rerouted,0,True,Bulk Carrier,Mumbai,N/A (Exempt/Diplomatic),45000000,0.15,67500,12,480,607200,674700,50000000,95000000,Europe,0.035
417,2026-04-12,Red Trader 63,335437245,Pakistan,Privileged,Passed,0,False,Container Ship,Hidden/Private,N/A (Exempt/Diplomatic),110000000,0.05,55000,0,0,0,55000,150000000,260000000,Asia,3.6666666666666665
418,2026-04-12,Eastern Leader 25,333093315,UAE,Taxed,Passed,2000000,False,Crude Oil Tanker,Houston,Other Non-USD,140000000,1.25,1750000,0,0,0,3750000,240000000,380000000,Asia,1.875
419,2026-04-12,Global Titan 59,572561470,Iraq,Privileged,Passed,0,False,LNG Carrier,Hidden/Private,N/A (Exempt/Diplomatic),220000000,0.05,110000,0,0,0,110000,200000000,420000000,Asia,0.0323529411764705
420,2026-04-12,Global Spirit 60,270264740,Panama,Taxed,Passed,2000000,False,Bulk Carrier,Mumbai,Other Non-USD,45000000,1.25,562500,0,0,0,2562500,50000000,95000000,North America,0.035
421,2026-04-12,Global Spirit 24,677660874,Iran,Privileged,Passed,0,False,Container Ship,Hidden/Private,N/A (Exempt/Diplomatic),110000000,0.05,55000,0,0,0,55000,150000000,260000000,Asia,3.6666666666666665
422,2026-04-12,Red Titan 27,473549845,Norway,Blocked,Rerouted,0,True,LNG Carrier,Houston,N/A (Exempt/Diplomatic),220000000,0.15,330000,12,1800,2658000,2988000,200000000,420000000,Europe,0.8788235294117647
423,2026-04-12,Ocean Express 78,267958709,Turkey,Taxed,Passed,2000000,False,Bulk Carrier,Mumbai,Other Non-USD,45000000,1.25,562500,0,0,0,2562500,50000000,95000000,Asia,0.035
424,2026-04-12,Golden Carrier 29,346215835,Panama,Taxed,Rerouted,0,True,Crude Oil Tanker,Rotterdam,N/A (Exempt/Diplomatic),140000000,0.15,210000,12,1200,1548000,1758000,240000000,380000000,North America,0.879
425,2026-04-12,Golden Titan 65,294562809,Germany,Blocked,Rerouted,0,True,Container Ship,Houston,N/A (Exempt/Diplomatic),110000000,0.15,165000,12,1800,2022000,2187000,150000000,260000000,Europe,145.8
426,2026-04-12,Global Star 34,369408512,Iran,Privileged,Passed,0,False,Container Ship,Hidden/Private,N/A (Exempt/Diplomatic),110000000,0.05,55000,0,0,0,55000,150000000,260000000,Asia,3.6666666666666665
427,2026-04-12,Eastern Spirit 26,387372691,Pakistan,Privileged,Passed,0,False,Crude Oil Tanker,Hidden/Private,N/A (Exempt/Diplomatic),140000000,0.05,70000,0,0,0,70000,240000000,380000000,Asia,0.035
428,2026-04-12,Golden Spirit 74,366045938,UK,Blocked,Rerouted,0,True,Bulk Carrier,Singapore,N/A (Exempt/Diplomatic),45000000,0.15,67500,12,480,607200,674700,50000000,95000000,Europe,0.035
429,2026-04-12,Eastern Spirit 22,647013948,India,Taxed,Rerouted,0,True,Bulk Carrier,Singapore,N/A (Exempt/Diplomatic),45000000,0.15,67500,12,480,607200,674700,50000000,95000000,Asia,0.035
430,2026-04-12,Ocean Leader 83,302047765,Turkey,Taxed,Rerouted,0,True,LNG Carrier,Rotterdam,N/A (Exempt/Diplomatic),220000000,0.15,330000,12,1800,2658000,2988000,200000000,420000000,Asia,0.8788235294117647
431,2026-04-12,Global Express 70,495173558,Greece,Taxed,Passed,2000000,False,Container Ship,Rotterdam,Tether (USDT) / Yuan,110000000,1.25,1375000,0,0,0,3375000,150000000,260000000,Europe,225.0
432,2026-04-12,Eastern Spirit 94,655274738,Iran,Privileged,Passed,0,False,Bulk Carrier,Hidden/Private,N/A (Exempt/Diplomatic),45000000,0.05,22500,0,0,0,22500,50000000,95000000,Asia,0.035
433,2026-04-13,Golden Titan 18,422730506,UK,Blocked,Rerouted,0,True,Crude Oil Tanker,Rotterdam,N/A (Exempt/Diplomatic),140000000,0.15,210000,12,1200,1548000,1758000,240000000,380000000,Europe,0.879
434,2026-04-13,Red Spirit 79,243259801,Iraq,Privileged,Passed,0,False,Bulk Carrier,Hidden/Private,N/A (Exempt/Diplomatic),45000000,0.05,22500,0,0,0,22500,50000000,95000000,Asia,0.035
435,2026-04-13,Red Spirit 36,559556395,Liberia,Taxed,Passed,2000000,False,Container Ship,Houston,Other Non-USD,110000000,1.25,1375000,0,0,0,3375000,150000000,260000000,Africa,225.0
436,2026-04-13,Northern Spirit 19,205001198,Israel,Blocked,Rerouted,0,True,Container Ship,Houston,N/A (Exempt/Diplomatic),110000000,0.15,165000,12,1800,2022000,2187000,150000000,260000000,Asia,145.8
437,2026-04-13,Global Carrier 20,245984845,Norway,Blocked,Rerouted,0,True,Bulk Carrier,Rotterdam,N/A (Exempt/Diplomatic),45000000,0.15,67500,12,480,607200,674700,50000000,95000000,Europe,0.035
438,2026-04-13,Golden Carrier 57,454079790,Germany,Blocked,Rerouted,0,True,Bulk Carrier,Ningbo,N/A (Exempt/Diplomatic),45000000,0.15,67500,12,480,607200,674700,50000000,95000000,Europe,0.035
439,2026-04-13,Global Leader 98,330623464,Panama,Taxed,Passed,2000000,False,LNG Carrier,Ningbo,Other Non-USD,220000000,1.25,2750000,0,0,0,4750000,200000000,420000000,North America,1.3970588235294117
440,2026-04-13,Golden Leader 92,582167480,Norway,Blocked,Rerouted,0,True,Crude Oil Tanker,Rotterdam,N/A (Exempt/Diplomatic),140000000,0.15,210000,12,1200,1548000,1758000,240000000,380000000,Europe,0.879
441,2026-04-13,Northern Express 35,240800296,UAE,Taxed,Passed,2000000,False,Bulk Carrier,Ningbo,Other Non-USD,45000000,1.25,562500,0,0,0,2562500,50000000,95000000,Asia,0.035
442,2026-04-13,Eastern Trader 98,307992155,Panama,Taxed,Rerouted,0,True,LNG Carrier,Mumbai,N/A (Exempt/Diplomatic),220000000,0.15,330000,12,1800,2658000,2988000,200000000,420000000,North America,0.8788235294117647
443,2026-04-13,Northern Titan 15,365494940,Marshall Islands,Taxed,Passed,2000000,False,Bulk Carrier,Rotterdam,Other Non-USD,45000000,1.25,562500,0,0,0,2562500,50000000,95000000,Oceania,0.035
444,2026-04-13,Ocean Carrier 41,692562960,Iran,Privileged,Passed,0,False,Bulk Carrier,Hidden/Private,N/A (Exempt/Diplomatic),45000000,0.05,22500,0,0,0,22500,50000000,95000000,Asia,0.035
445,2026-04-13,Global Titan 34,487916220,Israel,Blocked,Rerouted,0,True,Bulk Carrier,Ningbo,N/A (Exempt/Diplomatic),45000000,0.15,67500,12,480,607200,674700,50000000,95000000,Asia,0.035
446,2026-04-13,Golden Express 24,565990466,Turkey,Taxed,Passed,2000000,False,Crude Oil Tanker,Houston,Other Non-USD,140000000,1.25,1750000,0,0,0,3750000,240000000,380000000,Asia,1.875
447,2026-04-13,Global Carrier 26,588346949,Norway,Blocked,Rerouted,0,True,LNG Carrier,Ningbo,N/A (Exempt/Diplomatic),220000000,0.15,330000,12,1800,2658000,2988000,200000000,420000000,Europe,0.8788235294117647
448,2026-04-13,Iron Express 48,651867790,Germany,Blocked,Rerouted,0,True,Bulk Carrier,Houston,N/A (Exempt/Diplomatic),45000000,0.15,67500,12,480,607200,674700,50000000,95000000,Europe,0.035
449,2026-04-13,Ocean Express 79,648838894,China,Privileged,Passed,0,False,Crude Oil Tanker,Hidden/Private,N/A (Exempt/Diplomatic),140000000,0.05,70000,0,0,0,70000,240000000,380000000,Asia,0.035
450,2026-04-13,Golden Express 59,465416722,USA,Blocked,Blocked/Waiting (Anchored off Oman),0,False,Crude Oil Tanker,Rotterdam,N/A (Exempt/Diplomatic),140000000,0.5,700000,0,0,0,700000,240000000,380000000,North America,0.35
451,2026-04-13,Global Leader 85,349352498,China,Privileged,Passed,0,False,Crude Oil Tanker,Hidden/Private,N/A (Exempt/Diplomatic),140000000,0.05,70000,0,0,0,70000,240000000,380000000,Asia,0.035
452,2026-04-13,Red Titan 56,296336946,Panama,Taxed,Passed,2000000,False,Bulk Carrier,Ningbo,Other Non-USD,45000000,1.25,562500,0,0,0,2562500,50000000,95000000,North America,0.035
453,2026-04-13,Red Carrier 69,423217093,Russia,Privileged,Passed,0,False,Container Ship,Hidden/Private,N/A (Exempt/Diplomatic),110000000,0.05,55000,0,0,0,55000,150000000,260000000,Eurasia,3.6666666666666665
454,2026-04-13,Northern Titan 44,433987659,Norway,Blocked,Rerouted,0,True,Crude Oil Tanker,Singapore,N/A (Exempt/Diplomatic),140000000,0.15,210000,12,1200,1548000,1758000,240000000,380000000,Europe,0.879
455,2026-04-13,Global Express 41,558057151,Iran,Privileged,Passed,0,False,Bulk Carrier,Hidden/Private,N/A (Exempt/Diplomatic),45000000,0.05,22500,0,0,0,22500,50000000,95000000,Asia,0.035
456,2026-04-13,Northern Leader 66,562724611,India,Taxed,Passed,2000000,False,Bulk Carrier,Singapore,Other Non-USD,45000000,1.25,562500,0,0,0,2562500,50000000,95000000,Asia,0.035
457,2026-04-13,Golden Trader 72,255076321,China,Privileged,Passed,0,False,LNG Carrier,Hidden/Private,N/A (Exempt/Diplomatic),220000000,0.05,110000,0,0,0,110000,200000000,420000000,Asia,0.0323529411764705
458,2026-04-13,Northern Titan 68,201742315,Turkey,Taxed,Passed,2000000,False,Container Ship,Mumbai,Other Non-USD,110000000,1.25,1375000,0,0,0,3375000,150000000,260000000,Asia,225.0
459,2026-04-14,Red Spirit 86,576445159,Turkey,Taxed,Rerouted,0,True,Crude Oil Tanker,Rotterdam,N/A (Exempt/Diplomatic),140000000,0.15,210000,12,1200,1548000,1758000,240000000,380000000,Asia,0.879
460,2026-04-14,Iron Star 58,349235943,Israel,Blocked,Rerouted,0,True,Container Ship,Houston,N/A (Exempt/Diplomatic),110000000,0.15,165000,12,1800,2022000,2187000,150000000,260000000,Asia,145.8
461,2026-04-14,Global Carrier 20,245984845,Norway,Blocked,Rerouted,0,True,LNG Carrier,Mumbai,N/A (Exempt/Diplomatic),220000000,0.15,330000,12,1800,2658000,2988000,200000000,420000000,Europe,0.8788235294117647
462,2026-04-14,Red Leader 18,556609890,Liberia,Taxed,Passed,2000000,False,Bulk Carrier,Ningbo,Other Non-USD,45000000,1.25,562500,0,0,0,2562500,50000000,95000000,Africa,0.035
463,2026-04-14,Ocean Spirit 32,511701739,Turkey,Taxed,Passed,2000000,False,Container Ship,Houston,Other Non-USD,110000000,1.25,1375000,0,0,0,3375000,150000000,260000000,Asia,225.0
464,2026-04-14,Global Trader 35,279110057,China,Privileged,Passed,0,False,Container Ship,Hidden/Private,N/A (Exempt/Diplomatic),110000000,0.05,55000,0,0,0,55000,150000000,260000000,Asia,3.6666666666666665
465,2026-04-14,Red Spirit 36,430794441,Liberia,Taxed,Passed,2000000,False,Bulk Carrier,Singapore,Other Non-USD,45000000,1.25,562500,0,0,0,2562500,50000000,95000000,Africa,0.035
466,2026-04-14,Global Trader 70,633521651,UK,Blocked,Rerouted,0,True,Container Ship,Houston,N/A (Exempt/Diplomatic),110000000,0.15,165000,12,1800,2022000,2187000,150000000,260000000,Europe,145.8
467,2026-04-14,Ocean Star 52,613991481,Iraq,Privileged,Passed,0,False,Container Ship,Hidden/Private,N/A (Exempt/Diplomatic),110000000,0.05,55000,0,0,0,55000,150000000,260000000,Asia,3.6666666666666665
468,2026-04-14,Northern Star 79,227963244,Marshall Islands,Taxed,Passed,2000000,False,LNG Carrier,Houston,Other Non-USD,220000000,1.25,2750000,0,0,0,4750000,200000000,420000000,Oceania,1.3970588235294117
469,2026-04-14,Eastern Titan 29,400743469,Greece,Taxed,Passed,2000000,False,Crude Oil Tanker,Mumbai,Tether (USDT) / Yuan,140000000,1.25,1750000,0,0,0,3750000,240000000,380000000,Europe,1.875
470,2026-04-14,Iron Carrier 48,528391997,Germany,Blocked,Rerouted,0,True,Container Ship,Mumbai,N/A (Exempt/Diplomatic),110000000,0.15,165000,12,1800,2022000,2187000,150000000,260000000,Europe,145.8
471,2026-04-14,Red Leader 80,377592227,Marshall Islands,Taxed,Passed,2000000,False,Crude Oil Tanker,Singapore,Other Non-USD,140000000,1.25,1750000,0,0,0,3750000,240000000,380000000,Oceania,1.875
472,2026-04-14,Ocean Express 80,360727741,Iran,Privileged,Passed,0,False,LNG Carrier,Hidden/Private,N/A (Exempt/Diplomatic),220000000,0.05,110000,0,0,0,110000,200000000,420000000,Asia,0.0323529411764705
473,2026-04-14,Golden Spirit 30,597945315,Israel,Blocked,Blocked/Waiting (Anchored off Oman),0,False,Bulk Carrier,Singapore,N/A (Exempt/Diplomatic),45000000,0.5,225000,0,0,0,225000,50000000,95000000,Asia,0.035
474,2026-04-14,Red Spirit 39,319681170,China,Privileged,Passed,0,False,Bulk Carrier,Hidden/Private,N/A (Exempt/Diplomatic),45000000,0.05,22500,0,0,0,22500,50000000,95000000,Asia,0.035
475,2026-04-14,Northern Titan 68,201742315,Turkey,Taxed,Rerouted,0,True,Crude Oil Tanker,Houston,N/A (Exempt/Diplomatic),140000000,0.15,210000,12,1200,1548000,1758000,240000000,380000000,Asia,0.879
476,2026-04-14,Global Express 41,558057151,Iran,Privileged,Passed,0,False,LNG Carrier,Hidden/Private,N/A (Exempt/Diplomatic),220000000,0.05,110000,0,0,0,110000,200000000,420000000,Asia,0.0323529411764705
477,2026-04-14,Northern Titan 69,558403064,Germany,Blocked,Rerouted,0,True,Bulk Carrier,Rotterdam,N/A (Exempt/Diplomatic),45000000,0.15,67500,12,480,607200,674700,50000000,95000000,Europe,0.035
478,2026-04-14,Iron Trader 83,404215510,Norway,Blocked,Rerouted,0,True,Container Ship,Houston,N/A (Exempt/Diplomatic),110000000,0.15,165000,12,1800,2022000,2187000,150000000,260000000,Europe,145.8
479,2026-04-14,Ocean Trader 16,662301106,Iran,Privileged,Passed,0,False,Bulk Carrier,Hidden/Private,N/A (Exempt/Diplomatic),45000000,0.05,22500,0,0,0,22500,50000000,95000000,Asia,0.035
480,2026-04-14,Golden Carrier 98,299401567,India,Taxed,Passed,2000000,False,Crude Oil Tanker,Ningbo,Other Non-USD,140000000,1.25,1750000,0,0,0,3750000,240000000,380000000,Asia,1.875
481,2026-04-14,Ocean Trader 40,289287596,UK,Blocked,Blocked/Waiting (Anchored off Oman),0,False,Container Ship,Mumbai,N/A (Exempt/Diplomatic),110000000,0.5,550000,0,0,0,550000,150000000,260000000,Europe,36.66666666666666
482,2026-04-14,Northern Leader 66,562724611,India,Taxed,Passed,2000000,False,Bulk Carrier,Houston,Other Non-USD,45000000,1.25,562500,0,0,0,2562500,50000000,95000000,Asia,0.035
483,2026-04-14,Golden Express 24,565990466,Turkey,Taxed,Passed,2000000,False,LNG Carrier,Ningbo,Other Non-USD,220000000,1.25,2750000,0,0,0,4750000,200000000,420000000,Asia,1.3970588235294117
484,2026-04-14,Ocean Star 84,455973885,Germany,Blocked,Rerouted,0,True,Container Ship,Houston,N/A (Exempt/Diplomatic),110000000,0.15,165000,12,1800,2022000,2187000,150000000,260000000,Europe,145.8
485,2026-04-14,Red Leader 99,358728676,Iraq,Privileged,Passed,0,False,Crude Oil Tanker,Hidden/Private,N/A (Exempt/Diplomatic),140000000,0.05,70000,0,0,0,70000,240000000,380000000,Asia,0.035
486,2026-04-15,Iron Express 48,651867790,Germany,Blocked,Rerouted,0,True,Bulk Carrier,Singapore,N/A (Exempt/Diplomatic),45000000,0.15,67500,12,480,607200,674700,50000000,95000000,Europe,0.035
487,2026-04-15,Golden Carrier 57,454079790,Germany,Blocked,Blocked/Waiting (Anchored off Oman),0,False,Bulk Carrier,Mumbai,N/A (Exempt/Diplomatic),45000000,0.5,225000,0,0,0,225000,50000000,95000000,Europe,0.035
488,2026-04-15,Eastern Leader 42,686048824,Russia,Privileged,Passed,0,False,Crude Oil Tanker,Hidden/Private,N/A (Exempt/Diplomatic),140000000,0.05,70000,0,0,0,70000,240000000,380000000,Eurasia,0.035
489,2026-04-15,Red Carrier 94,539807534,Liberia,Taxed,Passed,2000000,False,Bulk Carrier,Rotterdam,Other Non-USD,45000000,1.25,562500,0,0,0,2562500,50000000,95000000,Africa,0.035
490,2026-04-15,Eastern Carrier 50,605471762,Israel,Blocked,Rerouted,0,True,Bulk Carrier,Houston,N/A (Exempt/Diplomatic),45000000,0.15,67500,12,480,607200,674700,50000000,95000000,Asia,0.035
491,2026-04-15,Global Leader 95,403552071,Greece,Taxed,Passed,2000000,False,Crude Oil Tanker,Houston,Tether (USDT) / Yuan,140000000,1.25,1750000,0,0,0,3750000,240000000,380000000,Europe,1.875
492,2026-04-15,Eastern Spirit 72,210456496,Iran,Privileged,Passed,0,False,Container Ship,Hidden/Private,N/A (Exempt/Diplomatic),110000000,0.05,55000,0,0,0,55000,150000000,260000000,Asia,3.6666666666666665
493,2026-04-15,Northern Star 79,227963244,Marshall Islands,Taxed,Rerouted,0,True,Container Ship,Ningbo,N/A (Exempt/Diplomatic),110000000,0.15,165000,12,1800,2022000,2187000,150000000,260000000,Oceania,145.8
494,2026-04-15,Northern Titan 69,558403064,Germany,Blocked,Blocked/Waiting (Anchored off Oman),0,False,LNG Carrier,Rotterdam,N/A (Exempt/Diplomatic),220000000,0.5,1100000,0,0,0,1100000,200000000,420000000,Europe,0.3235294117647059
495,2026-04-15,Eastern Carrier 89,321164857,Germany,Blocked,Rerouted,0,True,Crude Oil Tanker,Ningbo,N/A (Exempt/Diplomatic),140000000,0.15,210000,12,1200,1548000,1758000,240000000,380000000,Europe,0.879
496,2026-04-15,Golden Carrier 29,346215835,Panama,Taxed,Rerouted,0,True,Bulk Carrier,Singapore,N/A (Exempt/Diplomatic),45000000,0.15,67500,12,480,607200,674700,50000000,95000000,North America,0.035
497,2026-04-15,Global Express 18,619421299,Russia,Privileged,Passed,0,False,LNG Carrier,Hidden/Private,N/A (Exempt/Diplomatic),220000000,0.05,110000,0,0,0,110000,200000000,420000000,Eurasia,0.0323529411764705
498,2026-04-15,Ocean Express 80,360727741,Iran,Privileged,Passed,0,False,Container Ship,Hidden/Private,N/A (Exempt/Diplomatic),110000000,0.05,55000,0,0,0,55000,150000000,260000000,Asia,3.6666666666666665
499,2026-04-15,Iron Star 78,611154230,Iraq,Privileged,Passed,0,False,LNG Carrier,Hidden/Private,N/A (Exempt/Diplomatic),220000000,0.05,110000,0,0,0,110000,200000000,420000000,Asia,0.0323529411764705
500,2026-04-15,Iron Express 23,405375523,Russia,Privileged,Passed,0,False,Container Ship,Hidden/Private,N/A (Exempt/Diplomatic),110000000,0.05,55000,0,0,0,55000,150000000,260000000,Eurasia,3.6666666666666665
501,2026-04-15,Iron Star 41,307030950,China,Privileged,Passed,0,False,Container Ship,Hidden/Private,N/A (Exempt/Diplomatic),110000000,0.05,55000,0,0,0,55000,150000000,260000000,Asia,3.6666666666666665
502,2026-04-15,Northern Spirit 19,205001198,Israel,Blocked,Blocked/Waiting (Anchored off Oman),0,False,Crude Oil Tanker,Ningbo,N/A (Exempt/Diplomatic),140000000,0.5,700000,0,0,0,700000,240000000,380000000,Asia,0.35
503,2026-04-15,Golden Leader 27,665387276,Israel,Blocked,Rerouted,0,True,Bulk Carrier,Singapore,N/A (Exempt/Diplomatic),45000000,0.15,67500,12,480,607200,674700,50000000,95000000,Asia,0.035
504,2026-04-15,Ocean Express 64,645252867,Turkey,Taxed,Passed,2000000,False,Bulk Carrier,Ningbo,Other Non-USD,45000000,1.25,562500,0,0,0,2562500,50000000,95000000,Asia,0.035
505,2026-04-15,Global Titan 99,478076450,Israel,Blocked,Rerouted,0,True,Bulk Carrier,Houston,N/A (Exempt/Diplomatic),45000000,0.15,67500,12,480,607200,674700,50000000,95000000,Asia,0.035
506,2026-04-15,Ocean Carrier 41,692562960,Iran,Privileged,Passed,0,False,Bulk Carrier,Hidden/Private,N/A (Exempt/Diplomatic),45000000,0.05,22500,0,0,0,22500,50000000,95000000,Asia,0.035
507,2026-04-15,Northern Express 40,347423381,Israel,Blocked,Rerouted,0,True,Bulk Carrier,Houston,N/A (Exempt/Diplomatic),45000000,0.15,67500,12,480,607200,674700,50000000,95000000,Asia,0.035
508,2026-04-15,Northern Leader 90,509060961,India,Taxed,Passed,2000000,False,LNG Carrier,Mumbai,Other Non-USD,220000000,1.25,2750000,0,0,0,4750000,200000000,420000000,Asia,1.3970588235294117
509,2026-04-16,Global Titan 34,487916220,Israel,Blocked,Rerouted,0,True,Container Ship,Ningbo,N/A (Exempt/Diplomatic),110000000,0.15,165000,12,1800,2022000,2187000,150000000,260000000,Asia,145.8
510,2026-04-16,Northern Spirit 19,205001198,Israel,Blocked,Rerouted,0,True,Bulk Carrier,Houston,N/A (Exempt/Diplomatic),45000000,0.15,67500,12,480,607200,674700,50000000,95000000,Asia,0.035
511,2026-04-16,Global Titan 82,363120451,Pakistan,Privileged,Passed,0,False,Bulk Carrier,Hidden/Private,N/A (Exempt/Diplomatic),45000000,0.05,22500,0,0,0,22500,50000000,95000000,Asia,0.035
512,2026-04-16,Eastern Star 63,552924530,Germany,Blocked,Rerouted,0,True,LNG Carrier,Ningbo,N/A (Exempt/Diplomatic),220000000,0.15,330000,12,1800,2658000,2988000,200000000,420000000,Europe,0.8788235294117647
513,2026-04-16,Northern Trader 12,249957637,Panama,Taxed,Rerouted,0,True,LNG Carrier,Ningbo,N/A (Exempt/Diplomatic),220000000,0.15,330000,12,1800,2658000,2988000,200000000,420000000,North America,0.8788235294117647
514,2026-04-16,Global Star 22,553788671,UK,Blocked,Rerouted,0,True,Container Ship,Mumbai,N/A (Exempt/Diplomatic),110000000,0.15,165000,12,1800,2022000,2187000,150000000,260000000,Europe,145.8
515,2026-04-16,Red Spirit 86,576445159,Turkey,Taxed,Passed,2000000,False,Crude Oil Tanker,Ningbo,Other Non-USD,140000000,1.25,1750000,0,0,0,3750000,240000000,380000000,Asia,1.875
516,2026-04-16,Ocean Trader 18,415128168,Norway,Blocked,Rerouted,0,True,LNG Carrier,Singapore,N/A (Exempt/Diplomatic),220000000,0.15,330000,12,1800,2658000,2988000,200000000,420000000,Europe,0.8788235294117647
517,2026-04-16,Northern Leader 90,509060961,India,Taxed,Passed,2000000,False,Container Ship,Singapore,Other Non-USD,110000000,1.25,1375000,0,0,0,3375000,150000000,260000000,Asia,225.0
518,2026-04-16,Ocean Express 80,360727741,Iran,Privileged,Passed,0,False,LNG Carrier,Hidden/Private,N/A (Exempt/Diplomatic),220000000,0.05,110000,0,0,0,110000,200000000,420000000,Asia,0.0323529411764705
519,2026-04-16,Ocean Trader 40,561204424,Panama,Taxed,Passed,2000000,False,Bulk Carrier,Mumbai,Other Non-USD,45000000,1.25,562500,0,0,0,2562500,50000000,95000000,North America,0.035
520,2026-04-16,Eastern Express 64,501134582,China,Privileged,Passed,0,False,Bulk Carrier,Hidden/Private,N/A (Exempt/Diplomatic),45000000,0.05,22500,0,0,0,22500,50000000,95000000,Asia,0.035
521,2026-04-16,Iron Trader 83,404215510,Norway,Blocked,Rerouted,0,True,Crude Oil Tanker,Houston,N/A (Exempt/Diplomatic),140000000,0.15,210000,12,1200,1548000,1758000,240000000,380000000,Europe,0.879
522,2026-04-16,Golden Leader 44,364616964,Turkey,Taxed,Rerouted,0,True,Crude Oil Tanker,Ningbo,N/A (Exempt/Diplomatic),140000000,0.15,210000,12,1200,1548000,1758000,240000000,380000000,Asia,0.879
523,2026-04-16,Ocean Trader 33,236787109,Pakistan,Privileged,Passed,0,False,Container Ship,Hidden/Private,N/A (Exempt/Diplomatic),110000000,0.05,55000,0,0,0,55000,150000000,260000000,Asia,3.6666666666666665
524,2026-04-16,Ocean Carrier 90,568535587,Russia,Privileged,Passed,0,False,LNG Carrier,Hidden/Private,N/A (Exempt/Diplomatic),220000000,0.05,110000,0,0,0,110000,200000000,420000000,Eurasia,0.0323529411764705
525,2026-04-16,Golden Express 24,565990466,Turkey,Taxed,Passed,2000000,False,Crude Oil Tanker,Singapore,Other Non-USD,140000000,1.25,1750000,0,0,0,3750000,240000000,380000000,Asia,1.875
526,2026-04-16,Northern Titan 44,433987659,Norway,Blocked,Rerouted,0,True,LNG Carrier,Mumbai,N/A (Exempt/Diplomatic),220000000,0.15,330000,12,1800,2658000,2988000,200000000,420000000,Europe,0.8788235294117647
527,2026-04-16,Global Trader 69,505935698,USA,Blocked,Blocked/Waiting (Anchored off Oman),0,False,Crude Oil Tanker,Mumbai,N/A (Exempt/Diplomatic),140000000,0.5,700000,0,0,0,700000,240000000,380000000,North America,0.35
528,2026-04-16,Global Titan 59,572561470,Iraq,Privileged,Passed,0,False,Crude Oil Tanker,Hidden/Private,N/A (Exempt/Diplomatic),140000000,0.05,70000,0,0,0,70000,240000000,380000000,Asia,0.035
529,2026-04-16,Iron Titan 32,673206722,UK,Blocked,Blocked/Waiting (Anchored off Oman),0,False,Bulk Carrier,Mumbai,N/A (Exempt/Diplomatic),45000000,0.5,225000,0,0,0,225000,50000000,95000000,Europe,0.035
530,2026-04-16,Iron Leader 38,307144846,Israel,Blocked,Rerouted,0,True,Container Ship,Ningbo,N/A (Exempt/Diplomatic),110000000,0.15,165000,12,1800,2022000,2187000,150000000,260000000,Asia,145.8
531,2026-04-16,Golden Spirit 30,597945315,Israel,Blocked,Blocked/Waiting (Anchored off Oman),0,False,Container Ship,Mumbai,N/A (Exempt/Diplomatic),110000000,0.5,550000,0,0,0,550000,150000000,260000000,Asia,36.66666666666666
532,2026-04-16,Eastern Trader 77,693112443,China,Privileged,Passed,0,False,LNG Carrier,Hidden/Private,N/A (Exempt/Diplomatic),220000000,0.05,110000,0,0,0,110000,200000000,420000000,Asia,0.0323529411764705
533,2026-04-16,Red Spirit 36,559556395,Liberia,Taxed,Passed,2000000,False,Bulk Carrier,Ningbo,Other Non-USD,45000000,1.25,562500,0,0,0,2562500,50000000,95000000,Africa,0.035
534,2026-04-16,Iron Spirit 87,342013556,Russia,Privileged,Passed,0,False,Container Ship,Hidden/Private,N/A (Exempt/Diplomatic),110000000,0.05,55000,0,0,0,55000,150000000,260000000,Eurasia,3.6666666666666665
535,2026-04-16,Golden Carrier 98,299401567,India,Taxed,Passed,2000000,False,LNG Carrier,Rotterdam,Other Non-USD,220000000,1.25,2750000,0,0,0,4750000,200000000,420000000,Asia,1.3970588235294117
536,2026-04-16,Golden Spirit 17,322969247,Russia,Privileged,Passed,0,False,Bulk Carrier,Hidden/Private,N/A (Exempt/Diplomatic),45000000,0.05,22500,0,0,0,22500,50000000,95000000,Eurasia,0.035
537,2026-04-16,Eastern Star 76,302572638,Pakistan,Privileged,Passed,0,False,Bulk Carrier,Hidden/Private,N/A (Exempt/Diplomatic),45000000,0.05,22500,0,0,0,22500,50000000,95000000,Asia,0.035
538,2026-04-16,Eastern Spirit 94,655274738,Iran,Privileged,Passed,0,False,LNG Carrier,Hidden/Private,N/A (Exempt/Diplomatic),220000000,0.05,110000,0,0,0,110000,200000000,420000000,Asia,0.0323529411764705
539,2026-04-16,Ocean Trader 63,641485549,Norway,Blocked,Rerouted,0,True,Container Ship,Singapore,N/A (Exempt/Diplomatic),110000000,0.15,165000,12,1800,2022000,2187000,150000000,260000000,Europe,145.8
540,2026-04-17,Global Carrier 50,314153005,Norway,Blocked,Blocked/Waiting (Anchored off Oman),0,False,Bulk Carrier,Rotterdam,N/A (Exempt/Diplomatic),45000000,0.5,225000,0,0,0,225000,50000000,95000000,Europe,0.035
541,2026-04-17,Red Spirit 39,319681170,China,Privileged,Passed,0,False,Bulk Carrier,Hidden/Private,N/A (Exempt/Diplomatic),45000000,0.05,22500,0,0,0,22500,50000000,95000000,Asia,0.035
542,2026-04-17,Northern Leader 85,344093758,Liberia,Taxed,Passed,2000000,False,LNG Carrier,Ningbo,Other Non-USD,220000000,1.25,2750000,0,0,0,4750000,200000000,420000000,Africa,1.3970588235294117
543,2026-04-17,Global Titan 81,489361229,Turkey,Taxed,Passed,2000000,False,Container Ship,Ningbo,Other Non-USD,110000000,1.25,1375000,0,0,0,3375000,150000000,260000000,Asia,225.0
544,2026-04-17,Ocean Spirit 12,515845836,UAE,Taxed,Passed,2000000,False,Bulk Carrier,Singapore,Other Non-USD,45000000,1.25,562500,0,0,0,2562500,50000000,95000000,Asia,0.035
545,2026-04-17,Iron Express 48,651867790,Germany,Blocked,Rerouted,0,True,Container Ship,Houston,N/A (Exempt/Diplomatic),110000000,0.15,165000,12,1800,2022000,2187000,150000000,260000000,Europe,145.8
546,2026-04-17,Ocean Trader 40,561204424,Panama,Taxed,Passed,2000000,False,LNG Carrier,Ningbo,Other Non-USD,220000000,1.25,2750000,0,0,0,4750000,200000000,420000000,North America,1.3970588235294117
547,2026-04-17,Global Spirit 24,677660874,Iran,Privileged,Passed,0,False,Crude Oil Tanker,Hidden/Private,N/A (Exempt/Diplomatic),140000000,0.05,70000,0,0,0,70000,240000000,380000000,Asia,0.035
548,2026-04-17,Ocean Titan 58,201157156,USA,Blocked,Rerouted,0,True,Bulk Carrier,Rotterdam,N/A (Exempt/Diplomatic),45000000,0.15,67500,12,480,607200,674700,50000000,95000000,North America,0.035
549,2026-04-17,Global Titan 27,595389973,Iran,Privileged,Passed,0,False,Crude Oil Tanker,Hidden/Private,N/A (Exempt/Diplomatic),140000000,0.05,70000,0,0,0,70000,240000000,380000000,Asia,0.035
550,2026-04-17,Global Titan 47,316877277,Russia,Privileged,Passed,0,False,Crude Oil Tanker,Hidden/Private,N/A (Exempt/Diplomatic),140000000,0.05,70000,0,0,0,70000,240000000,380000000,Eurasia,0.035
551,2026-04-17,Ocean Titan 52,620040549,UK,Blocked,Blocked/Waiting (Anchored off Oman),0,False,LNG Carrier,Houston,N/A (Exempt/Diplomatic),220000000,0.5,1100000,0,0,0,1100000,200000000,420000000,Europe,0.3235294117647059
552,2026-04-17,Ocean Express 79,648838894,China,Privileged,Passed,0,False,LNG Carrier,Hidden/Private,N/A (Exempt/Diplomatic),220000000,0.05,110000,0,0,0,110000,200000000,420000000,Asia,0.0323529411764705
553,2026-04-17,Golden Spirit 74,366045938,UK,Blocked,Rerouted,0,True,Container Ship,Rotterdam,N/A (Exempt/Diplomatic),110000000,0.15,165000,12,1800,2022000,2187000,150000000,260000000,Europe,145.8
554,2026-04-17,Ocean Star 84,455973885,Germany,Blocked,Rerouted,0,True,Container Ship,Rotterdam,N/A (Exempt/Diplomatic),110000000,0.15,165000,12,1800,2022000,2187000,150000000,260000000,Europe,145.8
555,2026-04-17,Eastern Titan 53,309305473,Turkey,Taxed,Passed,2000000,False,Container Ship,Rotterdam,Other Non-USD,110000000,1.25,1375000,0,0,0,3375000,150000000,260000000,Asia,225.0
556,2026-04-17,Eastern Carrier 22,239331548,India,Taxed,Passed,2000000,False,Container Ship,Singapore,Other Non-USD,110000000,1.25,1375000,0,0,0,3375000,150000000,260000000,Asia,225.0
557,2026-04-17,Eastern Carrier 13,686903727,USA,Blocked,Rerouted,0,True,Container Ship,Mumbai,N/A (Exempt/Diplomatic),110000000,0.15,165000,12,1800,2022000,2187000,150000000,260000000,North America,145.8
558,2026-04-17,Northern Titan 44,433987659,Norway,Blocked,Rerouted,0,True,Container Ship,Mumbai,N/A (Exempt/Diplomatic),110000000,0.15,165000,12,1800,2022000,2187000,150000000,260000000,Europe,145.8
559,2026-04-17,Golden Express 79,246674928,UK,Blocked,Blocked/Waiting (Anchored off Oman),0,False,LNG Carrier,Houston,N/A (Exempt/Diplomatic),220000000,0.5,1100000,0,0,0,1100000,200000000,420000000,Europe,0.3235294117647059
560,2026-04-17,Red Titan 56,296336946,Panama,Taxed,Rerouted,0,True,Container Ship,Mumbai,N/A (Exempt/Diplomatic),110000000,0.15,165000,12,1800,2022000,2187000,150000000,260000000,North America,145.8
561,2026-04-17,Ocean Trader 63,641485549,Norway,Blocked,Rerouted,0,True,Crude Oil Tanker,Rotterdam,N/A (Exempt/Diplomatic),140000000,0.15,210000,12,1200,1548000,1758000,240000000,380000000,Europe,0.879
562,2026-04-17,Northern Titan 15,365494940,Marshall Islands,Taxed,Passed,2000000,False,Container Ship,Rotterdam,Other Non-USD,110000000,1.25,1375000,0,0,0,3375000,150000000,260000000,Oceania,225.0
563,2026-04-17,Global Express 71,348444607,Germany,Blocked,Rerouted,0,True,LNG Carrier,Ningbo,N/A (Exempt/Diplomatic),220000000,0.15,330000,12,1800,2658000,2988000,200000000,420000000,Europe,0.8788235294117647
564,2026-04-17,Iron Star 58,349235943,Israel,Blocked,Rerouted,0,True,Container Ship,Mumbai,N/A (Exempt/Diplomatic),110000000,0.15,165000,12,1800,2022000,2187000,150000000,260000000,Asia,145.8
565,2026-04-17,Golden Spirit 88,633898650,Norway,Blocked,Blocked/Waiting (Anchored off Oman),0,False,Container Ship,Singapore,N/A (Exempt/Diplomatic),110000000,0.5,550000,0,0,0,550000,150000000,260000000,Europe,36.66666666666666
566,2026-04-17,Eastern Spirit 80,662127581,China,Privileged,Passed,0,False,Container Ship,Hidden/Private,N/A (Exempt/Diplomatic),110000000,0.05,55000,0,0,0,55000,150000000,260000000,Asia,3.6666666666666665
567,2026-04-17,Northern Leader 66,562724611,India,Taxed,Passed,2000000,False,LNG Carrier,Mumbai,Other Non-USD,220000000,1.25,2750000,0,0,0,4750000,200000000,420000000,Asia,1.3970588235294117
568,2026-04-17,Eastern Spirit 26,387372691,Pakistan,Privileged,Passed,0,False,Crude Oil Tanker,Hidden/Private,N/A (Exempt/Diplomatic),140000000,0.05,70000,0,0,0,70000,240000000,380000000,Asia,0.035
569,2026-04-17,Global Carrier 20,245984845,Norway,Blocked,Rerouted,0,True,Container Ship,Houston,N/A (Exempt/Diplomatic),110000000,0.15,165000,12,1800,2022000,2187000,150000000,260000000,Europe,145.8
570,2026-04-17,Golden Titan 61,376234293,Turkey,Taxed,Rerouted,0,True,LNG Carrier,Rotterdam,N/A (Exempt/Diplomatic),220000000,0.15,330000,12,1800,2658000,2988000,200000000,420000000,Asia,0.8788235294117647
571,2026-04-17,Iron Trader 23,617911275,UK,Blocked,Rerouted,0,True,Bulk Carrier,Singapore,N/A (Exempt/Diplomatic),45000000,0.15,67500,12,480,607200,674700,50000000,95000000,Europe,0.035
572,2026-04-18,Northern Express 40,347423381,Israel,Blocked,Rerouted,0,True,Crude Oil Tanker,Ningbo,N/A (Exempt/Diplomatic),140000000,0.15,210000,12,1200,1548000,1758000,240000000,380000000,Asia,0.879
573,2026-04-18,Iron Titan 32,673206722,UK,Blocked,Rerouted,0,True,Bulk Carrier,Ningbo,N/A (Exempt/Diplomatic),45000000,0.15,67500,12,480,607200,674700,50000000,95000000,Europe,0.035
574,2026-04-18,Global Leader 33,349542787,Israel,Blocked,Blocked/Waiting (Anchored off Oman),0,False,Bulk Carrier,Houston,N/A (Exempt/Diplomatic),45000000,0.5,225000,0,0,0,225000,50000000,95000000,Asia,0.035
575,2026-04-18,Ocean Titan 58,201157156,USA,Blocked,Rerouted,0,True,Bulk Carrier,Ningbo,N/A (Exempt/Diplomatic),45000000,0.15,67500,12,480,607200,674700,50000000,95000000,North America,0.035
576,2026-04-18,Eastern Carrier 48,418009946,China,Privileged,Passed,0,False,Bulk Carrier,Hidden/Private,N/A (Exempt/Diplomatic),45000000,0.05,22500,0,0,0,22500,50000000,95000000,Asia,0.035
577,2026-04-18,Golden Spirit 30,597945315,Israel,Blocked,Blocked/Waiting (Anchored off Oman),0,False,LNG Carrier,Singapore,N/A (Exempt/Diplomatic),220000000,0.5,1100000,0,0,0,1100000,200000000,420000000,Asia,0.3235294117647059
578,2026-04-18,Red Trader 49,328554982,Russia,Privileged,Passed,0,False,Bulk Carrier,Hidden/Private,N/A (Exempt/Diplomatic),45000000,0.05,22500,0,0,0,22500,50000000,95000000,Eurasia,0.035
579,2026-04-18,Ocean Trader 33,236787109,Pakistan,Privileged,Passed,0,False,Bulk Carrier,Hidden/Private,N/A (Exempt/Diplomatic),45000000,0.05,22500,0,0,0,22500,50000000,95000000,Asia,0.035
580,2026-04-18,Eastern Titan 10,238114122,Russia,Privileged,Passed,0,False,Crude Oil Tanker,Hidden/Private,N/A (Exempt/Diplomatic),140000000,0.05,70000,0,0,0,70000,240000000,380000000,Eurasia,0.035
581,2026-04-18,Global Star 34,369408512,Iran,Privileged,Passed,0,False,LNG Carrier,Hidden/Private,N/A (Exempt/Diplomatic),220000000,0.05,110000,0,0,0,110000,200000000,420000000,Asia,0.0323529411764705
582,2026-04-18,Global Express 30,625244369,UK,Blocked,Rerouted,0,True,Container Ship,Houston,N/A (Exempt/Diplomatic),110000000,0.15,165000,12,1800,2022000,2187000,150000000,260000000,Europe,145.8
583,2026-04-18,Red Spirit 29,315595695,Liberia,Taxed,Passed,2000000,False,Bulk Carrier,Singapore,Other Non-USD,45000000,1.25,562500,0,0,0,2562500,50000000,95000000,Africa,0.035
584,2026-04-18,Golden Titan 65,294562809,Germany,Blocked,Rerouted,0,True,Bulk Carrier,Singapore,N/A (Exempt/Diplomatic),45000000,0.15,67500,12,480,607200,674700,50000000,95000000,Europe,0.035
585,2026-04-18,Ocean Star 86,433304641,Marshall Islands,Taxed,Passed,2000000,False,Bulk Carrier,Singapore,Other Non-USD,45000000,1.25,562500,0,0,0,2562500,50000000,95000000,Oceania,0.035
586,2026-04-18,Iron Star 41,307030950,China,Privileged,Passed,0,False,LNG Carrier,Hidden/Private,N/A (Exempt/Diplomatic),220000000,0.05,110000,0,0,0,110000,200000000,420000000,Asia,0.0323529411764705
587,2026-04-18,Eastern Carrier 13,501316148,India,Taxed,Passed,2000000,False,Container Ship,Ningbo,Other Non-USD,110000000,1.25,1375000,0,0,0,3375000,150000000,260000000,Asia,225.0
588,2026-04-18,Ocean Trader 40,289287596,UK,Blocked,Blocked/Waiting (Anchored off Oman),0,False,Bulk Carrier,Ningbo,N/A (Exempt/Diplomatic),45000000,0.5,225000,0,0,0,225000,50000000,95000000,Europe,0.035
589,2026-04-18,Global Trader 70,633521651,UK,Blocked,Blocked/Waiting (Anchored off Oman),0,False,Crude Oil Tanker,Houston,N/A (Exempt/Diplomatic),140000000,0.5,700000,0,0,0,700000,240000000,380000000,Europe,0.35
590,2026-04-18,Red Titan 95,343332624,Pakistan,Privileged,Passed,0,False,Container Ship,Hidden/Private,N/A (Exempt/Diplomatic),110000000,0.05,55000,0,0,0,55000,150000000,260000000,Asia,3.6666666666666665
591,2026-04-18,Golden Carrier 64,682014990,USA,Blocked,Blocked/Waiting (Anchored off Oman),0,False,LNG Carrier,Singapore,N/A (Exempt/Diplomatic),220000000,0.5,1100000,0,0,0,1100000,200000000,420000000,North America,0.3235294117647059
592,2026-04-18,Global Star 43,403529838,Liberia,Taxed,Rerouted,0,True,LNG Carrier,Mumbai,N/A (Exempt/Diplomatic),220000000,0.15,330000,12,1800,2658000,2988000,200000000,420000000,Africa,0.8788235294117647
593,2026-04-18,Eastern Spirit 22,647013948,India,Taxed,Passed,2000000,False,Container Ship,Mumbai,Other Non-USD,110000000,1.25,1375000,0,0,0,3375000,150000000,260000000,Asia,225.0
594,2026-04-18,Golden Spirit 74,366045938,UK,Blocked,Rerouted,0,True,LNG Carrier,Rotterdam,N/A (Exempt/Diplomatic),220000000,0.15,330000,12,1800,2658000,2988000,200000000,420000000,Europe,0.8788235294117647
595,2026-04-18,Global Leader 51,381194227,USA,Blocked,Rerouted,0,True,Crude Oil Tanker,Rotterdam,N/A (Exempt/Diplomatic),140000000,0.15,210000,12,1200,1548000,1758000,240000000,380000000,North America,0.879
596,2026-04-18,Iron Titan 21,349748461,Israel,Blocked,Rerouted,0,True,LNG Carrier,Singapore,N/A (Exempt/Diplomatic),220000000,0.15,330000,12,1800,2658000,2988000,200000000,420000000,Asia,0.8788235294117647
597,2026-04-18,Ocean Carrier 47,645283238,Marshall Islands,Taxed,Rerouted,0,True,Bulk Carrier,Mumbai,N/A (Exempt/Diplomatic),45000000,0.15,67500,12,480,607200,674700,50000000,95000000,Oceania,0.035
598,2026-04-18,Northern Leader 37,664205646,USA,Blocked,Blocked/Waiting (Anchored off Oman),0,False,Crude Oil Tanker,Ningbo,N/A (Exempt/Diplomatic),140000000,0.5,700000,0,0,0,700000,240000000,380000000,North America,0.35
599,2026-04-18,Golden Leader 78,267015535,USA,Blocked,Blocked/Waiting (Anchored off Oman),0,False,Crude Oil Tanker,Singapore,N/A (Exempt/Diplomatic),140000000,0.5,700000,0,0,0,700000,240000000,380000000,North America,0.35
600,2026-04-18,Red Spirit 39,319681170,China,Privileged,Passed,0,False,LNG Carrier,Hidden/Private,N/A (Exempt/Diplomatic),220000000,0.05,110000,0,0,0,110000,200000000,420000000,Asia,0.0323529411764705
601,2026-04-18,Red Leader 18,556609890,Liberia,Taxed,Passed,2000000,False,LNG Carrier,Singapore,Other Non-USD,220000000,1.25,2750000,0,0,0,4750000,200000000,420000000,Africa,1.3970588235294117
602,2026-04-18,Global Trader 19,437904006,Iran,Privileged,Passed,0,False,LNG Carrier,Hidden/Private,N/A (Exempt/Diplomatic),220000000,0.05,110000,0,0,0,110000,200000000,420000000,Asia,0.0323529411764705
603,2026-04-18,Red Spirit 79,243259801,Iraq,Privileged,Passed,0,False,Bulk Carrier,Hidden/Private,N/A (Exempt/Diplomatic),45000000,0.05,22500,0,0,0,22500,50000000,95000000,Asia,0.035
604,2026-04-18,Golden Express 92,252837693,Russia,Privileged,Passed,0,False,Bulk Carrier,Hidden/Private,N/A (Exempt/Diplomatic),45000000,0.05,22500,0,0,0,22500,50000000,95000000,Eurasia,0.035
605,2026-04-19,Northern Express 40,347423381,Israel,Blocked,Rerouted,0,True,LNG Carrier,Singapore,N/A (Exempt/Diplomatic),220000000,0.15,330000,12,1800,2658000,2988000,200000000,420000000,Asia,0.8788235294117647
606,2026-04-19,Golden Spirit 18,471635630,Liberia,Taxed,Passed,2000000,False,Bulk Carrier,Mumbai,Other Non-USD,45000000,1.25,562500,0,0,0,2562500,50000000,95000000,Africa,0.035
607,2026-04-19,Eastern Star 57,512732442,Iraq,Privileged,Passed,0,False,Container Ship,Hidden/Private,N/A (Exempt/Diplomatic),110000000,0.05,55000,0,0,0,55000,150000000,260000000,Asia,3.6666666666666665
608,2026-04-19,Eastern Spirit 26,387372691,Pakistan,Privileged,Passed,0,False,Container Ship,Hidden/Private,N/A (Exempt/Diplomatic),110000000,0.05,55000,0,0,0,55000,150000000,260000000,Asia,3.6666666666666665
609,2026-04-19,Global Titan 47,316877277,Russia,Privileged,Passed,0,False,Container Ship,Hidden/Private,N/A (Exempt/Diplomatic),110000000,0.05,55000,0,0,0,55000,150000000,260000000,Eurasia,3.6666666666666665
610,2026-04-19,Northern Titan 15,365494940,Marshall Islands,Taxed,Rerouted,0,True,Bulk Carrier,Ningbo,N/A (Exempt/Diplomatic),45000000,0.15,67500,12,480,607200,674700,50000000,95000000,Oceania,0.035
611,2026-04-19,Northern Titan 69,558403064,Germany,Blocked,Rerouted,0,True,Container Ship,Ningbo,N/A (Exempt/Diplomatic),110000000,0.15,165000,12,1800,2022000,2187000,150000000,260000000,Europe,145.8
612,2026-04-19,Global Titan 93,569164473,China,Privileged,Passed,0,False,Crude Oil Tanker,Hidden/Private,N/A (Exempt/Diplomatic),140000000,0.05,70000,0,0,0,70000,240000000,380000000,Asia,0.035
613,2026-04-19,Northern Leader 66,562724611,India,Taxed,Passed,2000000,False,Crude Oil Tanker,Rotterdam,Other Non-USD,140000000,1.25,1750000,0,0,0,3750000,240000000,380000000,Asia,1.875
614,2026-04-19,Golden Carrier 64,682014990,USA,Blocked,Rerouted,0,True,Container Ship,Ningbo,N/A (Exempt/Diplomatic),110000000,0.15,165000,12,1800,2022000,2187000,150000000,260000000,North America,145.8
615,2026-04-19,Golden Leader 44,364616964,Turkey,Taxed,Passed,2000000,False,LNG Carrier,Rotterdam,Other Non-USD,220000000,1.25,2750000,0,0,0,4750000,200000000,420000000,Asia,1.3970588235294117
616,2026-04-19,Eastern Leader 31,553717803,Pakistan,Privileged,Passed,0,False,LNG Carrier,Hidden/Private,N/A (Exempt/Diplomatic),220000000,0.05,110000,0,0,0,110000,200000000,420000000,Asia,0.0323529411764705
617,2026-04-19,Ocean Express 80,360727741,Iran,Privileged,Passed,0,False,Crude Oil Tanker,Hidden/Private,N/A (Exempt/Diplomatic),140000000,0.05,70000,0,0,0,70000,240000000,380000000,Asia,0.035
618,2026-04-19,Global Trader 70,633521651,UK,Blocked,Rerouted,0,True,Container Ship,Mumbai,N/A (Exempt/Diplomatic),110000000,0.15,165000,12,1800,2022000,2187000,150000000,260000000,Europe,145.8
619,2026-04-19,Global Express 41,558057151,Iran,Privileged,Passed,0,False,Crude Oil Tanker,Hidden/Private,N/A (Exempt/Diplomatic),140000000,0.05,70000,0,0,0,70000,240000000,380000000,Asia,0.035
620,2026-04-19,Iron Carrier 48,528391997,Germany,Blocked,Rerouted,0,True,Container Ship,Singapore,N/A (Exempt/Diplomatic),110000000,0.15,165000,12,1800,2022000,2187000,150000000,260000000,Europe,145.8
621,2026-04-19,Northern Express 78,377784731,China,Privileged,Passed,0,False,Crude Oil Tanker,Hidden/Private,N/A (Exempt/Diplomatic),140000000,0.05,70000,0,0,0,70000,240000000,380000000,Asia,0.035
622,2026-04-19,Golden Leader 78,267015535,USA,Blocked,Rerouted,0,True,Container Ship,Rotterdam,N/A (Exempt/Diplomatic),110000000,0.15,165000,12,1800,2022000,2187000,150000000,260000000,North America,145.8
623,2026-04-19,Ocean Spirit 48,604518879,USA,Blocked,Rerouted,0,True,Bulk Carrier,Houston,N/A (Exempt/Diplomatic),45000000,0.15,67500,12,480,607200,674700,50000000,95000000,North America,0.035
624,2026-04-19,Northern Express 53,629814830,Iran,Privileged,Passed,0,False,Bulk Carrier,Hidden/Private,N/A (Exempt/Diplomatic),45000000,0.05,22500,0,0,0,22500,50000000,95000000,Asia,0.035
625,2026-04-19,Eastern Trader 77,693112443,China,Privileged,Passed,0,False,Crude Oil Tanker,Hidden/Private,N/A (Exempt/Diplomatic),140000000,0.05,70000,0,0,0,70000,240000000,380000000,Asia,0.035
626,2026-04-19,Eastern Carrier 13,501316148,India,Taxed,Passed,2000000,False,Container Ship,Ningbo,Other Non-USD,110000000,1.25,1375000,0,0,0,3375000,150000000,260000000,Asia,225.0
627,2026-04-19,Ocean Trader 18,415128168,Norway,Blocked,Rerouted,0,True,Crude Oil Tanker,Houston,N/A (Exempt/Diplomatic),140000000,0.15,210000,12,1200,1548000,1758000,240000000,380000000,Europe,0.879
628,2026-04-19,Red Carrier 69,423217093,Russia,Privileged,Passed,0,False,LNG Carrier,Hidden/Private,N/A (Exempt/Diplomatic),220000000,0.05,110000,0,0,0,110000,200000000,420000000,Eurasia,0.0323529411764705
629,2026-04-19,Eastern Carrier 13,686903727,USA,Blocked,Rerouted,0,True,Bulk Carrier,Mumbai,N/A (Exempt/Diplomatic),45000000,0.15,67500,12,480,607200,674700,50000000,95000000,North America,0.035
630,2026-04-19,Golden Titan 69,693675149,Iraq,Privileged,Passed,0,False,Bulk Carrier,Hidden/Private,N/A (Exempt/Diplomatic),45000000,0.05,22500,0,0,0,22500,50000000,95000000,Asia,0.035
631,2026-04-19,Ocean Spirit 32,511701739,Turkey,Taxed,Passed,2000000,False,Crude Oil Tanker,Mumbai,Other Non-USD,140000000,1.25,1750000,0,0,0,3750000,240000000,380000000,Asia,1.875
632,2026-04-19,Global Spirit 60,270264740,Panama,Taxed,Passed,2000000,False,Container Ship,Houston,Other Non-USD,110000000,1.25,1375000,0,0,0,3375000,150000000,260000000,North America,225.0
633,2026-04-19,Red Trader 49,328554982,Russia,Privileged,Passed,0,False,LNG Carrier,Hidden/Private,N/A (Exempt/Diplomatic),220000000,0.05,110000,0,0,0,110000,200000000,420000000,Eurasia,0.0323529411764705
634,2026-04-19,Ocean Carrier 40,349506343,Norway,Blocked,Blocked/Waiting (Anchored off Oman),0,False,LNG Carrier,Mumbai,N/A (Exempt/Diplomatic),220000000,0.5,1100000,0,0,0,1100000,200000000,420000000,Europe,0.3235294117647059
635,2026-04-19,Eastern Titan 53,309305473,Turkey,Taxed,Passed,2000000,False,Crude Oil Tanker,Rotterdam,Other Non-USD,140000000,1.25,1750000,0,0,0,3750000,240000000,380000000,Asia,1.875
636,2026-04-19,Global Leader 33,349542787,Israel,Blocked,Rerouted,0,True,Container Ship,Singapore,N/A (Exempt/Diplomatic),110000000,0.15,165000,12,1800,2022000,2187000,150000000,260000000,Asia,145.8
637,2026-04-19,Iron Titan 32,673206722,UK,Blocked,Rerouted,0,True,Crude Oil Tanker,Rotterdam,N/A (Exempt/Diplomatic),140000000,0.15,210000,12,1200,1548000,1758000,240000000,380000000,Europe,0.879
638,2026-04-20,Global Titan 93,569164473,China,Privileged,Passed,0,False,LNG Carrier,Hidden/Private,N/A (Exempt/Diplomatic),220000000,0.05,110000,0,0,0,110000,200000000,420000000,Asia,0.0323529411764705
639,2026-04-20,Iron Carrier 97,586241038,India,Taxed,Passed,2000000,False,Container Ship,Rotterdam,Other Non-USD,110000000,1.25,1375000,0,0,0,3375000,150000000,260000000,Asia,225.0
640,2026-04-20,Iron Carrier 15,386403601,UK,Blocked,Rerouted,0,True,LNG Carrier,Houston,N/A (Exempt/Diplomatic),220000000,0.15,330000,12,1800,2658000,2988000,200000000,420000000,Europe,0.8788235294117647
641,2026-04-20,Eastern Titan 53,309305473,Turkey,Taxed,Passed,2000000,False,Container Ship,Houston,Other Non-USD,110000000,1.25,1375000,0,0,0,3375000,150000000,260000000,Asia,225.0
642,2026-04-20,Ocean Spirit 48,604518879,USA,Blocked,Rerouted,0,True,LNG Carrier,Rotterdam,N/A (Exempt/Diplomatic),220000000,0.15,330000,12,1800,2658000,2988000,200000000,420000000,North America,0.8788235294117647
643,2026-04-20,Global Titan 81,489361229,Turkey,Taxed,Passed,2000000,False,Bulk Carrier,Rotterdam,Other Non-USD,45000000,1.25,562500,0,0,0,2562500,50000000,95000000,Asia,0.035
644,2026-04-20,Iron Titan 91,348880396,Germany,Blocked,Rerouted,0,True,LNG Carrier,Rotterdam,N/A (Exempt/Diplomatic),220000000,0.15,330000,12,1800,2658000,2988000,200000000,420000000,Europe,0.8788235294117647
645,2026-04-20,Iron Spirit 87,342013556,Russia,Privileged,Passed,0,False,Bulk Carrier,Hidden/Private,N/A (Exempt/Diplomatic),45000000,0.05,22500,0,0,0,22500,50000000,95000000,Eurasia,0.035
646,2026-04-20,Global Leader 33,349542787,Israel,Blocked,Rerouted,0,True,Container Ship,Mumbai,N/A (Exempt/Diplomatic),110000000,0.15,165000,12,1800,2022000,2187000,150000000,260000000,Asia,145.8
647,2026-04-20,Red Leader 62,450731958,Russia,Privileged,Passed,0,False,Crude Oil Tanker,Hidden/Private,N/A (Exempt/Diplomatic),140000000,0.05,70000,0,0,0,70000,240000000,380000000,Eurasia,0.035
648,2026-04-20,Eastern Star 76,302572638,Pakistan,Privileged,Passed,0,False,Bulk Carrier,Hidden/Private,N/A (Exempt/Diplomatic),45000000,0.05,22500,0,0,0,22500,50000000,95000000,Asia,0.035
649,2026-04-20,Iron Trader 63,488954965,UAE,Taxed,Passed,2000000,False,Container Ship,Singapore,Other Non-USD,110000000,1.25,1375000,0,0,0,3375000,150000000,260000000,Asia,225.0
650,2026-04-20,Red Carrier 94,539807534,Liberia,Taxed,Rerouted,0,True,Container Ship,Singapore,N/A (Exempt/Diplomatic),110000000,0.15,165000,12,1800,2022000,2187000,150000000,260000000,Africa,145.8
651,2026-04-20,Iron Carrier 30,230536988,Germany,Blocked,Rerouted,0,True,Container Ship,Rotterdam,N/A (Exempt/Diplomatic),110000000,0.15,165000,12,1800,2022000,2187000,150000000,260000000,Europe,145.8
652,2026-04-20,Golden Leader 78,267015535,USA,Blocked,Rerouted,0,True,Bulk Carrier,Ningbo,N/A (Exempt/Diplomatic),45000000,0.15,67500,12,480,607200,674700,50000000,95000000,North America,0.035
653,2026-04-20,Global Leader 58,344927134,UAE,Taxed,Passed,2000000,False,Crude Oil Tanker,Mumbai,Other Non-USD,140000000,1.25,1750000,0,0,0,3750000,240000000,380000000,Asia,1.875
654,2026-04-20,Global Leader 37,390495200,Turkey,Taxed,Rerouted,0,True,LNG Carrier,Singapore,N/A (Exempt/Diplomatic),220000000,0.15,330000,12,1800,2658000,2988000,200000000,420000000,Asia,0.8788235294117647
655,2026-04-20,Golden Trader 40,416775349,Iran,Privileged,Passed,0,False,Bulk Carrier,Hidden/Private,N/A (Exempt/Diplomatic),45000000,0.05,22500,0,0,0,22500,50000000,95000000,Asia,0.035
656,2026-04-20,Global Titan 59,572561470,Iraq,Privileged,Passed,0,False,Bulk Carrier,Hidden/Private,N/A (Exempt/Diplomatic),45000000,0.05,22500,0,0,0,22500,50000000,95000000,Asia,0.035
657,2026-04-20,Ocean Trader 18,415128168,Norway,Blocked,Rerouted,0,True,Crude Oil Tanker,Mumbai,N/A (Exempt/Diplomatic),140000000,0.15,210000,12,1200,1548000,1758000,240000000,380000000,Europe,0.879
658,2026-04-20,Ocean Leader 56,541227155,Israel,Blocked,Rerouted,0,True,Bulk Carrier,Rotterdam,N/A (Exempt/Diplomatic),45000000,0.15,67500,12,480,607200,674700,50000000,95000000,Asia,0.035
659,2026-04-20,Red Spirit 29,315595695,Liberia,Taxed,Rerouted,0,True,LNG Carrier,Singapore,N/A (Exempt/Diplomatic),220000000,0.15,330000,12,1800,2658000,2988000,200000000,420000000,Africa,0.8788235294117647
660,2026-04-20,Northern Express 93,400478606,Israel,Blocked,Rerouted,0,True,Container Ship,Rotterdam,N/A (Exempt/Diplomatic),110000000,0.15,165000,12,1800,2022000,2187000,150000000,260000000,Asia,145.8
661,2026-04-20,Iron Carrier 48,528391997,Germany,Blocked,Rerouted,0,True,Bulk Carrier,Houston,N/A (Exempt/Diplomatic),45000000,0.15,67500,12,480,607200,674700,50000000,95000000,Europe,0.035
662,2026-04-20,Eastern Carrier 13,501316148,India,Taxed,Rerouted,0,True,Bulk Carrier,Singapore,N/A (Exempt/Diplomatic),45000000,0.15,67500,12,480,607200,674700,50000000,95000000,Asia,0.035
663,2026-04-21,Northern Express 78,377784731,China,Privileged,Passed,0,False,Bulk Carrier,Hidden/Private,N/A (Exempt/Diplomatic),45000000,0.05,22500,0,0,0,22500,50000000,95000000,Asia,0.035
664,2026-04-21,Iron Express 41,343240225,Greece,Taxed,Passed,2000000,False,Container Ship,Houston,Tether (USDT) / Yuan,110000000,1.25,1375000,0,0,0,3375000,150000000,260000000,Europe,225.0
665,2026-04-21,Iron Spirit 61,343742291,Pakistan,Privileged,Passed,0,False,LNG Carrier,Hidden/Private,N/A (Exempt/Diplomatic),220000000,0.05,110000,0,0,0,110000,200000000,420000000,Asia,0.0323529411764705
666,2026-04-21,Global Star 34,369408512,Iran,Privileged,Passed,0,False,Container Ship,Hidden/Private,N/A (Exempt/Diplomatic),110000000,0.05,55000,0,0,0,55000,150000000,260000000,Asia,3.6666666666666665
667,2026-04-21,Iron Trader 83,404215510,Norway,Blocked,Rerouted,0,True,Bulk Carrier,Rotterdam,N/A (Exempt/Diplomatic),45000000,0.15,67500,12,480,607200,674700,50000000,95000000,Europe,0.035
668,2026-04-21,Northern Leader 37,664205646,USA,Blocked,Blocked/Waiting (Anchored off Oman),0,False,Bulk Carrier,Houston,N/A (Exempt/Diplomatic),45000000,0.5,225000,0,0,0,225000,50000000,95000000,North America,0.035
669,2026-04-21,Northern Titan 44,433987659,Norway,Blocked,Rerouted,0,True,Bulk Carrier,Singapore,N/A (Exempt/Diplomatic),45000000,0.15,67500,12,480,607200,674700,50000000,95000000,Europe,0.035
670,2026-04-21,Eastern Trader 74,429104699,Israel,Blocked,Rerouted,0,True,LNG Carrier,Mumbai,N/A (Exempt/Diplomatic),220000000,0.15,330000,12,1800,2658000,2988000,200000000,420000000,Asia,0.8788235294117647
671,2026-04-21,Red Carrier 87,427170451,India,Taxed,Passed,2000000,False,LNG Carrier,Singapore,Other Non-USD,220000000,1.25,2750000,0,0,0,4750000,200000000,420000000,Asia,1.3970588235294117
672,2026-04-21,Global Leader 37,390495200,Turkey,Taxed,Passed,2000000,False,Container Ship,Mumbai,Other Non-USD,110000000,1.25,1375000,0,0,0,3375000,150000000,260000000,Asia,225.0
673,2026-04-21,Iron Titan 32,673206722,UK,Blocked,Rerouted,0,True,Container Ship,Houston,N/A (Exempt/Diplomatic),110000000,0.15,165000,12,1800,2022000,2187000,150000000,260000000,Europe,145.8
674,2026-04-21,Ocean Star 80,356839665,Iraq,Privileged,Passed,0,False,LNG Carrier,Hidden/Private,N/A (Exempt/Diplomatic),220000000,0.05,110000,0,0,0,110000,200000000,420000000,Asia,0.0323529411764705
675,2026-04-21,Iron Express 48,651867790,Germany,Blocked,Rerouted,0,True,Bulk Carrier,Singapore,N/A (Exempt/Diplomatic),45000000,0.15,67500,12,480,607200,674700,50000000,95000000,Europe,0.035
676,2026-04-21,Ocean Star 84,455973885,Germany,Blocked,Rerouted,0,True,LNG Carrier,Houston,N/A (Exempt/Diplomatic),220000000,0.15,330000,12,1800,2658000,2988000,200000000,420000000,Europe,0.8788235294117647
677,2026-04-21,Eastern Carrier 22,239331548,India,Taxed,Passed,2000000,False,LNG Carrier,Houston,Other Non-USD,220000000,1.25,2750000,0,0,0,4750000,200000000,420000000,Asia,1.3970588235294117
678,2026-04-21,Golden Carrier 98,299401567,India,Taxed,Rerouted,0,True,Container Ship,Ningbo,N/A (Exempt/Diplomatic),110000000,0.15,165000,12,1800,2022000,2187000,150000000,260000000,Asia,145.8
679,2026-04-21,Golden Express 59,465416722,USA,Blocked,Rerouted,0,True,Bulk Carrier,Rotterdam,N/A (Exempt/Diplomatic),45000000,0.15,67500,12,480,607200,674700,50000000,95000000,North America,0.035
680,2026-04-21,Eastern Trader 77,693112443,China,Privileged,Passed,0,False,Container Ship,Hidden/Private,N/A (Exempt/Diplomatic),110000000,0.05,55000,0,0,0,55000,150000000,260000000,Asia,3.6666666666666665
681,2026-04-21,Golden Trader 56,287324253,Marshall Islands,Taxed,Passed,2000000,False,LNG Carrier,Mumbai,Other Non-USD,220000000,1.25,2750000,0,0,0,4750000,200000000,420000000,Oceania,1.3970588235294117
682,2026-04-21,Global Express 70,495173558,Greece,Taxed,Rerouted,0,True,LNG Carrier,Singapore,N/A (Exempt/Diplomatic),220000000,0.15,330000,12,1800,2658000,2988000,200000000,420000000,Europe,0.8788235294117647
683,2026-04-21,Iron Carrier 97,586241038,India,Taxed,Passed,2000000,False,Crude Oil Tanker,Singapore,Other Non-USD,140000000,1.25,1750000,0,0,0,3750000,240000000,380000000,Asia,1.875
684,2026-04-21,Ocean Trader 33,236787109,Pakistan,Privileged,Passed,0,False,Container Ship,Hidden/Private,N/A (Exempt/Diplomatic),110000000,0.05,55000,0,0,0,55000,150000000,260000000,Asia,3.6666666666666665
685,2026-04-21,Ocean Star 86,433304641,Marshall Islands,Taxed,Passed,2000000,False,Container Ship,Houston,Other Non-USD,110000000,1.25,1375000,0,0,0,3375000,150000000,260000000,Oceania,225.0
686,2026-04-21,Northern Spirit 19,205001198,Israel,Blocked,Rerouted,0,True,Bulk Carrier,Houston,N/A (Exempt/Diplomatic),45000000,0.15,67500,12,480,607200,674700,50000000,95000000,Asia,0.035
687,2026-04-21,Global Trader 35,279110057,China,Privileged,Passed,0,False,Crude Oil Tanker,Hidden/Private,N/A (Exempt/Diplomatic),140000000,0.05,70000,0,0,0,70000,240000000,380000000,Asia,0.035
688,2026-04-21,Global Leader 58,344927134,UAE,Taxed,Rerouted,0,True,LNG Carrier,Mumbai,N/A (Exempt/Diplomatic),220000000,0.15,330000,12,1800,2658000,2988000,200000000,420000000,Asia,0.8788235294117647
689,2026-04-21,Northern Titan 15,365494940,Marshall Islands,Taxed,Rerouted,0,True,Crude Oil Tanker,Houston,N/A (Exempt/Diplomatic),140000000,0.15,210000,12,1200,1548000,1758000,240000000,380000000,Oceania,0.879
690,2026-04-22,Ocean Express 65,200907996,Germany,Blocked,Blocked/Waiting (Anchored off Oman),0,False,LNG Carrier,Mumbai,N/A (Exempt/Diplomatic),220000000,0.5,1100000,0,0,0,1100000,200000000,420000000,Europe,0.3235294117647059
691,2026-04-22,Ocean Trader 16,662301106,Iran,Privileged,Passed,0,False,Bulk Carrier,Hidden/Private,N/A (Exempt/Diplomatic),45000000,0.05,22500,0,0,0,22500,50000000,95000000,Asia,0.035
692,2026-04-22,Golden Express 79,246674928,UK,Blocked,Rerouted,0,True,LNG Carrier,Houston,N/A (Exempt/Diplomatic),220000000,0.15,330000,12,1800,2658000,2988000,200000000,420000000,Europe,0.8788235294117647
693,2026-04-22,Golden Carrier 64,682014990,USA,Blocked,Rerouted,0,True,Container Ship,Rotterdam,N/A (Exempt/Diplomatic),110000000,0.15,165000,12,1800,2022000,2187000,150000000,260000000,North America,145.8
694,2026-04-22,Global Titan 47,316877277,Russia,Privileged,Passed,0,False,Container Ship,Hidden/Private,N/A (Exempt/Diplomatic),110000000,0.05,55000,0,0,0,55000,150000000,260000000,Eurasia,3.6666666666666665
695,2026-04-22,Northern Express 53,629814830,Iran,Privileged,Passed,0,False,Container Ship,Hidden/Private,N/A (Exempt/Diplomatic),110000000,0.05,55000,0,0,0,55000,150000000,260000000,Asia,3.6666666666666665
696,2026-04-22,Ocean Carrier 41,692562960,Iran,Privileged,Passed,0,False,Bulk Carrier,Hidden/Private,N/A (Exempt/Diplomatic),45000000,0.05,22500,0,0,0,22500,50000000,95000000,Asia,0.035
697,2026-04-22,Ocean Star 80,356839665,Iraq,Privileged,Passed,0,False,Crude Oil Tanker,Hidden/Private,N/A (Exempt/Diplomatic),140000000,0.05,70000,0,0,0,70000,240000000,380000000,Asia,0.035
698,2026-04-22,Eastern Carrier 50,605471762,Israel,Blocked,Rerouted,0,True,Crude Oil Tanker,Rotterdam,N/A (Exempt/Diplomatic),140000000,0.15,210000,12,1200,1548000,1758000,240000000,380000000,Asia,0.879
699,2026-04-22,Global Trader 63,409098769,China,Privileged,Passed,0,False,Bulk Carrier,Hidden/Private,N/A (Exempt/Diplomatic),45000000,0.05,22500,0,0,0,22500,50000000,95000000,Asia,0.035
700,2026-04-22,Golden Titan 69,693675149,Iraq,Privileged,Passed,0,False,Crude Oil Tanker,Hidden/Private,N/A (Exempt/Diplomatic),140000000,0.05,70000,0,0,0,70000,240000000,380000000,Asia,0.035
701,2026-04-22,Red Spirit 86,576445159,Turkey,Taxed,Passed,2000000,False,LNG Carrier,Ningbo,Other Non-USD,220000000,1.25,2750000,0,0,0,4750000,200000000,420000000,Asia,1.3970588235294117
702,2026-04-22,Ocean Leader 53,559098790,USA,Blocked,Rerouted,0,True,LNG Carrier,Mumbai,N/A (Exempt/Diplomatic),220000000,0.15,330000,12,1800,2658000,2988000,200000000,420000000,North America,0.8788235294117647
703,2026-04-22,Red Titan 16,335548300,Norway,Blocked,Rerouted,0,True,Container Ship,Ningbo,N/A (Exempt/Diplomatic),110000000,0.15,165000,12,1800,2022000,2187000,150000000,260000000,Europe,145.8
704,2026-04-22,Golden Spirit 74,366045938,UK,Blocked,Rerouted,0,True,LNG Carrier,Ningbo,N/A (Exempt/Diplomatic),220000000,0.15,330000,12,1800,2658000,2988000,200000000,420000000,Europe,0.8788235294117647
705,2026-04-22,Red Trader 81,674666203,UK,Blocked,Rerouted,0,True,Container Ship,Singapore,N/A (Exempt/Diplomatic),110000000,0.15,165000,12,1800,2022000,2187000,150000000,260000000,Europe,145.8
706,2026-04-22,Iron Express 23,405375523,Russia,Privileged,Passed,0,False,Crude Oil Tanker,Hidden/Private,N/A (Exempt/Diplomatic),140000000,0.05,70000,0,0,0,70000,240000000,380000000,Eurasia,0.035
707,2026-04-22,Red Spirit 36,430794441,Liberia,Taxed,Passed,2000000,False,LNG Carrier,Singapore,Other Non-USD,220000000,1.25,2750000,0,0,0,4750000,200000000,420000000,Africa,1.3970588235294117
708,2026-04-22,Global Trader 69,505935698,USA,Blocked,Rerouted,0,True,Container Ship,Rotterdam,N/A (Exempt/Diplomatic),110000000,0.15,165000,12,1800,2022000,2187000,150000000,260000000,North America,145.8
709,2026-04-22,Eastern Carrier 94,214550303,Pakistan,Privileged,Passed,0,False,LNG Carrier,Hidden/Private,N/A (Exempt/Diplomatic),220000000,0.05,110000,0,0,0,110000,200000000,420000000,Asia,0.0323529411764705
710,2026-04-22,Eastern Spirit 22,647013948,India,Taxed,Rerouted,0,True,Crude Oil Tanker,Houston,N/A (Exempt/Diplomatic),140000000,0.15,210000,12,1200,1548000,1758000,240000000,380000000,Asia,0.879
711,2026-04-22,Iron Trader 23,617911275,UK,Blocked,Rerouted,0,True,LNG Carrier,Mumbai,N/A (Exempt/Diplomatic),220000000,0.15,330000,12,1800,2658000,2988000,200000000,420000000,Europe,0.8788235294117647
712,2026-04-22,Eastern Spirit 72,210456496,Iran,Privileged,Passed,0,False,Bulk Carrier,Hidden/Private,N/A (Exempt/Diplomatic),45000000,0.05,22500,0,0,0,22500,50000000,95000000,Asia,0.035
713,2026-04-22,Golden Spirit 30,597945315,Israel,Blocked,Rerouted,0,True,Crude Oil Tanker,Mumbai,N/A (Exempt/Diplomatic),140000000,0.15,210000,12,1200,1548000,1758000,240000000,380000000,Asia,0.879
714,2026-04-22,Global Leader 85,349352498,China,Privileged,Passed,0,False,Container Ship,Hidden/Private,N/A (Exempt/Diplomatic),110000000,0.05,55000,0,0,0,55000,150000000,260000000,Asia,3.6666666666666665
715,2026-04-22,Global Trader 35,279110057,China,Privileged,Passed,0,False,Bulk Carrier,Hidden/Private,N/A (Exempt/Diplomatic),45000000,0.05,22500,0,0,0,22500,50000000,95000000,Asia,0.035
716,2026-04-22,Red Titan 27,473549845,Norway,Blocked,Rerouted,0,True,Container Ship,Houston,N/A (Exempt/Diplomatic),110000000,0.15,165000,12,1800,2022000,2187000,150000000,260000000,Europe,145.8
717,2026-04-22,Global Spirit 60,270264740,Panama,Taxed,Rerouted,0,True,Bulk Carrier,Singapore,N/A (Exempt/Diplomatic),45000000,0.15,67500,12,480,607200,674700,50000000,95000000,North America,0.035
718,2026-04-22,Ocean Spirit 32,511701739,Turkey,Taxed,Passed,2000000,False,Bulk Carrier,Houston,Other Non-USD,45000000,1.25,562500,0,0,0,2562500,50000000,95000000,Asia,0.035
719,2026-04-22,Iron Spirit 61,343742291,Pakistan,Privileged,Passed,0,False,Crude Oil Tanker,Hidden/Private,N/A (Exempt/Diplomatic),140000000,0.05,70000,0,0,0,70000,240000000,380000000,Asia,0.035
720,2026-04-22,Eastern Star 59,404880292,Israel,Blocked,Rerouted,0,True,Bulk Carrier,Rotterdam,N/A (Exempt/Diplomatic),45000000,0.15,67500,12,480,607200,674700,50000000,95000000,Asia,0.035
721,2026-04-23,Eastern Star 59,404880292,Israel,Blocked,Rerouted,0,True,Bulk Carrier,Rotterdam,N/A (Exempt/Diplomatic),45000000,0.15,67500,12,480,607200,674700,50000000,95000000,Asia,0.035
722,2026-04-23,Eastern Leader 25,333093315,UAE,Taxed,Passed,2000000,False,LNG Carrier,Singapore,Other Non-USD,220000000,1.25,2750000,0,0,0,4750000,200000000,420000000,Asia,1.3970588235294117
723,2026-04-23,Red Trader 81,674666203,UK,Blocked,Blocked/Waiting (Anchored off Oman),0,False,Container Ship,Singapore,N/A (Exempt/Diplomatic),110000000,0.5,550000,0,0,0,550000,150000000,260000000,Europe,36.66666666666666
724,2026-04-23,Eastern Star 76,302572638,Pakistan,Privileged,Passed,0,False,Container Ship,Hidden/Private,N/A (Exempt/Diplomatic),110000000,0.05,55000,0,0,0,55000,150000000,260000000,Asia,3.6666666666666665
725,2026-04-23,Eastern Titan 29,400743469,Greece,Taxed,Passed,2000000,False,Container Ship,Singapore,Tether (USDT) / Yuan,110000000,1.25,1375000,0,0,0,3375000,150000000,260000000,Europe,225.0
726,2026-04-23,Ocean Carrier 41,692562960,Iran,Privileged,Passed,0,False,LNG Carrier,Hidden/Private,N/A (Exempt/Diplomatic),220000000,0.05,110000,0,0,0,110000,200000000,420000000,Asia,0.0323529411764705
727,2026-04-23,Iron Express 41,343240225,Greece,Taxed,Rerouted,0,True,Crude Oil Tanker,Ningbo,N/A (Exempt/Diplomatic),140000000,0.15,210000,12,1200,1548000,1758000,240000000,380000000,Europe,0.879
728,2026-04-23,Ocean Star 86,433304641,Marshall Islands,Taxed,Rerouted,0,True,Bulk Carrier,Ningbo,N/A (Exempt/Diplomatic),45000000,0.15,67500,12,480,607200,674700,50000000,95000000,Oceania,0.035
729,2026-04-23,Global Star 43,403529838,Liberia,Taxed,Passed,2000000,False,LNG Carrier,Singapore,Other Non-USD,220000000,1.25,2750000,0,0,0,4750000,200000000,420000000,Africa,1.3970588235294117
730,2026-04-23,Iron Express 48,651867790,Germany,Blocked,Rerouted,0,True,Container Ship,Houston,N/A (Exempt/Diplomatic),110000000,0.15,165000,12,1800,2022000,2187000,150000000,260000000,Europe,145.8
731,2026-04-23,Ocean Leader 53,559098790,USA,Blocked,Rerouted,0,True,Crude Oil Tanker,Mumbai,N/A (Exempt/Diplomatic),140000000,0.15,210000,12,1200,1548000,1758000,240000000,380000000,North America,0.879
732,2026-04-23,Ocean Titan 52,620040549,UK,Blocked,Rerouted,0,True,Bulk Carrier,Houston,N/A (Exempt/Diplomatic),45000000,0.15,67500,12,480,607200,674700,50000000,95000000,Europe,0.035
733,2026-04-23,Golden Trader 50,434287182,Germany,Blocked,Blocked/Waiting (Anchored off Oman),0,False,Crude Oil Tanker,Singapore,N/A (Exempt/Diplomatic),140000000,0.5,700000,0,0,0,700000,240000000,380000000,Europe,0.35
734,2026-04-23,Ocean Spirit 12,515845836,UAE,Taxed,Passed,2000000,False,Container Ship,Rotterdam,Other Non-USD,110000000,1.25,1375000,0,0,0,3375000,150000000,260000000,Asia,225.0
735,2026-04-23,Ocean Titan 70,528175214,Pakistan,Privileged,Passed,0,False,LNG Carrier,Hidden/Private,N/A (Exempt/Diplomatic),220000000,0.05,110000,0,0,0,110000,200000000,420000000,Asia,0.0323529411764705
736,2026-04-23,Eastern Star 49,509128512,USA,Blocked,Rerouted,0,True,Crude Oil Tanker,Singapore,N/A (Exempt/Diplomatic),140000000,0.15,210000,12,1200,1548000,1758000,240000000,380000000,North America,0.879
737,2026-04-23,Ocean Express 46,325892782,Turkey,Taxed,Rerouted,0,True,Crude Oil Tanker,Singapore,N/A (Exempt/Diplomatic),140000000,0.15,210000,12,1200,1548000,1758000,240000000,380000000,Asia,0.879
738,2026-04-23,Ocean Carrier 90,568535587,Russia,Privileged,Passed,0,False,Crude Oil Tanker,Hidden/Private,N/A (Exempt/Diplomatic),140000000,0.05,70000,0,0,0,70000,240000000,380000000,Eurasia,0.035
739,2026-04-23,Iron Carrier 15,386403601,UK,Blocked,Rerouted,0,True,LNG Carrier,Ningbo,N/A (Exempt/Diplomatic),220000000,0.15,330000,12,1800,2658000,2988000,200000000,420000000,Europe,0.8788235294117647
740,2026-04-23,Eastern Trader 98,307992155,Panama,Taxed,Passed,2000000,False,Bulk Carrier,Houston,Other Non-USD,45000000,1.25,562500,0,0,0,2562500,50000000,95000000,North America,0.035
741,2026-04-23,Global Trader 63,409098769,China,Privileged,Passed,0,False,Container Ship,Hidden/Private,N/A (Exempt/Diplomatic),110000000,0.05,55000,0,0,0,55000,150000000,260000000,Asia,3.6666666666666665
742,2026-04-23,Global Express 70,495173558,Greece,Taxed,Rerouted,0,True,LNG Carrier,Ningbo,N/A (Exempt/Diplomatic),220000000,0.15,330000,12,1800,2658000,2988000,200000000,420000000,Europe,0.8788235294117647
743,2026-04-23,Northern Leader 90,509060961,India,Taxed,Passed,2000000,False,Crude Oil Tanker,Houston,Other Non-USD,140000000,1.25,1750000,0,0,0,3750000,240000000,380000000,Asia,1.875
744,2026-04-23,Eastern Star 63,552924530,Germany,Blocked,Rerouted,0,True,Bulk Carrier,Houston,N/A (Exempt/Diplomatic),45000000,0.15,67500,12,480,607200,674700,50000000,95000000,Europe,0.035
745,2026-04-23,Ocean Express 78,267958709,Turkey,Taxed,Passed,2000000,False,Bulk Carrier,Mumbai,Other Non-USD,45000000,1.25,562500,0,0,0,2562500,50000000,95000000,Asia,0.035
746,2026-04-23,Golden Carrier 98,299401567,India,Taxed,Rerouted,0,True,Bulk Carrier,Houston,N/A (Exempt/Diplomatic),45000000,0.15,67500,12,480,607200,674700,50000000,95000000,Asia,0.035
747,2026-04-23,Iron Carrier 48,528391997,Germany,Blocked,Blocked/Waiting (Anchored off Oman),0,False,Crude Oil Tanker,Ningbo,N/A (Exempt/Diplomatic),140000000,0.5,700000,0,0,0,700000,240000000,380000000,Europe,0.35
748,2026-04-23,Red Leader 99,358728676,Iraq,Privileged,Passed,0,False,Container Ship,Hidden/Private,N/A (Exempt/Diplomatic),110000000,0.05,55000,0,0,0,55000,150000000,260000000,Asia,3.6666666666666665
749,2026-04-24,Ocean Trader 63,641485549,Norway,Blocked,Rerouted,0,True,Container Ship,Mumbai,N/A (Exempt/Diplomatic),110000000,0.15,165000,12,1800,2022000,2187000,150000000,260000000,Europe,145.8
750,2026-04-24,Iron Express 53,259889117,Panama,Taxed,Passed,2000000,False,Crude Oil Tanker,Singapore,Other Non-USD,140000000,1.25,1750000,0,0,0,3750000,240000000,380000000,North America,1.875
751,2026-04-24,Golden Leader 92,582167480,Norway,Blocked,Rerouted,0,True,Bulk Carrier,Rotterdam,N/A (Exempt/Diplomatic),45000000,0.15,67500,12,480,607200,674700,50000000,95000000,Europe,0.035
752,2026-04-24,Northern Titan 68,201742315,Turkey,Taxed,Passed,2000000,False,Container Ship,Ningbo,Other Non-USD,110000000,1.25,1375000,0,0,0,3375000,150000000,260000000,Asia,225.0
753,2026-04-24,Ocean Titan 58,201157156,USA,Blocked,Blocked/Waiting (Anchored off Oman),0,False,LNG Carrier,Singapore,N/A (Exempt/Diplomatic),220000000,0.5,1100000,0,0,0,1100000,200000000,420000000,North America,0.3235294117647059
754,2026-04-24,Eastern Trader 77,693112443,China,Privileged,Passed,0,False,Bulk Carrier,Hidden/Private,N/A (Exempt/Diplomatic),45000000,0.05,22500,0,0,0,22500,50000000,95000000,Asia,0.035
755,2026-04-24,Golden Carrier 57,454079790,Germany,Blocked,Rerouted,0,True,Bulk Carrier,Mumbai,N/A (Exempt/Diplomatic),45000000,0.15,67500,12,480,607200,674700,50000000,95000000,Europe,0.035
756,2026-04-24,Global Spirit 24,677660874,Iran,Privileged,Passed,0,False,LNG Carrier,Hidden/Private,N/A (Exempt/Diplomatic),220000000,0.05,110000,0,0,0,110000,200000000,420000000,Asia,0.0323529411764705
757,2026-04-24,Ocean Trader 18,415128168,Norway,Blocked,Rerouted,0,True,Container Ship,Mumbai,N/A (Exempt/Diplomatic),110000000,0.15,165000,12,1800,2022000,2187000,150000000,260000000,Europe,145.8
758,2026-04-24,Global Trader 69,505935698,USA,Blocked,Blocked/Waiting (Anchored off Oman),0,False,Crude Oil Tanker,Rotterdam,N/A (Exempt/Diplomatic),140000000,0.5,700000,0,0,0,700000,240000000,380000000,North America,0.35
759,2026-04-24,Iron Express 23,405375523,Russia,Privileged,Passed,0,False,Crude Oil Tanker,Hidden/Private,N/A (Exempt/Diplomatic),140000000,0.05,70000,0,0,0,70000,240000000,380000000,Eurasia,0.035
760,2026-04-24,Northern Leader 90,509060961,India,Taxed,Passed,2000000,False,Container Ship,Rotterdam,Other Non-USD,110000000,1.25,1375000,0,0,0,3375000,150000000,260000000,Asia,225.0
761,2026-04-24,Eastern Titan 29,400743469,Greece,Taxed,Rerouted,0,True,LNG Carrier,Singapore,N/A (Exempt/Diplomatic),220000000,0.15,330000,12,1800,2658000,2988000,200000000,420000000,Europe,0.8788235294117647
762,2026-04-24,Ocean Leader 53,559098790,USA,Blocked,Rerouted,0,True,Container Ship,Ningbo,N/A (Exempt/Diplomatic),110000000,0.15,165000,12,1800,2022000,2187000,150000000,260000000,North America,145.8
763,2026-04-24,Iron Trader 30,366987748,Iran,Privileged,Passed,0,False,LNG Carrier,Hidden/Private,N/A (Exempt/Diplomatic),220000000,0.05,110000,0,0,0,110000,200000000,420000000,Asia,0.0323529411764705
764,2026-04-24,Ocean Star 84,455973885,Germany,Blocked,Blocked/Waiting (Anchored off Oman),0,False,Bulk Carrier,Ningbo,N/A (Exempt/Diplomatic),45000000,0.5,225000,0,0,0,225000,50000000,95000000,Europe,0.035
765,2026-04-24,Golden Spirit 57,290081110,Iran,Privileged,Passed,0,False,Bulk Carrier,Hidden/Private,N/A (Exempt/Diplomatic),45000000,0.05,22500,0,0,0,22500,50000000,95000000,Asia,0.035
766,2026-04-24,Ocean Spirit 32,511701739,Turkey,Taxed,Rerouted,0,True,Bulk Carrier,Mumbai,N/A (Exempt/Diplomatic),45000000,0.15,67500,12,480,607200,674700,50000000,95000000,Asia,0.035
767,2026-04-24,Eastern Express 29,697015667,UAE,Taxed,Rerouted,0,True,LNG Carrier,Rotterdam,N/A (Exempt/Diplomatic),220000000,0.15,330000,12,1800,2658000,2988000,200000000,420000000,Asia,0.8788235294117647
768,2026-04-24,Red Leader 99,358728676,Iraq,Privileged,Passed,0,False,Container Ship,Hidden/Private,N/A (Exempt/Diplomatic),110000000,0.05,55000,0,0,0,55000,150000000,260000000,Asia,3.6666666666666665
769,2026-04-24,Global Leader 58,344927134,UAE,Taxed,Passed,2000000,False,LNG Carrier,Singapore,Other Non-USD,220000000,1.25,2750000,0,0,0,4750000,200000000,420000000,Asia,1.3970588235294117
770,2026-04-24,Eastern Star 49,509128512,USA,Blocked,Rerouted,0,True,Crude Oil Tanker,Rotterdam,N/A (Exempt/Diplomatic),140000000,0.15,210000,12,1200,1548000,1758000,240000000,380000000,North America,0.879
771,2026-04-24,Northern Express 68,276703600,Turkey,Taxed,Rerouted,0,True,Crude Oil Tanker,Ningbo,N/A (Exempt/Diplomatic),140000000,0.15,210000,12,1200,1548000,1758000,240000000,380000000,Asia,0.879
772,2026-04-24,Golden Titan 61,376234293,Turkey,Taxed,Passed,2000000,False,Container Ship,Rotterdam,Other Non-USD,110000000,1.25,1375000,0,0,0,3375000,150000000,260000000,Asia,225.0
773,2026-04-24,Northern Titan 69,558403064,Germany,Blocked,Rerouted,0,True,Bulk Carrier,Rotterdam,N/A (Exempt/Diplomatic),45000000,0.15,67500,12,480,607200,674700,50000000,95000000,Europe,0.035
774,2026-04-24,Golden Trader 40,416775349,Iran,Privileged,Passed,0,False,Container Ship,Hidden/Private,N/A (Exempt/Diplomatic),110000000,0.05,55000,0,0,0,55000,150000000,260000000,Asia,3.6666666666666665
775,2026-04-24,Global Express 41,558057151,Iran,Privileged,Passed,0,False,LNG Carrier,Hidden/Private,N/A (Exempt/Diplomatic),220000000,0.05,110000,0,0,0,110000,200000000,420000000,Asia,0.0323529411764705
776,2026-04-25,Global Leader 33,349542787,Israel,Blocked,Blocked/Waiting (Anchored off Oman),0,False,Container Ship,Ningbo,N/A (Exempt/Diplomatic),110000000,0.5,550000,0,0,0,550000,150000000,260000000,Asia,36.66666666666666
777,2026-04-25,Ocean Titan 52,620040549,UK,Blocked,Rerouted,0,True,Crude Oil Tanker,Ningbo,N/A (Exempt/Diplomatic),140000000,0.15,210000,12,1200,1548000,1758000,240000000,380000000,Europe,0.879
778,2026-04-25,Global Carrier 50,314153005,Norway,Blocked,Rerouted,0,True,Container Ship,Mumbai,N/A (Exempt/Diplomatic),110000000,0.15,165000,12,1800,2022000,2187000,150000000,260000000,Europe,145.8
779,2026-04-25,Global Express 71,348444607,Germany,Blocked,Blocked/Waiting (Anchored off Oman),0,False,Bulk Carrier,Ningbo,N/A (Exempt/Diplomatic),45000000,0.5,225000,0,0,0,225000,50000000,95000000,Europe,0.035
780,2026-04-25,Red Titan 27,473549845,Norway,Blocked,Rerouted,0,True,Crude Oil Tanker,Ningbo,N/A (Exempt/Diplomatic),140000000,0.15,210000,12,1200,1548000,1758000,240000000,380000000,Europe,0.879
781,2026-04-25,Ocean Trader 18,415128168,Norway,Blocked,Rerouted,0,True,Bulk Carrier,Rotterdam,N/A (Exempt/Diplomatic),45000000,0.15,67500,12,480,607200,674700,50000000,95000000,Europe,0.035
782,2026-04-25,Iron Carrier 48,528391997,Germany,Blocked,Blocked/Waiting (Anchored off Oman),0,False,Bulk Carrier,Ningbo,N/A (Exempt/Diplomatic),45000000,0.5,225000,0,0,0,225000,50000000,95000000,Europe,0.035
783,2026-04-25,Global Express 41,558057151,Iran,Privileged,Passed,0,False,LNG Carrier,Hidden/Private,N/A (Exempt/Diplomatic),220000000,0.05,110000,0,0,0,110000,200000000,420000000,Asia,0.0323529411764705
784,2026-04-25,Northern Spirit 19,205001198,Israel,Blocked,Rerouted,0,True,Bulk Carrier,Rotterdam,N/A (Exempt/Diplomatic),45000000,0.15,67500,12,480,607200,674700,50000000,95000000,Asia,0.035
785,2026-04-25,Iron Express 48,651867790,Germany,Blocked,Rerouted,0,True,LNG Carrier,Singapore,N/A (Exempt/Diplomatic),220000000,0.15,330000,12,1800,2658000,2988000,200000000,420000000,Europe,0.8788235294117647
786,2026-04-25,Iron Titan 32,673206722,UK,Blocked,Rerouted,0,True,LNG Carrier,Singapore,N/A (Exempt/Diplomatic),220000000,0.15,330000,12,1800,2658000,2988000,200000000,420000000,Europe,0.8788235294117647
787,2026-04-25,Eastern Trader 32,472559523,Iran,Privileged,Passed,0,False,Crude Oil Tanker,Hidden/Private,N/A (Exempt/Diplomatic),140000000,0.05,70000,0,0,0,70000,240000000,380000000,Asia,0.035
788,2026-04-25,Ocean Express 48,656497707,Iran,Privileged,Passed,0,False,Crude Oil Tanker,Hidden/Private,N/A (Exempt/Diplomatic),140000000,0.05,70000,0,0,0,70000,240000000,380000000,Asia,0.035
789,2026-04-25,Global Trader 69,505935698,USA,Blocked,Blocked/Waiting (Anchored off Oman),0,False,Bulk Carrier,Ningbo,N/A (Exempt/Diplomatic),45000000,0.5,225000,0,0,0,225000,50000000,95000000,North America,0.035
790,2026-04-25,Eastern Titan 29,400743469,Greece,Taxed,Passed,2000000,False,Container Ship,Mumbai,Tether (USDT) / Yuan,110000000,1.25,1375000,0,0,0,3375000,150000000,260000000,Europe,225.0
791,2026-04-25,Red Titan 95,343332624,Pakistan,Privileged,Passed,0,False,LNG Carrier,Hidden/Private,N/A (Exempt/Diplomatic),220000000,0.05,110000,0,0,0,110000,200000000,420000000,Asia,0.0323529411764705
792,2026-04-25,Iron Titan 91,348880396,Germany,Blocked,Rerouted,0,True,Crude Oil Tanker,Rotterdam,N/A (Exempt/Diplomatic),140000000,0.15,210000,12,1200,1548000,1758000,240000000,380000000,Europe,0.879
793,2026-04-25,Ocean Spirit 48,604518879,USA,Blocked,Rerouted,0,True,Crude Oil Tanker,Mumbai,N/A (Exempt/Diplomatic),140000000,0.15,210000,12,1200,1548000,1758000,240000000,380000000,North America,0.879
794,2026-04-25,Golden Express 79,246674928,UK,Blocked,Rerouted,0,True,Crude Oil Tanker,Singapore,N/A (Exempt/Diplomatic),140000000,0.15,210000,12,1200,1548000,1758000,240000000,380000000,Europe,0.879
795,2026-04-25,Global Express 18,619421299,Russia,Privileged,Passed,0,False,Bulk Carrier,Hidden/Private,N/A (Exempt/Diplomatic),45000000,0.05,22500,0,0,0,22500,50000000,95000000,Eurasia,0.035
796,2026-04-25,Golden Spirit 18,471635630,Liberia,Taxed,Passed,2000000,False,Container Ship,Singapore,Other Non-USD,110000000,1.25,1375000,0,0,0,3375000,150000000,260000000,Africa,225.0
797,2026-04-25,Global Express 70,495173558,Greece,Taxed,Passed,2000000,False,Crude Oil Tanker,Houston,Tether (USDT) / Yuan,140000000,1.25,1750000,0,0,0,3750000,240000000,380000000,Europe,1.875
798,2026-04-25,Red Leader 18,556609890,Liberia,Taxed,Passed,2000000,False,LNG Carrier,Mumbai,Other Non-USD,220000000,1.25,2750000,0,0,0,4750000,200000000,420000000,Africa,1.3970588235294117
799,2026-04-25,Eastern Express 64,501134582,China,Privileged,Passed,0,False,Crude Oil Tanker,Hidden/Private,N/A (Exempt/Diplomatic),140000000,0.05,70000,0,0,0,70000,240000000,380000000,Asia,0.035
800,2026-04-25,Red Leader 62,450731958,Russia,Privileged,Passed,0,False,Bulk Carrier,Hidden/Private,N/A (Exempt/Diplomatic),45000000,0.05,22500,0,0,0,22500,50000000,95000000,Eurasia,0.035
801,2026-04-25,Golden Spirit 57,290081110,Iran,Privileged,Passed,0,False,Crude Oil Tanker,Hidden/Private,N/A (Exempt/Diplomatic),140000000,0.05,70000,0,0,0,70000,240000000,380000000,Asia,0.035
802,2026-04-25,Eastern Spirit 72,210456496,Iran,Privileged,Passed,0,False,LNG Carrier,Hidden/Private,N/A (Exempt/Diplomatic),220000000,0.05,110000,0,0,0,110000,200000000,420000000,Asia,0.0323529411764705
803,2026-04-26,Golden Carrier 29,346215835,Panama,Taxed,Passed,2000000,False,Bulk Carrier,Houston,Other Non-USD,45000000,1.25,562500,0,0,0,2562500,50000000,95000000,North America,0.035
804,2026-04-26,Iron Express 23,405375523,Russia,Privileged,Passed,0,False,Bulk Carrier,Hidden/Private,N/A (Exempt/Diplomatic),45000000,0.05,22500,0,0,0,22500,50000000,95000000,Eurasia,0.035
805,2026-04-26,Eastern Carrier 94,214550303,Pakistan,Privileged,Passed,0,False,LNG Carrier,Hidden/Private,N/A (Exempt/Diplomatic),220000000,0.05,110000,0,0,0,110000,200000000,420000000,Asia,0.0323529411764705
806,2026-04-26,Eastern Star 49,509128512,USA,Blocked,Rerouted,0,True,Bulk Carrier,Rotterdam,N/A (Exempt/Diplomatic),45000000,0.15,67500,12,480,607200,674700,50000000,95000000,North America,0.035
807,2026-04-26,Ocean Trader 18,415128168,Norway,Blocked,Rerouted,0,True,Crude Oil Tanker,Mumbai,N/A (Exempt/Diplomatic),140000000,0.15,210000,12,1200,1548000,1758000,240000000,380000000,Europe,0.879
808,2026-04-26,Golden Spirit 18,471635630,Liberia,Taxed,Passed,2000000,False,Bulk Carrier,Houston,Other Non-USD,45000000,1.25,562500,0,0,0,2562500,50000000,95000000,Africa,0.035
809,2026-04-26,Red Star 73,656851825,Liberia,Taxed,Rerouted,0,True,Crude Oil Tanker,Singapore,N/A (Exempt/Diplomatic),140000000,0.15,210000,12,1200,1548000,1758000,240000000,380000000,Africa,0.879
810,2026-04-26,Ocean Express 48,656497707,Iran,Privileged,Passed,0,False,Container Ship,Hidden/Private,N/A (Exempt/Diplomatic),110000000,0.05,55000,0,0,0,55000,150000000,260000000,Asia,3.6666666666666665
811,2026-04-26,Golden Trader 56,287324253,Marshall Islands,Taxed,Passed,2000000,False,Crude Oil Tanker,Singapore,Other Non-USD,140000000,1.25,1750000,0,0,0,3750000,240000000,380000000,Oceania,1.875
812,2026-04-26,Global Spirit 46,284689687,Israel,Blocked,Blocked/Waiting (Anchored off Oman),0,False,LNG Carrier,Mumbai,N/A (Exempt/Diplomatic),220000000,0.5,1100000,0,0,0,1100000,200000000,420000000,Asia,0.3235294117647059
813,2026-04-26,Global Express 62,462303235,UAE,Taxed,Rerouted,0,True,Crude Oil Tanker,Houston,N/A (Exempt/Diplomatic),140000000,0.15,210000,12,1200,1548000,1758000,240000000,380000000,Asia,0.879
814,2026-04-26,Iron Carrier 97,586241038,India,Taxed,Passed,2000000,False,Crude Oil Tanker,Ningbo,Other Non-USD,140000000,1.25,1750000,0,0,0,3750000,240000000,380000000,Asia,1.875
815,2026-04-26,Golden Carrier 98,299401567,India,Taxed,Passed,2000000,False,Crude Oil Tanker,Rotterdam,Other Non-USD,140000000,1.25,1750000,0,0,0,3750000,240000000,380000000,Asia,1.875
816,2026-04-26,Ocean Trader 40,289287596,UK,Blocked,Blocked/Waiting (Anchored off Oman),0,False,Crude Oil Tanker,Ningbo,N/A (Exempt/Diplomatic),140000000,0.5,700000,0,0,0,700000,240000000,380000000,Europe,0.35
817,2026-04-26,Iron Spirit 20,659195204,UAE,Taxed,Rerouted,0,True,Bulk Carrier,Singapore,N/A (Exempt/Diplomatic),45000000,0.15,67500,12,480,607200,674700,50000000,95000000,Asia,0.035
818,2026-04-26,Northern Leader 37,664205646,USA,Blocked,Blocked/Waiting (Anchored off Oman),0,False,LNG Carrier,Rotterdam,N/A (Exempt/Diplomatic),220000000,0.5,1100000,0,0,0,1100000,200000000,420000000,North America,0.3235294117647059
819,2026-04-26,Global Carrier 50,314153005,Norway,Blocked,Rerouted,0,True,Container Ship,Ningbo,N/A (Exempt/Diplomatic),110000000,0.15,165000,12,1800,2022000,2187000,150000000,260000000,Europe,145.8
820,2026-04-26,Eastern Spirit 22,647013948,India,Taxed,Passed,2000000,False,Container Ship,Mumbai,Other Non-USD,110000000,1.25,1375000,0,0,0,3375000,150000000,260000000,Asia,225.0
821,2026-04-26,Eastern Star 59,404880292,Israel,Blocked,Rerouted,0,True,Crude Oil Tanker,Houston,N/A (Exempt/Diplomatic),140000000,0.15,210000,12,1200,1548000,1758000,240000000,380000000,Asia,0.879
822,2026-04-26,Global Leader 95,403552071,Greece,Taxed,Passed,2000000,False,Crude Oil Tanker,Ningbo,Tether (USDT) / Yuan,140000000,1.25,1750000,0,0,0,3750000,240000000,380000000,Europe,1.875
823,2026-04-26,Global Express 18,619421299,Russia,Privileged,Passed,0,False,LNG Carrier,Hidden/Private,N/A (Exempt/Diplomatic),220000000,0.05,110000,0,0,0,110000,200000000,420000000,Eurasia,0.0323529411764705
824,2026-04-26,Northern Star 79,227963244,Marshall Islands,Taxed,Passed,2000000,False,Crude Oil Tanker,Singapore,Other Non-USD,140000000,1.25,1750000,0,0,0,3750000,240000000,380000000,Oceania,1.875
825,2026-04-26,Global Star 34,369408512,Iran,Privileged,Passed,0,False,Crude Oil Tanker,Hidden/Private,N/A (Exempt/Diplomatic),140000000,0.05,70000,0,0,0,70000,240000000,380000000,Asia,0.035
826,2026-04-26,Ocean Express 78,267958709,Turkey,Taxed,Passed,2000000,False,Bulk Carrier,Mumbai,Other Non-USD,45000000,1.25,562500,0,0,0,2562500,50000000,95000000,Asia,0.035
827,2026-04-26,Golden Spirit 88,633898650,Norway,Blocked,Rerouted,0,True,Container Ship,Rotterdam,N/A (Exempt/Diplomatic),110000000,0.15,165000,12,1800,2022000,2187000,150000000,260000000,Europe,145.8
828,2026-04-26,Ocean Leader 56,541227155,Israel,Blocked,Rerouted,0,True,Bulk Carrier,Houston,N/A (Exempt/Diplomatic),45000000,0.15,67500,12,480,607200,674700,50000000,95000000,Asia,0.035
829,2026-04-26,Eastern Trader 98,307992155,Panama,Taxed,Passed,2000000,False,LNG Carrier,Singapore,Other Non-USD,220000000,1.25,2750000,0,0,0,4750000,200000000,420000000,North America,1.3970588235294117
830,2026-04-26,Eastern Spirit 80,662127581,China,Privileged,Passed,0,False,Bulk Carrier,Hidden/Private,N/A (Exempt/Diplomatic),45000000,0.05,22500,0,0,0,22500,50000000,95000000,Asia,0.035
831,2026-04-26,Ocean Star 21,317380369,UAE,Taxed,Passed,2000000,False,Container Ship,Ningbo,Other Non-USD,110000000,1.25,1375000,0,0,0,3375000,150000000,260000000,Asia,225.0
832,2026-04-26,Iron Express 48,651867790,Germany,Blocked,Rerouted,0,True,LNG Carrier,Ningbo,N/A (Exempt/Diplomatic),220000000,0.15,330000,12,1800,2658000,2988000,200000000,420000000,Europe,0.8788235294117647
833,2026-04-26,Golden Express 79,246674928,UK,Blocked,Rerouted,0,True,Container Ship,Rotterdam,N/A (Exempt/Diplomatic),110000000,0.15,165000,12,1800,2022000,2187000,150000000,260000000,Europe,145.8
834,2026-04-26,Iron Star 78,611154230,Iraq,Privileged,Passed,0,False,LNG Carrier,Hidden/Private,N/A (Exempt/Diplomatic),220000000,0.05,110000,0,0,0,110000,200000000,420000000,Asia,0.0323529411764705
835,2026-04-27,Eastern Star 49,509128512,USA,Blocked,Rerouted,0,True,Container Ship,Rotterdam,N/A (Exempt/Diplomatic),110000000,0.15,165000,12,1800,2022000,2187000,150000000,260000000,North America,145.8
836,2026-04-27,Eastern Star 76,302572638,Pakistan,Privileged,Passed,0,False,Crude Oil Tanker,Hidden/Private,N/A (Exempt/Diplomatic),140000000,0.05,70000,0,0,0,70000,240000000,380000000,Asia,0.035
837,2026-04-27,Golden Express 79,246674928,UK,Blocked,Rerouted,0,True,LNG Carrier,Ningbo,N/A (Exempt/Diplomatic),220000000,0.15,330000,12,1800,2658000,2988000,200000000,420000000,Europe,0.8788235294117647
838,2026-04-27,Eastern Leader 42,686048824,Russia,Privileged,Passed,0,False,Bulk Carrier,Hidden/Private,N/A (Exempt/Diplomatic),45000000,0.05,22500,0,0,0,22500,50000000,95000000,Eurasia,0.035
839,2026-04-27,Golden Star 13,598116895,Turkey,Taxed,Rerouted,0,True,Bulk Carrier,Singapore,N/A (Exempt/Diplomatic),45000000,0.15,67500,12,480,607200,674700,50000000,95000000,Asia,0.035
840,2026-04-27,Red Titan 16,335548300,Norway,Blocked,Rerouted,0,True,Bulk Carrier,Mumbai,N/A (Exempt/Diplomatic),45000000,0.15,67500,12,480,607200,674700,50000000,95000000,Europe,0.035
841,2026-04-27,Ocean Leader 56,541227155,Israel,Blocked,Rerouted,0,True,LNG Carrier,Rotterdam,N/A (Exempt/Diplomatic),220000000,0.15,330000,12,1800,2658000,2988000,200000000,420000000,Asia,0.8788235294117647
842,2026-04-27,Eastern Express 29,697015667,UAE,Taxed,Passed,2000000,False,LNG Carrier,Houston,Other Non-USD,220000000,1.25,2750000,0,0,0,4750000,200000000,420000000,Asia,1.3970588235294117
843,2026-04-27,Eastern Spirit 22,647013948,India,Taxed,Rerouted,0,True,Crude Oil Tanker,Ningbo,N/A (Exempt/Diplomatic),140000000,0.15,210000,12,1200,1548000,1758000,240000000,380000000,Asia,0.879
844,2026-04-27,Golden Carrier 98,299401567,India,Taxed,Passed,2000000,False,Bulk Carrier,Singapore,Other Non-USD,45000000,1.25,562500,0,0,0,2562500,50000000,95000000,Asia,0.035
845,2026-04-27,Eastern Spirit 26,387372691,Pakistan,Privileged,Passed,0,False,Crude Oil Tanker,Hidden/Private,N/A (Exempt/Diplomatic),140000000,0.05,70000,0,0,0,70000,240000000,380000000,Asia,0.035
846,2026-04-27,Red Titan 27,473549845,Norway,Blocked,Rerouted,0,True,LNG Carrier,Singapore,N/A (Exempt/Diplomatic),220000000,0.15,330000,12,1800,2658000,2988000,200000000,420000000,Europe,0.8788235294117647
847,2026-04-27,Global Trader 70,633521651,UK,Blocked,Rerouted,0,True,Bulk Carrier,Rotterdam,N/A (Exempt/Diplomatic),45000000,0.15,67500,12,480,607200,674700,50000000,95000000,Europe,0.035
848,2026-04-27,Iron Titan 91,348880396,Germany,Blocked,Rerouted,0,True,Bulk Carrier,Houston,N/A (Exempt/Diplomatic),45000000,0.15,67500,12,480,607200,674700,50000000,95000000,Europe,0.035
849,2026-04-27,Ocean Express 79,648838894,China,Privileged,Passed,0,False,Crude Oil Tanker,Hidden/Private,N/A (Exempt/Diplomatic),140000000,0.05,70000,0,0,0,70000,240000000,380000000,Asia,0.035
850,2026-04-27,Ocean Star 86,433304641,Marshall Islands,Taxed,Rerouted,0,True,Bulk Carrier,Ningbo,N/A (Exempt/Diplomatic),45000000,0.15,67500,12,480,607200,674700,50000000,95000000,Oceania,0.035
851,2026-04-27,Northern Leader 90,509060961,India,Taxed,Rerouted,0,True,LNG Carrier,Mumbai,N/A (Exempt/Diplomatic),220000000,0.15,330000,12,1800,2658000,2988000,200000000,420000000,Asia,0.8788235294117647
852,2026-04-27,Iron Star 58,349235943,Israel,Blocked,Rerouted,0,True,Crude Oil Tanker,Mumbai,N/A (Exempt/Diplomatic),140000000,0.15,210000,12,1200,1548000,1758000,240000000,380000000,Asia,0.879
853,2026-04-27,Eastern Titan 29,400743469,Greece,Taxed,Rerouted,0,True,LNG Carrier,Rotterdam,N/A (Exempt/Diplomatic),220000000,0.15,330000,12,1800,2658000,2988000,200000000,420000000,Europe,0.8788235294117647
854,2026-04-27,Golden Trader 40,416775349,Iran,Privileged,Passed,0,False,Container Ship,Hidden/Private,N/A (Exempt/Diplomatic),110000000,0.05,55000,0,0,0,55000,150000000,260000000,Asia,3.6666666666666665
855,2026-04-27,Northern Express 68,276703600,Turkey,Taxed,Passed,2000000,False,LNG Carrier,Rotterdam,Other Non-USD,220000000,1.25,2750000,0,0,0,4750000,200000000,420000000,Asia,1.3970588235294117
856,2026-04-27,Golden Leader 78,267015535,USA,Blocked,Rerouted,0,True,LNG Carrier,Rotterdam,N/A (Exempt/Diplomatic),220000000,0.15,330000,12,1800,2658000,2988000,200000000,420000000,North America,0.8788235294117647
857,2026-04-27,Global Trader 19,437904006,Iran,Privileged,Passed,0,False,Crude Oil Tanker,Hidden/Private,N/A (Exempt/Diplomatic),140000000,0.05,70000,0,0,0,70000,240000000,380000000,Asia,0.035
858,2026-04-27,Eastern Trader 74,429104699,Israel,Blocked,Rerouted,0,True,LNG Carrier,Ningbo,N/A (Exempt/Diplomatic),220000000,0.15,330000,12,1800,2658000,2988000,200000000,420000000,Asia,0.8788235294117647
859,2026-04-27,Northern Express 78,377784731,China,Privileged,Passed,0,False,LNG Carrier,Hidden/Private,N/A (Exempt/Diplomatic),220000000,0.05,110000,0,0,0,110000,200000000,420000000,Asia,0.0323529411764705
860,2026-04-27,Red Trader 81,674666203,UK,Blocked,Blocked/Waiting (Anchored off Oman),0,False,Bulk Carrier,Rotterdam,N/A (Exempt/Diplomatic),45000000,0.5,225000,0,0,0,225000,50000000,95000000,Europe,0.035
861,2026-04-27,Eastern Carrier 48,418009946,China,Privileged,Passed,0,False,Bulk Carrier,Hidden/Private,N/A (Exempt/Diplomatic),45000000,0.05,22500,0,0,0,22500,50000000,95000000,Asia,0.035
862,2026-04-27,Iron Spirit 61,343742291,Pakistan,Privileged,Passed,0,False,Crude Oil Tanker,Hidden/Private,N/A (Exempt/Diplomatic),140000000,0.05,70000,0,0,0,70000,240000000,380000000,Asia,0.035
863,2026-04-27,Golden Titan 69,693675149,Iraq,Privileged,Passed,0,False,Crude Oil Tanker,Hidden/Private,N/A (Exempt/Diplomatic),140000000,0.05,70000,0,0,0,70000,240000000,380000000,Asia,0.035
864,2026-04-27,Global Titan 81,489361229,Turkey,Taxed,Passed,2000000,False,LNG Carrier,Singapore,Other Non-USD,220000000,1.25,2750000,0,0,0,4750000,200000000,420000000,Asia,1.3970588235294117
865,2026-04-27,Global Titan 99,478076450,Israel,Blocked,Blocked/Waiting (Anchored off Oman),0,False,Crude Oil Tanker,Mumbai,N/A (Exempt/Diplomatic),140000000,0.5,700000,0,0,0,700000,240000000,380000000,Asia,0.35
866,2026-04-27,Eastern Trader 32,472559523,Iran,Privileged,Passed,0,False,Crude Oil Tanker,Hidden/Private,N/A (Exempt/Diplomatic),140000000,0.05,70000,0,0,0,70000,240000000,380000000,Asia,0.035
867,2026-04-28,Ocean Carrier 47,645283238,Marshall Islands,Taxed,Rerouted,0,True,Bulk Carrier,Singapore,N/A (Exempt/Diplomatic),45000000,0.15,67500,12,480,607200,674700,50000000,95000000,Oceania,0.035
868,2026-04-28,Red Carrier 87,427170451,India,Taxed,Rerouted,0,True,LNG Carrier,Houston,N/A (Exempt/Diplomatic),220000000,0.15,330000,12,1800,2658000,2988000,200000000,420000000,Asia,0.8788235294117647
869,2026-04-28,Northern Titan 44,433987659,Norway,Blocked,Rerouted,0,True,Crude Oil Tanker,Singapore,N/A (Exempt/Diplomatic),140000000,0.15,210000,12,1200,1548000,1758000,240000000,380000000,Europe,0.879
870,2026-04-28,Ocean Express 65,200907996,Germany,Blocked,Rerouted,0,True,Bulk Carrier,Singapore,N/A (Exempt/Diplomatic),45000000,0.15,67500,12,480,607200,674700,50000000,95000000,Europe,0.035
871,2026-04-28,Global Star 34,369408512,Iran,Privileged,Passed,0,False,Container Ship,Hidden/Private,N/A (Exempt/Diplomatic),110000000,0.05,55000,0,0,0,55000,150000000,260000000,Asia,3.6666666666666665
872,2026-04-28,Iron Leader 38,307144846,Israel,Blocked,Rerouted,0,True,Bulk Carrier,Singapore,N/A (Exempt/Diplomatic),45000000,0.15,67500,12,480,607200,674700,50000000,95000000,Asia,0.035
873,2026-04-28,Global Titan 93,569164473,China,Privileged,Passed,0,False,Bulk Carrier,Hidden/Private,N/A (Exempt/Diplomatic),45000000,0.05,22500,0,0,0,22500,50000000,95000000,Asia,0.035
874,2026-04-28,Iron Trader 30,574810735,UK,Blocked,Rerouted,0,True,Bulk Carrier,Houston,N/A (Exempt/Diplomatic),45000000,0.15,67500,12,480,607200,674700,50000000,95000000,Europe,0.035
875,2026-04-28,Iron Titan 32,673206722,UK,Blocked,Rerouted,0,True,Bulk Carrier,Rotterdam,N/A (Exempt/Diplomatic),45000000,0.15,67500,12,480,607200,674700,50000000,95000000,Europe,0.035
876,2026-04-28,Red Star 73,656851825,Liberia,Taxed,Passed,2000000,False,Container Ship,Houston,Other Non-USD,110000000,1.25,1375000,0,0,0,3375000,150000000,260000000,Africa,225.0
877,2026-04-28,Ocean Leader 83,302047765,Turkey,Taxed,Passed,2000000,False,LNG Carrier,Ningbo,Other Non-USD,220000000,1.25,2750000,0,0,0,4750000,200000000,420000000,Asia,1.3970588235294117
878,2026-04-28,Eastern Trader 98,307992155,Panama,Taxed,Rerouted,0,True,LNG Carrier,Mumbai,N/A (Exempt/Diplomatic),220000000,0.15,330000,12,1800,2658000,2988000,200000000,420000000,North America,0.8788235294117647
879,2026-04-28,Ocean Star 98,685292957,Iraq,Privileged,Passed,0,False,Crude Oil Tanker,Hidden/Private,N/A (Exempt/Diplomatic),140000000,0.05,70000,0,0,0,70000,240000000,380000000,Asia,0.035
880,2026-04-28,Red Leader 62,450731958,Russia,Privileged,Passed,0,False,LNG Carrier,Hidden/Private,N/A (Exempt/Diplomatic),220000000,0.05,110000,0,0,0,110000,200000000,420000000,Eurasia,0.0323529411764705
881,2026-04-28,Ocean Spirit 12,515845836,UAE,Taxed,Passed,2000000,False,Container Ship,Mumbai,Other Non-USD,110000000,1.25,1375000,0,0,0,3375000,150000000,260000000,Asia,225.0
882,2026-04-28,Ocean Trader 33,236787109,Pakistan,Privileged,Passed,0,False,LNG Carrier,Hidden/Private,N/A (Exempt/Diplomatic),220000000,0.05,110000,0,0,0,110000,200000000,420000000,Asia,0.0323529411764705
883,2026-04-28,Golden Trader 40,416775349,Iran,Privileged,Passed,0,False,LNG Carrier,Hidden/Private,N/A (Exempt/Diplomatic),220000000,0.05,110000,0,0,0,110000,200000000,420000000,Asia,0.0323529411764705
884,2026-04-28,Golden Spirit 74,366045938,UK,Blocked,Rerouted,0,True,Bulk Carrier,Mumbai,N/A (Exempt/Diplomatic),45000000,0.15,67500,12,480,607200,674700,50000000,95000000,Europe,0.035
885,2026-04-28,Eastern Spirit 72,210456496,Iran,Privileged,Passed,0,False,Crude Oil Tanker,Hidden/Private,N/A (Exempt/Diplomatic),140000000,0.05,70000,0,0,0,70000,240000000,380000000,Asia,0.035
886,2026-04-28,Red Spirit 29,315595695,Liberia,Taxed,Passed,2000000,False,Bulk Carrier,Houston,Other Non-USD,45000000,1.25,562500,0,0,0,2562500,50000000,95000000,Africa,0.035
887,2026-04-28,Iron Star 41,307030950,China,Privileged,Passed,0,False,LNG Carrier,Hidden/Private,N/A (Exempt/Diplomatic),220000000,0.05,110000,0,0,0,110000,200000000,420000000,Asia,0.0323529411764705
888,2026-04-28,Eastern Titan 40,267764370,Norway,Blocked,Rerouted,0,True,LNG Carrier,Singapore,N/A (Exempt/Diplomatic),220000000,0.15,330000,12,1800,2658000,2988000,200000000,420000000,Europe,0.8788235294117647
889,2026-04-28,Golden Leader 92,582167480,Norway,Blocked,Rerouted,0,True,LNG Carrier,Singapore,N/A (Exempt/Diplomatic),220000000,0.15,330000,12,1800,2658000,2988000,200000000,420000000,Europe,0.8788235294117647
890,2026-04-28,Northern Leader 37,664205646,USA,Blocked,Rerouted,0,True,Crude Oil Tanker,Ningbo,N/A (Exempt/Diplomatic),140000000,0.15,210000,12,1200,1548000,1758000,240000000,380000000,North America,0.879
891,2026-04-28,Iron Carrier 15,386403601,UK,Blocked,Rerouted,0,True,Crude Oil Tanker,Houston,N/A (Exempt/Diplomatic),140000000,0.15,210000,12,1200,1548000,1758000,240000000,380000000,Europe,0.879
892,2026-04-28,Global Spirit 60,270264740,Panama,Taxed,Passed,2000000,False,Bulk Carrier,Houston,Other Non-USD,45000000,1.25,562500,0,0,0,2562500,50000000,95000000,North America,0.035
893,2026-04-28,Eastern Spirit 70,457007733,Israel,Blocked,Rerouted,0,True,LNG Carrier,Mumbai,N/A (Exempt/Diplomatic),220000000,0.15,330000,12,1800,2658000,2988000,200000000,420000000,Asia,0.8788235294117647
894,2026-04-28,Northern Express 78,377784731,China,Privileged,Passed,0,False,LNG Carrier,Hidden/Private,N/A (Exempt/Diplomatic),220000000,0.05,110000,0,0,0,110000,200000000,420000000,Asia,0.0323529411764705
895,2026-04-28,Golden Titan 18,422730506,UK,Blocked,Blocked/Waiting (Anchored off Oman),0,False,Bulk Carrier,Rotterdam,N/A (Exempt/Diplomatic),45000000,0.5,225000,0,0,0,225000,50000000,95000000,Europe,0.035
896,2026-04-28,Ocean Trader 40,561204424,Panama,Taxed,Rerouted,0,True,LNG Carrier,Rotterdam,N/A (Exempt/Diplomatic),220000000,0.15,330000,12,1800,2658000,2988000,200000000,420000000,North America,0.8788235294117647
897,2026-04-29,Eastern Express 31,486764160,UAE,Taxed,Passed,2000000,False,Container Ship,Houston,Other Non-USD,110000000,1.25,1375000,0,0,0,3375000,150000000,260000000,Asia,225.0
898,2026-04-29,Red Trader 81,674666203,UK,Blocked,Rerouted,0,True,Bulk Carrier,Houston,N/A (Exempt/Diplomatic),45000000,0.15,67500,12,480,607200,674700,50000000,95000000,Europe,0.035
899,2026-04-29,Northern Trader 12,249957637,Panama,Taxed,Rerouted,0,True,Crude Oil Tanker,Singapore,N/A (Exempt/Diplomatic),140000000,0.15,210000,12,1200,1548000,1758000,240000000,380000000,North America,0.879
900,2026-04-29,Golden Titan 65,294562809,Germany,Blocked,Rerouted,0,True,Crude Oil Tanker,Ningbo,N/A (Exempt/Diplomatic),140000000,0.15,210000,12,1200,1548000,1758000,240000000,380000000,Europe,0.879
901,2026-04-29,Iron Leader 38,307144846,Israel,Blocked,Rerouted,0,True,Bulk Carrier,Ningbo,N/A (Exempt/Diplomatic),45000000,0.15,67500,12,480,607200,674700,50000000,95000000,Asia,0.035
902,2026-04-29,Eastern Carrier 94,214550303,Pakistan,Privileged,Passed,0,False,Crude Oil Tanker,Hidden/Private,N/A (Exempt/Diplomatic),140000000,0.05,70000,0,0,0,70000,240000000,380000000,Asia,0.035
903,2026-04-29,Golden Carrier 64,682014990,USA,Blocked,Blocked/Waiting (Anchored off Oman),0,False,Bulk Carrier,Singapore,N/A (Exempt/Diplomatic),45000000,0.5,225000,0,0,0,225000,50000000,95000000,North America,0.035
904,2026-04-29,Ocean Express 64,645252867,Turkey,Taxed,Rerouted,0,True,LNG Carrier,Ningbo,N/A (Exempt/Diplomatic),220000000,0.15,330000,12,1800,2658000,2988000,200000000,420000000,Asia,0.8788235294117647
905,2026-04-29,Eastern Carrier 22,239331548,India,Taxed,Passed,2000000,False,Bulk Carrier,Mumbai,Other Non-USD,45000000,1.25,562500,0,0,0,2562500,50000000,95000000,Asia,0.035
906,2026-04-29,Global Spirit 24,677660874,Iran,Privileged,Passed,0,False,Crude Oil Tanker,Hidden/Private,N/A (Exempt/Diplomatic),140000000,0.05,70000,0,0,0,70000,240000000,380000000,Asia,0.035
907,2026-04-29,Eastern Trader 32,472559523,Iran,Privileged,Passed,0,False,Crude Oil Tanker,Hidden/Private,N/A (Exempt/Diplomatic),140000000,0.05,70000,0,0,0,70000,240000000,380000000,Asia,0.035
908,2026-04-29,Global Carrier 20,245984845,Norway,Blocked,Rerouted,0,True,Container Ship,Singapore,N/A (Exempt/Diplomatic),110000000,0.15,165000,12,1800,2022000,2187000,150000000,260000000,Europe,145.8
909,2026-04-29,Global Express 71,348444607,Germany,Blocked,Blocked/Waiting (Anchored off Oman),0,False,Container Ship,Singapore,N/A (Exempt/Diplomatic),110000000,0.5,550000,0,0,0,550000,150000000,260000000,Europe,36.66666666666666
910,2026-04-29,Iron Carrier 97,586241038,India,Taxed,Passed,2000000,False,Bulk Carrier,Houston,Other Non-USD,45000000,1.25,562500,0,0,0,2562500,50000000,95000000,Asia,0.035
911,2026-04-29,Northern Express 35,240800296,UAE,Taxed,Passed,2000000,False,Container Ship,Houston,Other Non-USD,110000000,1.25,1375000,0,0,0,3375000,150000000,260000000,Asia,225.0
912,2026-04-29,Ocean Titan 70,528175214,Pakistan,Privileged,Passed,0,False,LNG Carrier,Hidden/Private,N/A (Exempt/Diplomatic),220000000,0.05,110000,0,0,0,110000,200000000,420000000,Asia,0.0323529411764705
913,2026-04-29,Golden Spirit 18,471635630,Liberia,Taxed,Rerouted,0,True,Crude Oil Tanker,Rotterdam,N/A (Exempt/Diplomatic),140000000,0.15,210000,12,1200,1548000,1758000,240000000,380000000,Africa,0.879
914,2026-04-29,Ocean Express 80,360727741,Iran,Privileged,Passed,0,False,Bulk Carrier,Hidden/Private,N/A (Exempt/Diplomatic),45000000,0.05,22500,0,0,0,22500,50000000,95000000,Asia,0.035
915,2026-04-29,Eastern Trader 98,307992155,Panama,Taxed,Rerouted,0,True,Bulk Carrier,Rotterdam,N/A (Exempt/Diplomatic),45000000,0.15,67500,12,480,607200,674700,50000000,95000000,North America,0.035
916,2026-04-29,Iron Trader 83,404215510,Norway,Blocked,Rerouted,0,True,LNG Carrier,Singapore,N/A (Exempt/Diplomatic),220000000,0.15,330000,12,1800,2658000,2988000,200000000,420000000,Europe,0.8788235294117647
917,2026-04-29,Eastern Star 76,302572638,Pakistan,Privileged,Passed,0,False,LNG Carrier,Hidden/Private,N/A (Exempt/Diplomatic),220000000,0.05,110000,0,0,0,110000,200000000,420000000,Asia,0.0323529411764705
918,2026-04-29,Iron Star 41,307030950,China,Privileged,Passed,0,False,Crude Oil Tanker,Hidden/Private,N/A (Exempt/Diplomatic),140000000,0.05,70000,0,0,0,70000,240000000,380000000,Asia,0.035
919,2026-04-29,Eastern Star 57,512732442,Iraq,Privileged,Passed,0,False,Crude Oil Tanker,Hidden/Private,N/A (Exempt/Diplomatic),140000000,0.05,70000,0,0,0,70000,240000000,380000000,Asia,0.035
920,2026-04-29,Global Titan 34,487916220,Israel,Blocked,Rerouted,0,True,Container Ship,Rotterdam,N/A (Exempt/Diplomatic),110000000,0.15,165000,12,1800,2022000,2187000,150000000,260000000,Asia,145.8
921,2026-04-29,Golden Spirit 88,633898650,Norway,Blocked,Rerouted,0,True,LNG Carrier,Houston,N/A (Exempt/Diplomatic),220000000,0.15,330000,12,1800,2658000,2988000,200000000,420000000,Europe,0.8788235294117647
922,2026-04-29,Red Titan 16,335548300,Norway,Blocked,Blocked/Waiting (Anchored off Oman),0,False,LNG Carrier,Rotterdam,N/A (Exempt/Diplomatic),220000000,0.5,1100000,0,0,0,1100000,200000000,420000000,Europe,0.3235294117647059
923,2026-04-29,Global Leader 98,330623464,Panama,Taxed,Rerouted,0,True,LNG Carrier,Ningbo,N/A (Exempt/Diplomatic),220000000,0.15,330000,12,1800,2658000,2988000,200000000,420000000,North America,0.8788235294117647
924,2026-04-29,Eastern Express 29,697015667,UAE,Taxed,Passed,2000000,False,Bulk Carrier,Mumbai,Other Non-USD,45000000,1.25,562500,0,0,0,2562500,50000000,95000000,Asia,0.035
925,2026-04-29,Eastern Spirit 26,387372691,Pakistan,Privileged,Passed,0,False,Bulk Carrier,Hidden/Private,N/A (Exempt/Diplomatic),45000000,0.05,22500,0,0,0,22500,50000000,95000000,Asia,0.035
926,2026-04-29,Global Spirit 60,270264740,Panama,Taxed,Rerouted,0,True,Crude Oil Tanker,Singapore,N/A (Exempt/Diplomatic),140000000,0.15,210000,12,1200,1548000,1758000,240000000,380000000,North America,0.879
927,2026-04-29,Iron Express 53,259889117,Panama,Taxed,Passed,2000000,False,Container Ship,Ningbo,Other Non-USD,110000000,1.25,1375000,0,0,0,3375000,150000000,260000000,North America,225.0
928,2026-04-29,Northern Express 93,400478606,Israel,Blocked,Rerouted,0,True,Crude Oil Tanker,Singapore,N/A (Exempt/Diplomatic),140000000,0.15,210000,12,1200,1548000,1758000,240000000,380000000,Asia,0.879
929,2026-04-30,Golden Titan 65,294562809,Germany,Blocked,Rerouted,0,True,Container Ship,Rotterdam,N/A (Exempt/Diplomatic),110000000,0.15,165000,12,1800,2022000,2187000,150000000,260000000,Europe,145.8
930,2026-04-30,Golden Spirit 57,290081110,Iran,Privileged,Passed,0,False,Bulk Carrier,Hidden/Private,N/A (Exempt/Diplomatic),45000000,0.05,22500,0,0,0,22500,50000000,95000000,Asia,0.035
931,2026-04-30,Global Leader 51,381194227,USA,Blocked,Rerouted,0,True,Bulk Carrier,Ningbo,N/A (Exempt/Diplomatic),45000000,0.15,67500,12,480,607200,674700,50000000,95000000,North America,0.035
932,2026-04-30,Ocean Trader 40,561204424,Panama,Taxed,Passed,2000000,False,Crude Oil Tanker,Ningbo,Other Non-USD,140000000,1.25,1750000,0,0,0,3750000,240000000,380000000,North America,1.875
933,2026-04-30,Global Carrier 26,588346949,Norway,Blocked,Rerouted,0,True,Crude Oil Tanker,Rotterdam,N/A (Exempt/Diplomatic),140000000,0.15,210000,12,1200,1548000,1758000,240000000,380000000,Europe,0.879
934,2026-04-30,Global Titan 81,489361229,Turkey,Taxed,Passed,2000000,False,Container Ship,Houston,Other Non-USD,110000000,1.25,1375000,0,0,0,3375000,150000000,260000000,Asia,225.0
935,2026-04-30,Global Leader 85,349352498,China,Privileged,Passed,0,False,LNG Carrier,Hidden/Private,N/A (Exempt/Diplomatic),220000000,0.05,110000,0,0,0,110000,200000000,420000000,Asia,0.0323529411764705
936,2026-04-30,Global Trader 70,633521651,UK,Blocked,Rerouted,0,True,Container Ship,Houston,N/A (Exempt/Diplomatic),110000000,0.15,165000,12,1800,2022000,2187000,150000000,260000000,Europe,145.8
937,2026-04-30,Red Carrier 87,427170451,India,Taxed,Passed,2000000,False,Container Ship,Houston,Other Non-USD,110000000,1.25,1375000,0,0,0,3375000,150000000,260000000,Asia,225.0
938,2026-04-30,Northern Express 35,240800296,UAE,Taxed,Passed,2000000,False,Container Ship,Mumbai,Other Non-USD,110000000,1.25,1375000,0,0,0,3375000,150000000,260000000,Asia,225.0
939,2026-04-30,Red Spirit 36,559556395,Liberia,Taxed,Rerouted,0,True,Crude Oil Tanker,Houston,N/A (Exempt/Diplomatic),140000000,0.15,210000,12,1200,1548000,1758000,240000000,380000000,Africa,0.879
940,2026-04-30,Golden Spirit 17,322969247,Russia,Privileged,Passed,0,False,LNG Carrier,Hidden/Private,N/A (Exempt/Diplomatic),220000000,0.05,110000,0,0,0,110000,200000000,420000000,Eurasia,0.0323529411764705
941,2026-04-30,Red Carrier 94,539807534,Liberia,Taxed,Rerouted,0,True,Container Ship,Ningbo,N/A (Exempt/Diplomatic),110000000,0.15,165000,12,1800,2022000,2187000,150000000,260000000,Africa,145.8
942,2026-04-30,Eastern Star 59,404880292,Israel,Blocked,Blocked/Waiting (Anchored off Oman),0,False,LNG Carrier,Ningbo,N/A (Exempt/Diplomatic),220000000,0.5,1100000,0,0,0,1100000,200000000,420000000,Asia,0.3235294117647059
943,2026-04-30,Eastern Spirit 26,387372691,Pakistan,Privileged,Passed,0,False,LNG Carrier,Hidden/Private,N/A (Exempt/Diplomatic),220000000,0.05,110000,0,0,0,110000,200000000,420000000,Asia,0.0323529411764705
944,2026-04-30,Iron Leader 38,307144846,Israel,Blocked,Rerouted,0,True,Container Ship,Rotterdam,N/A (Exempt/Diplomatic),110000000,0.15,165000,12,1800,2022000,2187000,150000000,260000000,Asia,145.8
945,2026-04-30,Eastern Leader 31,553717803,Pakistan,Privileged,Passed,0,False,Container Ship,Hidden/Private,N/A (Exempt/Diplomatic),110000000,0.05,55000,0,0,0,55000,150000000,260000000,Asia,3.6666666666666665
946,2026-04-30,Northern Leader 90,509060961,India,Taxed,Rerouted,0,True,LNG Carrier,Houston,N/A (Exempt/Diplomatic),220000000,0.15,330000,12,1800,2658000,2988000,200000000,420000000,Asia,0.8788235294117647
947,2026-04-30,Eastern Carrier 89,321164857,Germany,Blocked,Rerouted,0,True,Crude Oil Tanker,Rotterdam,N/A (Exempt/Diplomatic),140000000,0.15,210000,12,1200,1548000,1758000,240000000,380000000,Europe,0.879
948,2026-04-30,Eastern Express 79,232726345,Liberia,Taxed,Passed,2000000,False,Container Ship,Houston,Other Non-USD,110000000,1.25,1375000,0,0,0,3375000,150000000,260000000,Africa,225.0
949,2026-04-30,Northern Express 68,276703600,Turkey,Taxed,Passed,2000000,False,Bulk Carrier,Houston,Other Non-USD,45000000,1.25,562500,0,0,0,2562500,50000000,95000000,Asia,0.035
950,2026-04-30,Ocean Express 48,656497707,Iran,Privileged,Passed,0,False,Container Ship,Hidden/Private,N/A (Exempt/Diplomatic),110000000,0.05,55000,0,0,0,55000,150000000,260000000,Asia,3.6666666666666665
951,2026-04-30,Global Titan 59,572561470,Iraq,Privileged,Passed,0,False,Crude Oil Tanker,Hidden/Private,N/A (Exempt/Diplomatic),140000000,0.05,70000,0,0,0,70000,240000000,380000000,Asia,0.035
952,2026-04-30,Iron Express 41,343240225,Greece,Taxed,Passed,2000000,False,Container Ship,Rotterdam,Tether (USDT) / Yuan,110000000,1.25,1375000,0,0,0,3375000,150000000,260000000,Europe,225.0
953,2026-04-30,Ocean Spirit 12,515845836,UAE,Taxed,Passed,2000000,False,LNG Carrier,Houston,Other Non-USD,220000000,1.25,2750000,0,0,0,4750000,200000000,420000000,Asia,1.3970588235294117
954,2026-04-30,Global Express 41,558057151,Iran,Privileged,Passed,0,False,Crude Oil Tanker,Hidden/Private,N/A (Exempt/Diplomatic),140000000,0.05,70000,0,0,0,70000,240000000,380000000,Asia,0.035
955,2026-04-30,Iron Titan 32,673206722,UK,Blocked,Blocked/Waiting (Anchored off Oman),0,False,Crude Oil Tanker,Mumbai,N/A (Exempt/Diplomatic),140000000,0.5,700000,0,0,0,700000,240000000,380000000,Europe,0.35
956,2026-05-01,Northern Express 78,377784731,China,Privileged,Passed,0,False,Container Ship,Hidden/Private,N/A (Exempt/Diplomatic),110000000,0.05,55000,0,0,0,55000,150000000,260000000,Asia,3.6666666666666665
957,2026-05-01,Eastern Express 79,232726345,Liberia,Taxed,Passed,2000000,False,Crude Oil Tanker,Ningbo,Other Non-USD,140000000,1.25,1750000,0,0,0,3750000,240000000,380000000,Africa,1.875
958,2026-05-01,Ocean Titan 52,620040549,UK,Blocked,Rerouted,0,True,Container Ship,Mumbai,N/A (Exempt/Diplomatic),110000000,0.15,165000,12,1800,2022000,2187000,150000000,260000000,Europe,145.8
959,2026-05-01,Ocean Trader 63,641485549,Norway,Blocked,Rerouted,0,True,Container Ship,Houston,N/A (Exempt/Diplomatic),110000000,0.15,165000,12,1800,2022000,2187000,150000000,260000000,Europe,145.8
960,2026-05-01,Ocean Titan 70,528175214,Pakistan,Privileged,Passed,0,False,Crude Oil Tanker,Hidden/Private,N/A (Exempt/Diplomatic),140000000,0.05,70000,0,0,0,70000,240000000,380000000,Asia,0.035
961,2026-05-01,Northern Titan 44,433987659,Norway,Blocked,Rerouted,0,True,LNG Carrier,Singapore,N/A (Exempt/Diplomatic),220000000,0.15,330000,12,1800,2658000,2988000,200000000,420000000,Europe,0.8788235294117647
962,2026-05-01,Northern Star 79,227963244,Marshall Islands,Taxed,Passed,2000000,False,Bulk Carrier,Rotterdam,Other Non-USD,45000000,1.25,562500,0,0,0,2562500,50000000,95000000,Oceania,0.035
963,2026-05-01,Red Carrier 94,539807534,Liberia,Taxed,Passed,2000000,False,LNG Carrier,Rotterdam,Other Non-USD,220000000,1.25,2750000,0,0,0,4750000,200000000,420000000,Africa,1.3970588235294117
964,2026-05-01,Ocean Star 58,251924210,Marshall Islands,Taxed,Passed,2000000,False,Container Ship,Ningbo,Other Non-USD,110000000,1.25,1375000,0,0,0,3375000,150000000,260000000,Oceania,225.0
965,2026-05-01,Eastern Trader 98,307992155,Panama,Taxed,Passed,2000000,False,Crude Oil Tanker,Ningbo,Other Non-USD,140000000,1.25,1750000,0,0,0,3750000,240000000,380000000,North America,1.875
966,2026-05-01,Ocean Trader 33,236787109,Pakistan,Privileged,Passed,0,False,LNG Carrier,Hidden/Private,N/A (Exempt/Diplomatic),220000000,0.05,110000,0,0,0,110000,200000000,420000000,Asia,0.0323529411764705
967,2026-05-01,Golden Titan 61,376234293,Turkey,Taxed,Passed,2000000,False,LNG Carrier,Rotterdam,Other Non-USD,220000000,1.25,2750000,0,0,0,4750000,200000000,420000000,Asia,1.3970588235294117
968,2026-05-01,Eastern Titan 29,400743469,Greece,Taxed,Rerouted,0,True,Container Ship,Rotterdam,N/A (Exempt/Diplomatic),110000000,0.15,165000,12,1800,2022000,2187000,150000000,260000000,Europe,145.8
969,2026-05-01,Eastern Titan 40,267764370,Norway,Blocked,Blocked/Waiting (Anchored off Oman),0,False,LNG Carrier,Mumbai,N/A (Exempt/Diplomatic),220000000,0.5,1100000,0,0,0,1100000,200000000,420000000,Europe,0.3235294117647059
970,2026-05-01,Eastern Spirit 70,457007733,Israel,Blocked,Rerouted,0,True,Container Ship,Houston,N/A (Exempt/Diplomatic),110000000,0.15,165000,12,1800,2022000,2187000,150000000,260000000,Asia,145.8
971,2026-05-01,Red Star 73,656851825,Liberia,Taxed,Passed,2000000,False,Crude Oil Tanker,Rotterdam,Other Non-USD,140000000,1.25,1750000,0,0,0,3750000,240000000,380000000,Africa,1.875
972,2026-05-01,Eastern Star 76,302572638,Pakistan,Privileged,Passed,0,False,LNG Carrier,Hidden/Private,N/A (Exempt/Diplomatic),220000000,0.05,110000,0,0,0,110000,200000000,420000000,Asia,0.0323529411764705
973,2026-05-01,Red Spirit 39,319681170,China,Privileged,Passed,0,False,Bulk Carrier,Hidden/Private,N/A (Exempt/Diplomatic),45000000,0.05,22500,0,0,0,22500,50000000,95000000,Asia,0.035
974,2026-05-01,Ocean Star 80,356839665,Iraq,Privileged,Passed,0,False,Container Ship,Hidden/Private,N/A (Exempt/Diplomatic),110000000,0.05,55000,0,0,0,55000,150000000,260000000,Asia,3.6666666666666665
975,2026-05-01,Iron Leader 38,307144846,Israel,Blocked,Rerouted,0,True,LNG Carrier,Singapore,N/A (Exempt/Diplomatic),220000000,0.15,330000,12,1800,2658000,2988000,200000000,420000000,Asia,0.8788235294117647
976,2026-05-01,Eastern Titan 53,309305473,Turkey,Taxed,Passed,2000000,False,Bulk Carrier,Mumbai,Other Non-USD,45000000,1.25,562500,0,0,0,2562500,50000000,95000000,Asia,0.035
977,2026-05-01,Red Spirit 86,576445159,Turkey,Taxed,Rerouted,0,True,Bulk Carrier,Rotterdam,N/A (Exempt/Diplomatic),45000000,0.15,67500,12,480,607200,674700,50000000,95000000,Asia,0.035
978,2026-05-01,Ocean Express 79,648838894,China,Privileged,Passed,0,False,Bulk Carrier,Hidden/Private,N/A (Exempt/Diplomatic),45000000,0.05,22500,0,0,0,22500,50000000,95000000,Asia,0.035
979,2026-05-01,Ocean Carrier 47,645283238,Marshall Islands,Taxed,Rerouted,0,True,Crude Oil Tanker,Ningbo,N/A (Exempt/Diplomatic),140000000,0.15,210000,12,1200,1548000,1758000,240000000,380000000,Oceania,0.879
980,2026-05-01,Golden Trader 72,255076321,China,Privileged,Passed,0,False,LNG Carrier,Hidden/Private,N/A (Exempt/Diplomatic),220000000,0.05,110000,0,0,0,110000,200000000,420000000,Asia,0.0323529411764705
981,2026-05-01,Ocean Star 84,455973885,Germany,Blocked,Blocked/Waiting (Anchored off Oman),0,False,LNG Carrier,Ningbo,N/A (Exempt/Diplomatic),220000000,0.5,1100000,0,0,0,1100000,200000000,420000000,Europe,0.3235294117647059
982,2026-05-01,Red Trader 81,674666203,UK,Blocked,Rerouted,0,True,Container Ship,Houston,N/A (Exempt/Diplomatic),110000000,0.15,165000,12,1800,2022000,2187000,150000000,260000000,Europe,145.8
983,2026-05-01,Golden Express 99,492563230,UK,Blocked,Rerouted,0,True,Crude Oil Tanker,Singapore,N/A (Exempt/Diplomatic),140000000,0.15,210000,12,1200,1548000,1758000,240000000,380000000,Europe,0.879
984,2026-05-01,Ocean Express 64,645252867,Turkey,Taxed,Passed,2000000,False,LNG Carrier,Houston,Other Non-USD,220000000,1.25,2750000,0,0,0,4750000,200000000,420000000,Asia,1.3970588235294117
985,2026-05-01,Eastern Carrier 22,239331548,India,Taxed,Passed,2000000,False,LNG Carrier,Mumbai,Other Non-USD,220000000,1.25,2750000,0,0,0,4750000,200000000,420000000,Asia,1.3970588235294117
986,2026-05-01,Global Spirit 46,284689687,Israel,Blocked,Rerouted,0,True,Bulk Carrier,Mumbai,N/A (Exempt/Diplomatic),45000000,0.15,67500,12,480,607200,674700,50000000,95000000,Asia,0.035
987,2026-05-01,Golden Trader 40,416775349,Iran,Privileged,Passed,0,False,Container Ship,Hidden/Private,N/A (Exempt/Diplomatic),110000000,0.05,55000,0,0,0,55000,150000000,260000000,Asia,3.6666666666666665
988,2026-05-02,Eastern Carrier 48,418009946,China,Privileged,Passed,0,False,Bulk Carrier,Hidden/Private,N/A (Exempt/Diplomatic),45000000,0.05,22500,0,0,0,22500,50000000,95000000,Asia,0.035
989,2026-05-02,Red Trader 68,353142014,UK,Blocked,Rerouted,0,True,LNG Carrier,Rotterdam,N/A (Exempt/Diplomatic),220000000,0.15,330000,12,1800,2658000,2988000,200000000,420000000,Europe,0.8788235294117647
990,2026-05-02,Golden Express 92,252837693,Russia,Privileged,Passed,0,False,Container Ship,Hidden/Private,N/A (Exempt/Diplomatic),110000000,0.05,55000,0,0,0,55000,150000000,260000000,Eurasia,3.6666666666666665
991,2026-05-02,Northern Leader 66,562724611,India,Taxed,Passed,2000000,False,LNG Carrier,Rotterdam,Other Non-USD,220000000,1.25,2750000,0,0,0,4750000,200000000,420000000,Asia,1.3970588235294117
992,2026-05-02,Eastern Carrier 22,239331548,India,Taxed,Passed,2000000,False,Bulk Carrier,Mumbai,Other Non-USD,45000000,1.25,562500,0,0,0,2562500,50000000,95000000,Asia,0.035
993,2026-05-02,Global Trader 69,505935698,USA,Blocked,Blocked/Waiting (Anchored off Oman),0,False,Container Ship,Singapore,N/A (Exempt/Diplomatic),110000000,0.5,550000,0,0,0,550000,150000000,260000000,North America,36.66666666666666
994,2026-05-02,Eastern Trader 74,429104699,Israel,Blocked,Rerouted,0,True,LNG Carrier,Mumbai,N/A (Exempt/Diplomatic),220000000,0.15,330000,12,1800,2658000,2988000,200000000,420000000,Asia,0.8788235294117647
995,2026-05-02,Golden Star 82,317018823,Israel,Blocked,Rerouted,0,True,LNG Carrier,Houston,N/A (Exempt/Diplomatic),220000000,0.15,330000,12,1800,2658000,2988000,200000000,420000000,Asia,0.8788235294117647
996,2026-05-02,Iron Leader 38,307144846,Israel,Blocked,Rerouted,0,True,Container Ship,Mumbai,N/A (Exempt/Diplomatic),110000000,0.15,165000,12,1800,2022000,2187000,150000000,260000000,Asia,145.8
997,2026-05-02,Eastern Carrier 13,686903727,USA,Blocked,Rerouted,0,True,LNG Carrier,Houston,N/A (Exempt/Diplomatic),220000000,0.15,330000,12,1800,2658000,2988000,200000000,420000000,North America,0.8788235294117647
998,2026-05-02,Red Titan 27,473549845,Norway,Blocked,Rerouted,0,True,Crude Oil Tanker,Singapore,N/A (Exempt/Diplomatic),140000000,0.15,210000,12,1200,1548000,1758000,240000000,380000000,Europe,0.879
999,2026-05-02,Global Titan 27,595389973,Iran,Privileged,Passed,0,False,LNG Carrier,Hidden/Private,N/A (Exempt/Diplomatic),220000000,0.05,110000,0,0,0,110000,200000000,420000000,Asia,0.0323529411764705
1000,2026-05-02,Ocean Carrier 41,692562960,Iran,Privileged,Passed,0,False,Bulk Carrier,Hidden/Private,N/A (Exempt/Diplomatic),45000000,0.05,22500,0,0,0,22500,50000000,95000000,Asia,0.035
1001,2026-05-02,Golden Titan 65,294562809,Germany,Blocked,Rerouted,0,True,LNG Carrier,Mumbai,N/A (Exempt/Diplomatic),220000000,0.15,330000,12,1800,2658000,2988000,200000000,420000000,Europe,0.8788235294117647
1002,2026-05-02,Red Trader 81,674666203,UK,Blocked,Rerouted,0,True,LNG Carrier,Mumbai,N/A (Exempt/Diplomatic),220000000,0.15,330000,12,1800,2658000,2988000,200000000,420000000,Europe,0.8788235294117647
1003,2026-05-02,Iron Trader 83,404215510,Norway,Blocked,Rerouted,0,True,Bulk Carrier,Singapore,N/A (Exempt/Diplomatic),45000000,0.15,67500,12,480,607200,674700,50000000,95000000,Europe,0.035
1004,2026-05-02,Iron Carrier 15,386403601,UK,Blocked,Rerouted,0,True,Bulk Carrier,Mumbai,N/A (Exempt/Diplomatic),45000000,0.15,67500,12,480,607200,674700,50000000,95000000,Europe,0.035
1005,2026-05-02,Global Star 43,403529838,Liberia,Taxed,Rerouted,0,True,Bulk Carrier,Singapore,N/A (Exempt/Diplomatic),45000000,0.15,67500,12,480,607200,674700,50000000,95000000,Africa,0.035
1006,2026-05-02,Northern Star 79,227963244,Marshall Islands,Taxed,Passed,2000000,False,Container Ship,Rotterdam,Other Non-USD,110000000,1.25,1375000,0,0,0,3375000,150000000,260000000,Oceania,225.0
1007,2026-05-02,Eastern Titan 84,519180042,Russia,Privileged,Passed,0,False,Crude Oil Tanker,Hidden/Private,N/A (Exempt/Diplomatic),140000000,0.05,70000,0,0,0,70000,240000000,380000000,Eurasia,0.035
1008,2026-05-02,Northern Spirit 19,205001198,Israel,Blocked,Rerouted,0,True,LNG Carrier,Houston,N/A (Exempt/Diplomatic),220000000,0.15,330000,12,1800,2658000,2988000,200000000,420000000,Asia,0.8788235294117647
1009,2026-05-02,Global Leader 37,390495200,Turkey,Taxed,Rerouted,0,True,Container Ship,Houston,N/A (Exempt/Diplomatic),110000000,0.15,165000,12,1800,2022000,2187000,150000000,260000000,Asia,145.8
1010,2026-05-02,Ocean Trader 16,662301106,Iran,Privileged,Passed,0,False,Bulk Carrier,Hidden/Private,N/A (Exempt/Diplomatic),45000000,0.05,22500,0,0,0,22500,50000000,95000000,Asia,0.035
1011,2026-05-02,Global Trader 35,279110057,China,Privileged,Passed,0,False,Container Ship,Hidden/Private,N/A (Exempt/Diplomatic),110000000,0.05,55000,0,0,0,55000,150000000,260000000,Asia,3.6666666666666665
1012,2026-05-02,Golden Trader 56,287324253,Marshall Islands,Taxed,Rerouted,0,True,LNG Carrier,Ningbo,N/A (Exempt/Diplomatic),220000000,0.15,330000,12,1800,2658000,2988000,200000000,420000000,Oceania,0.8788235294117647
1013,2026-05-02,Ocean Express 64,645252867,Turkey,Taxed,Passed,2000000,False,Bulk Carrier,Singapore,Other Non-USD,45000000,1.25,562500,0,0,0,2562500,50000000,95000000,Asia,0.035
1014,2026-05-02,Ocean Trader 33,236787109,Pakistan,Privileged,Passed,0,False,Container Ship,Hidden/Private,N/A (Exempt/Diplomatic),110000000,0.05,55000,0,0,0,55000,150000000,260000000,Asia,3.6666666666666665
1015,2026-05-02,Northern Express 35,240800296,UAE,Taxed,Rerouted,0,True,LNG Carrier,Rotterdam,N/A (Exempt/Diplomatic),220000000,0.15,330000,12,1800,2658000,2988000,200000000,420000000,Asia,0.8788235294117647
1016,2026-05-02,Golden Carrier 29,346215835,Panama,Taxed,Passed,2000000,False,LNG Carrier,Mumbai,Other Non-USD,220000000,1.25,2750000,0,0,0,4750000,200000000,420000000,North America,1.3970588235294117
1017,2026-05-02,Red Titan 16,335548300,Norway,Blocked,Rerouted,0,True,Crude Oil Tanker,Singapore,N/A (Exempt/Diplomatic),140000000,0.15,210000,12,1200,1548000,1758000,240000000,380000000,Europe,0.879
1018,2026-05-02,Global Titan 47,316877277,Russia,Privileged,Passed,0,False,Bulk Carrier,Hidden/Private,N/A (Exempt/Diplomatic),45000000,0.05,22500,0,0,0,22500,50000000,95000000,Eurasia,0.035
1019,2026-05-03,Ocean Leader 53,559098790,USA,Blocked,Rerouted,0,True,LNG Carrier,Ningbo,N/A (Exempt/Diplomatic),220000000,0.15,330000,12,1800,2658000,2988000,200000000,420000000,North America,0.8788235294117647
1020,2026-05-03,Ocean Trader 18,415128168,Norway,Blocked,Rerouted,0,True,Bulk Carrier,Mumbai,N/A (Exempt/Diplomatic),45000000,0.15,67500,12,480,607200,674700,50000000,95000000,Europe,0.035
1021,2026-05-03,Global Carrier 20,245984845,Norway,Blocked,Rerouted,0,True,Container Ship,Houston,N/A (Exempt/Diplomatic),110000000,0.15,165000,12,1800,2022000,2187000,150000000,260000000,Europe,145.8
1022,2026-05-03,Northern Leader 90,509060961,India,Taxed,Passed,2000000,False,LNG Carrier,Rotterdam,Other Non-USD,220000000,1.25,2750000,0,0,0,4750000,200000000,420000000,Asia,1.3970588235294117
1023,2026-05-03,Global Star 81,610407450,UK,Blocked,Blocked/Waiting (Anchored off Oman),0,False,Bulk Carrier,Mumbai,N/A (Exempt/Diplomatic),45000000,0.5,225000,0,0,0,225000,50000000,95000000,Europe,0.035
1024,2026-05-03,Global Carrier 50,314153005,Norway,Blocked,Rerouted,0,True,Bulk Carrier,Singapore,N/A (Exempt/Diplomatic),45000000,0.15,67500,12,480,607200,674700,50000000,95000000,Europe,0.035
1025,2026-05-03,Northern Titan 68,201742315,Turkey,Taxed,Passed,2000000,False,LNG Carrier,Mumbai,Other Non-USD,220000000,1.25,2750000,0,0,0,4750000,200000000,420000000,Asia,1.3970588235294117
1026,2026-05-03,Iron Star 41,307030950,China,Privileged,Passed,0,False,Container Ship,Hidden/Private,N/A (Exempt/Diplomatic),110000000,0.05,55000,0,0,0,55000,150000000,260000000,Asia,3.6666666666666665
1027,2026-05-03,Iron Carrier 97,586241038,India,Taxed,Passed,2000000,False,LNG Carrier,Ningbo,Other Non-USD,220000000,1.25,2750000,0,0,0,4750000,200000000,420000000,Asia,1.3970588235294117
1028,2026-05-03,Eastern Star 49,509128512,USA,Blocked,Blocked/Waiting (Anchored off Oman),0,False,Container Ship,Rotterdam,N/A (Exempt/Diplomatic),110000000,0.5,550000,0,0,0,550000,150000000,260000000,North America,36.66666666666666
1029,2026-05-03,Ocean Leader 83,302047765,Turkey,Taxed,Rerouted,0,True,LNG Carrier,Ningbo,N/A (Exempt/Diplomatic),220000000,0.15,330000,12,1800,2658000,2988000,200000000,420000000,Asia,0.8788235294117647
1030,2026-05-03,Golden Titan 61,376234293,Turkey,Taxed,Passed,2000000,False,LNG Carrier,Rotterdam,Other Non-USD,220000000,1.25,2750000,0,0,0,4750000,200000000,420000000,Asia,1.3970588235294117
1031,2026-05-03,Red Titan 56,296336946,Panama,Taxed,Passed,2000000,False,Crude Oil Tanker,Singapore,Other Non-USD,140000000,1.25,1750000,0,0,0,3750000,240000000,380000000,North America,1.875
1032,2026-05-03,Ocean Trader 40,561204424,Panama,Taxed,Passed,2000000,False,Bulk Carrier,Houston,Other Non-USD,45000000,1.25,562500,0,0,0,2562500,50000000,95000000,North America,0.035
1033,2026-05-03,Ocean Titan 52,620040549,UK,Blocked,Rerouted,0,True,Crude Oil Tanker,Rotterdam,N/A (Exempt/Diplomatic),140000000,0.15,210000,12,1200,1548000,1758000,240000000,380000000,Europe,0.879
1034,2026-05-03,Global Titan 27,595389973,Iran,Privileged,Passed,0,False,Crude Oil Tanker,Hidden/Private,N/A (Exempt/Diplomatic),140000000,0.05,70000,0,0,0,70000,240000000,380000000,Asia,0.035
1035,2026-05-03,Ocean Star 58,251924210,Marshall Islands,Taxed,Rerouted,0,True,Crude Oil Tanker,Singapore,N/A (Exempt/Diplomatic),140000000,0.15,210000,12,1200,1548000,1758000,240000000,380000000,Oceania,0.879
1036,2026-05-03,Northern Express 40,347423381,Israel,Blocked,Rerouted,0,True,Crude Oil Tanker,Houston,N/A (Exempt/Diplomatic),140000000,0.15,210000,12,1200,1548000,1758000,240000000,380000000,Asia,0.879
1037,2026-05-03,Global Carrier 26,588346949,Norway,Blocked,Rerouted,0,True,LNG Carrier,Ningbo,N/A (Exempt/Diplomatic),220000000,0.15,330000,12,1800,2658000,2988000,200000000,420000000,Europe,0.8788235294117647
1038,2026-05-03,Red Trader 81,674666203,UK,Blocked,Rerouted,0,True,Crude Oil Tanker,Mumbai,N/A (Exempt/Diplomatic),140000000,0.15,210000,12,1200,1548000,1758000,240000000,380000000,Europe,0.879
1039,2026-05-03,Ocean Star 21,317380369,UAE,Taxed,Passed,2000000,False,Crude Oil Tanker,Houston,Other Non-USD,140000000,1.25,1750000,0,0,0,3750000,240000000,380000000,Asia,1.875
1040,2026-05-03,Global Spirit 24,677660874,Iran,Privileged,Passed,0,False,Bulk Carrier,Hidden/Private,N/A (Exempt/Diplomatic),45000000,0.05,22500,0,0,0,22500,50000000,95000000,Asia,0.035
1041,2026-05-03,Iron Titan 91,348880396,Germany,Blocked,Rerouted,0,True,LNG Carrier,Singapore,N/A (Exempt/Diplomatic),220000000,0.15,330000,12,1800,2658000,2988000,200000000,420000000,Europe,0.8788235294117647
1042,2026-05-03,Eastern Titan 10,238114122,Russia,Privileged,Passed,0,False,Crude Oil Tanker,Hidden/Private,N/A (Exempt/Diplomatic),140000000,0.05,70000,0,0,0,70000,240000000,380000000,Eurasia,0.035
1043,2026-05-03,Eastern Carrier 13,501316148,India,Taxed,Passed,2000000,False,Crude Oil Tanker,Mumbai,Other Non-USD,140000000,1.25,1750000,0,0,0,3750000,240000000,380000000,Asia,1.875
1044,2026-05-03,Global Trader 69,505935698,USA,Blocked,Rerouted,0,True,Crude Oil Tanker,Singapore,N/A (Exempt/Diplomatic),140000000,0.15,210000,12,1200,1548000,1758000,240000000,380000000,North America,0.879
1045,2026-05-04,Global Carrier 26,588346949,Norway,Blocked,Rerouted,0,True,Bulk Carrier,Mumbai,N/A (Exempt/Diplomatic),45000000,0.15,67500,12,480,607200,674700,50000000,95000000,Europe,0.035
1046,2026-05-04,Eastern Express 79,232726345,Liberia,Taxed,Passed,2000000,False,Crude Oil Tanker,Ningbo,Other Non-USD,140000000,1.25,1750000,0,0,0,3750000,240000000,380000000,Africa,1.875
1047,2026-05-04,Eastern Trader 74,429104699,Israel,Blocked,Blocked/Waiting (Anchored off Oman),0,False,Bulk Carrier,Mumbai,N/A (Exempt/Diplomatic),45000000,0.5,225000,0,0,0,225000,50000000,95000000,Asia,0.035
1048,2026-05-04,Eastern Carrier 89,321164857,Germany,Blocked,Blocked/Waiting (Anchored off Oman),0,False,Bulk Carrier,Singapore,N/A (Exempt/Diplomatic),45000000,0.5,225000,0,0,0,225000,50000000,95000000,Europe,0.035
1049,2026-05-04,Eastern Star 57,512732442,Iraq,Privileged,Passed,0,False,Crude Oil Tanker,Hidden/Private,N/A (Exempt/Diplomatic),140000000,0.05,70000,0,0,0,70000,240000000,380000000,Asia,0.035
1050,2026-05-04,Northern Trader 12,249957637,Panama,Taxed,Rerouted,0,True,Crude Oil Tanker,Rotterdam,N/A (Exempt/Diplomatic),140000000,0.15,210000,12,1200,1548000,1758000,240000000,380000000,North America,0.879
1051,2026-05-04,Iron Star 45,388520142,Germany,Blocked,Blocked/Waiting (Anchored off Oman),0,False,LNG Carrier,Mumbai,N/A (Exempt/Diplomatic),220000000,0.5,1100000,0,0,0,1100000,200000000,420000000,Europe,0.3235294117647059
1052,2026-05-04,Global Spirit 60,270264740,Panama,Taxed,Passed,2000000,False,Container Ship,Houston,Other Non-USD,110000000,1.25,1375000,0,0,0,3375000,150000000,260000000,North America,225.0
1053,2026-05-04,Iron Star 78,611154230,Iraq,Privileged,Passed,0,False,Bulk Carrier,Hidden/Private,N/A (Exempt/Diplomatic),45000000,0.05,22500,0,0,0,22500,50000000,95000000,Asia,0.035
1054,2026-05-04,Iron Spirit 87,342013556,Russia,Privileged,Passed,0,False,Crude Oil Tanker,Hidden/Private,N/A (Exempt/Diplomatic),140000000,0.05,70000,0,0,0,70000,240000000,380000000,Eurasia,0.035
1055,2026-05-04,Golden Titan 18,422730506,UK,Blocked,Rerouted,0,True,Bulk Carrier,Ningbo,N/A (Exempt/Diplomatic),45000000,0.15,67500,12,480,607200,674700,50000000,95000000,Europe,0.035
1056,2026-05-04,Global Titan 93,569164473,China,Privileged,Passed,0,False,Crude Oil Tanker,Hidden/Private,N/A (Exempt/Diplomatic),140000000,0.05,70000,0,0,0,70000,240000000,380000000,Asia,0.035
1057,2026-05-04,Global Star 22,553788671,UK,Blocked,Rerouted,0,True,Container Ship,Mumbai,N/A (Exempt/Diplomatic),110000000,0.15,165000,12,1800,2022000,2187000,150000000,260000000,Europe,145.8
1058,2026-05-04,Red Spirit 86,576445159,Turkey,Taxed,Passed,2000000,False,Container Ship,Singapore,Other Non-USD,110000000,1.25,1375000,0,0,0,3375000,150000000,260000000,Asia,225.0
1059,2026-05-04,Global Trader 35,279110057,China,Privileged,Passed,0,False,LNG Carrier,Hidden/Private,N/A (Exempt/Diplomatic),220000000,0.05,110000,0,0,0,110000,200000000,420000000,Asia,0.0323529411764705
1060,2026-05-04,Eastern Titan 53,309305473,Turkey,Taxed,Rerouted,0,True,Crude Oil Tanker,Ningbo,N/A (Exempt/Diplomatic),140000000,0.15,210000,12,1200,1548000,1758000,240000000,380000000,Asia,0.879
1061,2026-05-04,Ocean Express 79,648838894,China,Privileged,Passed,0,False,Crude Oil Tanker,Hidden/Private,N/A (Exempt/Diplomatic),140000000,0.05,70000,0,0,0,70000,240000000,380000000,Asia,0.035
1062,2026-05-04,Golden Star 13,598116895,Turkey,Taxed,Passed,2000000,False,Container Ship,Houston,Other Non-USD,110000000,1.25,1375000,0,0,0,3375000,150000000,260000000,Asia,225.0
1063,2026-05-04,Ocean Star 21,317380369,UAE,Taxed,Passed,2000000,False,LNG Carrier,Houston,Other Non-USD,220000000,1.25,2750000,0,0,0,4750000,200000000,420000000,Asia,1.3970588235294117
1064,2026-05-04,Northern Leader 85,344093758,Liberia,Taxed,Passed,2000000,False,Bulk Carrier,Houston,Other Non-USD,45000000,1.25,562500,0,0,0,2562500,50000000,95000000,Africa,0.035
1065,2026-05-04,Global Carrier 50,314153005,Norway,Blocked,Rerouted,0,True,LNG Carrier,Singapore,N/A (Exempt/Diplomatic),220000000,0.15,330000,12,1800,2658000,2988000,200000000,420000000,Europe,0.8788235294117647
1066,2026-05-04,Global Express 30,625244369,UK,Blocked,Blocked/Waiting (Anchored off Oman),0,False,Crude Oil Tanker,Singapore,N/A (Exempt/Diplomatic),140000000,0.5,700000,0,0,0,700000,240000000,380000000,Europe,0.35
1067,2026-05-04,Northern Titan 44,433987659,Norway,Blocked,Rerouted,0,True,Crude Oil Tanker,Mumbai,N/A (Exempt/Diplomatic),140000000,0.15,210000,12,1200,1548000,1758000,240000000,380000000,Europe,0.879
1068,2026-05-04,Red Titan 16,335548300,Norway,Blocked,Rerouted,0,True,Crude Oil Tanker,Houston,N/A (Exempt/Diplomatic),140000000,0.15,210000,12,1200,1548000,1758000,240000000,380000000,Europe,0.879
1069,2026-05-04,Golden Express 59,465416722,USA,Blocked,Rerouted,0,True,LNG Carrier,Mumbai,N/A (Exempt/Diplomatic),220000000,0.15,330000,12,1800,2658000,2988000,200000000,420000000,North America,0.8788235294117647
1070,2026-05-04,Eastern Spirit 72,210456496,Iran,Privileged,Passed,0,False,Crude Oil Tanker,Hidden/Private,N/A (Exempt/Diplomatic),140000000,0.05,70000,0,0,0,70000,240000000,380000000,Asia,0.035
1071,2026-05-04,Northern Express 68,276703600,Turkey,Taxed,Passed,2000000,False,LNG Carrier,Singapore,Other Non-USD,220000000,1.25,2750000,0,0,0,4750000,200000000,420000000,Asia,1.3970588235294117
1072,2026-05-04,Ocean Carrier 41,692562960,Iran,Privileged,Passed,0,False,Bulk Carrier,Hidden/Private,N/A (Exempt/Diplomatic),45000000,0.05,22500,0,0,0,22500,50000000,95000000,Asia,0.035
1073,2026-05-04,Global Leader 58,344927134,UAE,Taxed,Passed,2000000,False,Container Ship,Ningbo,Other Non-USD,110000000,1.25,1375000,0,0,0,3375000,150000000,260000000,Asia,225.0
1074,2026-05-04,Golden Carrier 64,682014990,USA,Blocked,Blocked/Waiting (Anchored off Oman),0,False,Crude Oil Tanker,Rotterdam,N/A (Exempt/Diplomatic),140000000,0.5,700000,0,0,0,700000,240000000,380000000,North America,0.35
1075,2026-05-04,Golden Express 81,555339452,Norway,Blocked,Rerouted,0,True,LNG Carrier,Houston,N/A (Exempt/Diplomatic),220000000,0.15,330000,12,1800,2658000,2988000,200000000,420000000,Europe,0.8788235294117647
1076,2026-05-04,Ocean Express 48,656497707,Iran,Privileged,Passed,0,False,Container Ship,Hidden/Private,N/A (Exempt/Diplomatic),110000000,0.05,55000,0,0,0,55000,150000000,260000000,Asia,3.6666666666666665
1077,2026-05-04,Global Trader 19,437904006,Iran,Privileged,Passed,0,False,Container Ship,Hidden/Private,N/A (Exempt/Diplomatic),110000000,0.05,55000,0,0,0,55000,150000000,260000000,Asia,3.6666666666666665
1078,2026-05-05,Golden Trader 72,255076321,China,Privileged,Passed,0,False,Crude Oil Tanker,Hidden/Private,N/A (Exempt/Diplomatic),140000000,0.05,70000,0,0,0,70000,240000000,380000000,Asia,0.035
1079,2026-05-05,Northern Leader 90,509060961,India,Taxed,Rerouted,0,True,Container Ship,Rotterdam,N/A (Exempt/Diplomatic),110000000,0.15,165000,12,1800,2022000,2187000,150000000,260000000,Asia,145.8
1080,2026-05-05,Global Spirit 24,677660874,Iran,Privileged,Passed,0,False,Crude Oil Tanker,Hidden/Private,N/A (Exempt/Diplomatic),140000000,0.05,70000,0,0,0,70000,240000000,380000000,Asia,0.035
1081,2026-05-05,Ocean Trader 40,289287596,UK,Blocked,Blocked/Waiting (Anchored off Oman),0,False,Bulk Carrier,Houston,N/A (Exempt/Diplomatic),45000000,0.5,225000,0,0,0,225000,50000000,95000000,Europe,0.035
1082,2026-05-05,Eastern Titan 53,309305473,Turkey,Taxed,Passed,2000000,False,Container Ship,Mumbai,Other Non-USD,110000000,1.25,1375000,0,0,0,3375000,150000000,260000000,Asia,225.0
1083,2026-05-05,Golden Trader 40,416775349,Iran,Privileged,Passed,0,False,Bulk Carrier,Hidden/Private,N/A (Exempt/Diplomatic),45000000,0.05,22500,0,0,0,22500,50000000,95000000,Asia,0.035
1084,2026-05-05,Ocean Carrier 47,645283238,Marshall Islands,Taxed,Passed,2000000,False,LNG Carrier,Singapore,Other Non-USD,220000000,1.25,2750000,0,0,0,4750000,200000000,420000000,Oceania,1.3970588235294117
1085,2026-05-05,Global Titan 99,478076450,Israel,Blocked,Rerouted,0,True,Container Ship,Mumbai,N/A (Exempt/Diplomatic),110000000,0.15,165000,12,1800,2022000,2187000,150000000,260000000,Asia,145.8
1086,2026-05-05,Global Titan 34,487916220,Israel,Blocked,Rerouted,0,True,Crude Oil Tanker,Rotterdam,N/A (Exempt/Diplomatic),140000000,0.15,210000,12,1200,1548000,1758000,240000000,380000000,Asia,0.879
1087,2026-05-05,Golden Titan 18,422730506,UK,Blocked,Rerouted,0,True,LNG Carrier,Rotterdam,N/A (Exempt/Diplomatic),220000000,0.15,330000,12,1800,2658000,2988000,200000000,420000000,Europe,0.8788235294117647
1088,2026-05-05,Ocean Express 48,656497707,Iran,Privileged,Passed,0,False,Bulk Carrier,Hidden/Private,N/A (Exempt/Diplomatic),45000000,0.05,22500,0,0,0,22500,50000000,95000000,Asia,0.035
1089,2026-05-05,Eastern Express 29,697015667,UAE,Taxed,Passed,2000000,False,Bulk Carrier,Houston,Other Non-USD,45000000,1.25,562500,0,0,0,2562500,50000000,95000000,Asia,0.035
1090,2026-05-05,Golden Titan 61,376234293,Turkey,Taxed,Passed,2000000,False,Crude Oil Tanker,Rotterdam,Other Non-USD,140000000,1.25,1750000,0,0,0,3750000,240000000,380000000,Asia,1.875
1091,2026-05-05,Ocean Express 79,648838894,China,Privileged,Passed,0,False,LNG Carrier,Hidden/Private,N/A (Exempt/Diplomatic),220000000,0.05,110000,0,0,0,110000,200000000,420000000,Asia,0.0323529411764705
1092,2026-05-05,Golden Spirit 17,322969247,Russia,Privileged,Passed,0,False,Container Ship,Hidden/Private,N/A (Exempt/Diplomatic),110000000,0.05,55000,0,0,0,55000,150000000,260000000,Eurasia,3.6666666666666665
1093,2026-05-05,Eastern Carrier 48,418009946,China,Privileged,Passed,0,False,LNG Carrier,Hidden/Private,N/A (Exempt/Diplomatic),220000000,0.05,110000,0,0,0,110000,200000000,420000000,Asia,0.0323529411764705
1094,2026-05-05,Eastern Spirit 94,655274738,Iran,Privileged,Passed,0,False,Container Ship,Hidden/Private,N/A (Exempt/Diplomatic),110000000,0.05,55000,0,0,0,55000,150000000,260000000,Asia,3.6666666666666665
1095,2026-05-05,Northern Titan 44,433987659,Norway,Blocked,Rerouted,0,True,LNG Carrier,Ningbo,N/A (Exempt/Diplomatic),220000000,0.15,330000,12,1800,2658000,2988000,200000000,420000000,Europe,0.8788235294117647
1096,2026-05-05,Golden Spirit 74,366045938,UK,Blocked,Rerouted,0,True,Container Ship,Ningbo,N/A (Exempt/Diplomatic),110000000,0.15,165000,12,1800,2022000,2187000,150000000,260000000,Europe,145.8
1097,2026-05-05,Global Carrier 50,314153005,Norway,Blocked,Rerouted,0,True,LNG Carrier,Mumbai,N/A (Exempt/Diplomatic),220000000,0.15,330000,12,1800,2658000,2988000,200000000,420000000,Europe,0.8788235294117647
1098,2026-05-05,Global Titan 93,569164473,China,Privileged,Passed,0,False,Crude Oil Tanker,Hidden/Private,N/A (Exempt/Diplomatic),140000000,0.05,70000,0,0,0,70000,240000000,380000000,Asia,0.035
1099,2026-05-05,Global Leader 98,330623464,Panama,Taxed,Passed,2000000,False,Crude Oil Tanker,Houston,Other Non-USD,140000000,1.25,1750000,0,0,0,3750000,240000000,380000000,North America,1.875
1100,2026-05-05,Iron Carrier 48,528391997,Germany,Blocked,Rerouted,0,True,Container Ship,Singapore,N/A (Exempt/Diplomatic),110000000,0.15,165000,12,1800,2022000,2187000,150000000,260000000,Europe,145.8
1101,2026-05-05,Eastern Spirit 80,662127581,China,Privileged,Passed,0,False,LNG Carrier,Hidden/Private,N/A (Exempt/Diplomatic),220000000,0.05,110000,0,0,0,110000,200000000,420000000,Asia,0.0323529411764705
1102,2026-05-05,Golden Leader 92,582167480,Norway,Blocked,Blocked/Waiting (Anchored off Oman),0,False,Crude Oil Tanker,Houston,N/A (Exempt/Diplomatic),140000000,0.5,700000,0,0,0,700000,240000000,380000000,Europe,0.35
1103,2026-05-06,Ocean Express 65,200907996,Germany,Blocked,Rerouted,0,True,Bulk Carrier,Houston,N/A (Exempt/Diplomatic),45000000,0.15,67500,12,480,607200,674700,50000000,95000000,Europe,0.035
1104,2026-05-06,Eastern Carrier 13,686903727,USA,Blocked,Blocked/Waiting (Anchored off Oman),0,False,LNG Carrier,Ningbo,N/A (Exempt/Diplomatic),220000000,0.5,1100000,0,0,0,1100000,200000000,420000000,North America,0.3235294117647059
1105,2026-05-06,Global Trader 35,279110057,China,Privileged,Passed,0,False,LNG Carrier,Hidden/Private,N/A (Exempt/Diplomatic),220000000,0.05,110000,0,0,0,110000,200000000,420000000,Asia,0.0323529411764705
1106,2026-05-06,Ocean Carrier 41,692562960,Iran,Privileged,Passed,0,False,Bulk Carrier,Hidden/Private,N/A (Exempt/Diplomatic),45000000,0.05,22500,0,0,0,22500,50000000,95000000,Asia,0.035
1107,2026-05-06,Northern Express 93,400478606,Israel,Blocked,Rerouted,0,True,LNG Carrier,Ningbo,N/A (Exempt/Diplomatic),220000000,0.15,330000,12,1800,2658000,2988000,200000000,420000000,Asia,0.8788235294117647
1108,2026-05-06,Eastern Star 76,302572638,Pakistan,Privileged,Passed,0,False,Bulk Carrier,Hidden/Private,N/A (Exempt/Diplomatic),45000000,0.05,22500,0,0,0,22500,50000000,95000000,Asia,0.035
1109,2026-05-06,Golden Titan 69,693675149,Iraq,Privileged,Passed,0,False,Crude Oil Tanker,Hidden/Private,N/A (Exempt/Diplomatic),140000000,0.05,70000,0,0,0,70000,240000000,380000000,Asia,0.035
1110,2026-05-06,Eastern Trader 98,307992155,Panama,Taxed,Passed,2000000,False,Container Ship,Houston,Other Non-USD,110000000,1.25,1375000,0,0,0,3375000,150000000,260000000,North America,225.0
1111,2026-05-06,Global Express 71,348444607,Germany,Blocked,Rerouted,0,True,Container Ship,Houston,N/A (Exempt/Diplomatic),110000000,0.15,165000,12,1800,2022000,2187000,150000000,260000000,Europe,145.8
1112,2026-05-06,Iron Express 53,259889117,Panama,Taxed,Rerouted,0,True,Container Ship,Rotterdam,N/A (Exempt/Diplomatic),110000000,0.15,165000,12,1800,2022000,2187000,150000000,260000000,North America,145.8
1113,2026-05-06,Red Titan 27,473549845,Norway,Blocked,Rerouted,0,True,Crude Oil Tanker,Singapore,N/A (Exempt/Diplomatic),140000000,0.15,210000,12,1200,1548000,1758000,240000000,380000000,Europe,0.879
1114,2026-05-06,Iron Express 41,343240225,Greece,Taxed,Rerouted,0,True,Crude Oil Tanker,Ningbo,N/A (Exempt/Diplomatic),140000000,0.15,210000,12,1200,1548000,1758000,240000000,380000000,Europe,0.879
1115,2026-05-06,Ocean Leader 56,541227155,Israel,Blocked,Rerouted,0,True,LNG Carrier,Mumbai,N/A (Exempt/Diplomatic),220000000,0.15,330000,12,1800,2658000,2988000,200000000,420000000,Asia,0.8788235294117647
1116,2026-05-06,Global Leader 51,381194227,USA,Blocked,Rerouted,0,True,LNG Carrier,Rotterdam,N/A (Exempt/Diplomatic),220000000,0.15,330000,12,1800,2658000,2988000,200000000,420000000,North America,0.8788235294117647
1117,2026-05-06,Northern Star 79,227963244,Marshall Islands,Taxed,Passed,2000000,False,Bulk Carrier,Ningbo,Other Non-USD,45000000,1.25,562500,0,0,0,2562500,50000000,95000000,Oceania,0.035
1118,2026-05-06,Global Spirit 24,677660874,Iran,Privileged,Passed,0,False,Crude Oil Tanker,Hidden/Private,N/A (Exempt/Diplomatic),140000000,0.05,70000,0,0,0,70000,240000000,380000000,Asia,0.035
1119,2026-05-06,Global Titan 99,478076450,Israel,Blocked,Rerouted,0,True,Container Ship,Rotterdam,N/A (Exempt/Diplomatic),110000000,0.15,165000,12,1800,2022000,2187000,150000000,260000000,Asia,145.8
1120,2026-05-06,Ocean Titan 52,620040549,UK,Blocked,Rerouted,0,True,LNG Carrier,Houston,N/A (Exempt/Diplomatic),220000000,0.15,330000,12,1800,2658000,2988000,200000000,420000000,Europe,0.8788235294117647
1121,2026-05-06,Ocean Star 86,433304641,Marshall Islands,Taxed,Passed,2000000,False,Bulk Carrier,Rotterdam,Other Non-USD,45000000,1.25,562500,0,0,0,2562500,50000000,95000000,Oceania,0.035
1122,2026-05-06,Global Star 34,369408512,Iran,Privileged,Passed,0,False,Container Ship,Hidden/Private,N/A (Exempt/Diplomatic),110000000,0.05,55000,0,0,0,55000,150000000,260000000,Asia,3.6666666666666665
1123,2026-05-06,Red Titan 16,335548300,Norway,Blocked,Rerouted,0,True,Bulk Carrier,Houston,N/A (Exempt/Diplomatic),45000000,0.15,67500,12,480,607200,674700,50000000,95000000,Europe,0.035
1124,2026-05-06,Ocean Titan 58,201157156,USA,Blocked,Rerouted,0,True,Bulk Carrier,Ningbo,N/A (Exempt/Diplomatic),45000000,0.15,67500,12,480,607200,674700,50000000,95000000,North America,0.035
1125,2026-05-06,Ocean Trader 33,236787109,Pakistan,Privileged,Passed,0,False,Container Ship,Hidden/Private,N/A (Exempt/Diplomatic),110000000,0.05,55000,0,0,0,55000,150000000,260000000,Asia,3.6666666666666665
1126,2026-05-06,Iron Leader 38,307144846,Israel,Blocked,Blocked/Waiting (Anchored off Oman),0,False,Bulk Carrier,Houston,N/A (Exempt/Diplomatic),45000000,0.5,225000,0,0,0,225000,50000000,95000000,Asia,0.035
1127,2026-05-06,Ocean Star 52,613991481,Iraq,Privileged,Passed,0,False,LNG Carrier,Hidden/Private,N/A (Exempt/Diplomatic),220000000,0.05,110000,0,0,0,110000,200000000,420000000,Asia,0.0323529411764705
1128,2026-05-06,Global Spirit 60,270264740,Panama,Taxed,Passed,2000000,False,LNG Carrier,Mumbai,Other Non-USD,220000000,1.25,2750000,0,0,0,4750000,200000000,420000000,North America,1.3970588235294117
1129,2026-05-06,Red Leader 99,358728676,Iraq,Privileged,Passed,0,False,Container Ship,Hidden/Private,N/A (Exempt/Diplomatic),110000000,0.05,55000,0,0,0,55000,150000000,260000000,Asia,3.6666666666666665
1130,2026-05-06,Eastern Trader 32,472559523,Iran,Privileged,Passed,0,False,LNG Carrier,Hidden/Private,N/A (Exempt/Diplomatic),220000000,0.05,110000,0,0,0,110000,200000000,420000000,Asia,0.0323529411764705
1131,2026-05-06,Iron Express 48,651867790,Germany,Blocked,Blocked/Waiting (Anchored off Oman),0,False,Crude Oil Tanker,Ningbo,N/A (Exempt/Diplomatic),140000000,0.5,700000,0,0,0,700000,240000000,380000000,Europe,0.35
1132,2026-05-06,Northern Express 78,377784731,China,Privileged,Passed,0,False,LNG Carrier,Hidden/Private,N/A (Exempt/Diplomatic),220000000,0.05,110000,0,0,0,110000,200000000,420000000,Asia,0.0323529411764705
1133,2026-05-06,Red Trader 63,335437245,Pakistan,Privileged,Passed,0,False,Crude Oil Tanker,Hidden/Private,N/A (Exempt/Diplomatic),140000000,0.05,70000,0,0,0,70000,240000000,380000000,Asia,0.035
1134,2026-05-07,Ocean Leader 83,302047765,Turkey,Taxed,Rerouted,0,True,Bulk Carrier,Houston,N/A (Exempt/Diplomatic),45000000,0.15,67500,12,480,607200,674700,50000000,95000000,Asia,0.035
1135,2026-05-07,Golden Trader 40,416775349,Iran,Privileged,Passed,0,False,LNG Carrier,Hidden/Private,N/A (Exempt/Diplomatic),220000000,0.05,110000,0,0,0,110000,200000000,420000000,Asia,0.0323529411764705
1136,2026-05-07,Global Trader 63,409098769,China,Privileged,Passed,0,False,LNG Carrier,Hidden/Private,N/A (Exempt/Diplomatic),220000000,0.05,110000,0,0,0,110000,200000000,420000000,Asia,0.0323529411764705
1137,2026-05-07,Eastern Express 79,232726345,Liberia,Taxed,Passed,2000000,False,LNG Carrier,Singapore,Other Non-USD,220000000,1.25,2750000,0,0,0,4750000,200000000,420000000,Africa,1.3970588235294117
1138,2026-05-07,Northern Titan 68,201742315,Turkey,Taxed,Passed,2000000,False,Container Ship,Rotterdam,Other Non-USD,110000000,1.25,1375000,0,0,0,3375000,150000000,260000000,Asia,225.0
1139,2026-05-07,Iron Star 78,611154230,Iraq,Privileged,Passed,0,False,Bulk Carrier,Hidden/Private,N/A (Exempt/Diplomatic),45000000,0.05,22500,0,0,0,22500,50000000,95000000,Asia,0.035
1140,2026-05-07,Eastern Carrier 13,686903727,USA,Blocked,Rerouted,0,True,LNG Carrier,Mumbai,N/A (Exempt/Diplomatic),220000000,0.15,330000,12,1800,2658000,2988000,200000000,420000000,North America,0.8788235294117647
1141,2026-05-07,Golden Express 81,555339452,Norway,Blocked,Rerouted,0,True,Bulk Carrier,Ningbo,N/A (Exempt/Diplomatic),45000000,0.15,67500,12,480,607200,674700,50000000,95000000,Europe,0.035
1142,2026-05-07,Global Titan 27,595389973,Iran,Privileged,Passed,0,False,Container Ship,Hidden/Private,N/A (Exempt/Diplomatic),110000000,0.05,55000,0,0,0,55000,150000000,260000000,Asia,3.6666666666666665
1143,2026-05-07,Eastern Titan 53,309305473,Turkey,Taxed,Passed,2000000,False,Crude Oil Tanker,Rotterdam,Other Non-USD,140000000,1.25,1750000,0,0,0,3750000,240000000,380000000,Asia,1.875
1144,2026-05-07,Northern Leader 66,562724611,India,Taxed,Passed,2000000,False,Container Ship,Ningbo,Other Non-USD,110000000,1.25,1375000,0,0,0,3375000,150000000,260000000,Asia,225.0
1145,2026-05-07,Global Leader 98,330623464,Panama,Taxed,Passed,2000000,False,LNG Carrier,Rotterdam,Other Non-USD,220000000,1.25,2750000,0,0,0,4750000,200000000,420000000,North America,1.3970588235294117
1146,2026-05-07,Red Trader 49,328554982,Russia,Privileged,Passed,0,False,Bulk Carrier,Hidden/Private,N/A (Exempt/Diplomatic),45000000,0.05,22500,0,0,0,22500,50000000,95000000,Eurasia,0.035
1147,2026-05-07,Iron Spirit 87,342013556,Russia,Privileged,Passed,0,False,Container Ship,Hidden/Private,N/A (Exempt/Diplomatic),110000000,0.05,55000,0,0,0,55000,150000000,260000000,Eurasia,3.6666666666666665
1148,2026-05-07,Global Express 71,348444607,Germany,Blocked,Blocked/Waiting (Anchored off Oman),0,False,Crude Oil Tanker,Singapore,N/A (Exempt/Diplomatic),140000000,0.5,700000,0,0,0,700000,240000000,380000000,Europe,0.35
1149,2026-05-07,Global Spirit 24,677660874,Iran,Privileged,Passed,0,False,Bulk Carrier,Hidden/Private,N/A (Exempt/Diplomatic),45000000,0.05,22500,0,0,0,22500,50000000,95000000,Asia,0.035
1150,2026-05-07,Global Star 43,403529838,Liberia,Taxed,Passed,2000000,False,Bulk Carrier,Rotterdam,Other Non-USD,45000000,1.25,562500,0,0,0,2562500,50000000,95000000,Africa,0.035
1151,2026-05-07,Eastern Titan 18,224601779,UAE,Taxed,Passed,2000000,False,Bulk Carrier,Houston,Other Non-USD,45000000,1.25,562500,0,0,0,2562500,50000000,95000000,Asia,0.035
1152,2026-05-07,Golden Spirit 57,290081110,Iran,Privileged,Passed,0,False,Container Ship,Hidden/Private,N/A (Exempt/Diplomatic),110000000,0.05,55000,0,0,0,55000,150000000,260000000,Asia,3.6666666666666665
1153,2026-05-07,Iron Star 41,307030950,China,Privileged,Passed,0,False,Container Ship,Hidden/Private,N/A (Exempt/Diplomatic),110000000,0.05,55000,0,0,0,55000,150000000,260000000,Asia,3.6666666666666665
1154,2026-05-07,Golden Titan 65,294562809,Germany,Blocked,Rerouted,0,True,LNG Carrier,Mumbai,N/A (Exempt/Diplomatic),220000000,0.15,330000,12,1800,2658000,2988000,200000000,420000000,Europe,0.8788235294117647
1155,2026-05-07,Eastern Carrier 22,239331548,India,Taxed,Passed,2000000,False,Crude Oil Tanker,Ningbo,Other Non-USD,140000000,1.25,1750000,0,0,0,3750000,240000000,380000000,Asia,1.875
1156,2026-05-07,Northern Leader 90,509060961,India,Taxed,Passed,2000000,False,Crude Oil Tanker,Rotterdam,Other Non-USD,140000000,1.25,1750000,0,0,0,3750000,240000000,380000000,Asia,1.875
1157,2026-05-07,Northern Titan 44,433987659,Norway,Blocked,Rerouted,0,True,LNG Carrier,Singapore,N/A (Exempt/Diplomatic),220000000,0.15,330000,12,1800,2658000,2988000,200000000,420000000,Europe,0.8788235294117647
1158,2026-05-07,Golden Titan 18,422730506,UK,Blocked,Blocked/Waiting (Anchored off Oman),0,False,LNG Carrier,Houston,N/A (Exempt/Diplomatic),220000000,0.5,1100000,0,0,0,1100000,200000000,420000000,Europe,0.3235294117647059
1159,2026-05-07,Eastern Star 57,512732442,Iraq,Privileged,Passed,0,False,Container Ship,Hidden/Private,N/A (Exempt/Diplomatic),110000000,0.05,55000,0,0,0,55000,150000000,260000000,Asia,3.6666666666666665
1160,2026-05-08,Red Trader 49,328554982,Russia,Privileged,Passed,0,False,Crude Oil Tanker,Hidden/Private,N/A (Exempt/Diplomatic),140000000,0.05,70000,0,0,0,70000,240000000,380000000,Eurasia,0.035
1161,2026-05-08,Global Leader 85,349352498,China,Privileged,Passed,0,False,Crude Oil Tanker,Hidden/Private,N/A (Exempt/Diplomatic),140000000,0.05,70000,0,0,0,70000,240000000,380000000,Asia,0.035
1162,2026-05-08,Eastern Carrier 48,418009946,China,Privileged,Passed,0,False,Bulk Carrier,Hidden/Private,N/A (Exempt/Diplomatic),45000000,0.05,22500,0,0,0,22500,50000000,95000000,Asia,0.035
1163,2026-05-08,Red Leader 80,377592227,Marshall Islands,Taxed,Passed,2000000,False,Crude Oil Tanker,Mumbai,Other Non-USD,140000000,1.25,1750000,0,0,0,3750000,240000000,380000000,Oceania,1.875
1164,2026-05-08,Eastern Titan 53,309305473,Turkey,Taxed,Passed,2000000,False,Bulk Carrier,Houston,Other Non-USD,45000000,1.25,562500,0,0,0,2562500,50000000,95000000,Asia,0.035
1165,2026-05-08,Ocean Star 58,251924210,Marshall Islands,Taxed,Rerouted,0,True,Container Ship,Singapore,N/A (Exempt/Diplomatic),110000000,0.15,165000,12,1800,2022000,2187000,150000000,260000000,Oceania,145.8
1166,2026-05-08,Global Carrier 50,314153005,Norway,Blocked,Rerouted,0,True,Crude Oil Tanker,Singapore,N/A (Exempt/Diplomatic),140000000,0.15,210000,12,1200,1548000,1758000,240000000,380000000,Europe,0.879
1167,2026-05-08,Eastern Express 31,486764160,UAE,Taxed,Rerouted,0,True,LNG Carrier,Ningbo,N/A (Exempt/Diplomatic),220000000,0.15,330000,12,1800,2658000,2988000,200000000,420000000,Asia,0.8788235294117647
1168,2026-05-08,Eastern Titan 18,224601779,UAE,Taxed,Passed,2000000,False,Bulk Carrier,Ningbo,Other Non-USD,45000000,1.25,562500,0,0,0,2562500,50000000,95000000,Asia,0.035
1169,2026-05-08,Northern Express 93,400478606,Israel,Blocked,Rerouted,0,True,Bulk Carrier,Rotterdam,N/A (Exempt/Diplomatic),45000000,0.15,67500,12,480,607200,674700,50000000,95000000,Asia,0.035
1170,2026-05-08,Red Trader 68,353142014,UK,Blocked,Rerouted,0,True,LNG Carrier,Rotterdam,N/A (Exempt/Diplomatic),220000000,0.15,330000,12,1800,2658000,2988000,200000000,420000000,Europe,0.8788235294117647
1171,2026-05-08,Global Trader 63,409098769,China,Privileged,Passed,0,False,Crude Oil Tanker,Hidden/Private,N/A (Exempt/Diplomatic),140000000,0.05,70000,0,0,0,70000,240000000,380000000,Asia,0.035
1172,2026-05-08,Golden Trader 72,255076321,China,Privileged,Passed,0,False,Crude Oil Tanker,Hidden/Private,N/A (Exempt/Diplomatic),140000000,0.05,70000,0,0,0,70000,240000000,380000000,Asia,0.035
1173,2026-05-08,Ocean Leader 53,559098790,USA,Blocked,Rerouted,0,True,Container Ship,Houston,N/A (Exempt/Diplomatic),110000000,0.15,165000,12,1800,2022000,2187000,150000000,260000000,North America,145.8
1174,2026-05-08,Global Leader 33,349542787,Israel,Blocked,Rerouted,0,True,Crude Oil Tanker,Mumbai,N/A (Exempt/Diplomatic),140000000,0.15,210000,12,1200,1548000,1758000,240000000,380000000,Asia,0.879
1175,2026-05-08,Global Titan 47,316877277,Russia,Privileged,Passed,0,False,LNG Carrier,Hidden/Private,N/A (Exempt/Diplomatic),220000000,0.05,110000,0,0,0,110000,200000000,420000000,Eurasia,0.0323529411764705
1176,2026-05-08,Iron Star 45,388520142,Germany,Blocked,Rerouted,0,True,Bulk Carrier,Ningbo,N/A (Exempt/Diplomatic),45000000,0.15,67500,12,480,607200,674700,50000000,95000000,Europe,0.035
1177,2026-05-08,Iron Express 41,343240225,Greece,Taxed,Passed,2000000,False,LNG Carrier,Ningbo,Tether (USDT) / Yuan,220000000,1.25,2750000,0,0,0,4750000,200000000,420000000,Europe,1.3970588235294117
1178,2026-05-08,Red Leader 99,358728676,Iraq,Privileged,Passed,0,False,LNG Carrier,Hidden/Private,N/A (Exempt/Diplomatic),220000000,0.05,110000,0,0,0,110000,200000000,420000000,Asia,0.0323529411764705
1179,2026-05-08,Iron Trader 30,366987748,Iran,Privileged,Passed,0,False,LNG Carrier,Hidden/Private,N/A (Exempt/Diplomatic),220000000,0.05,110000,0,0,0,110000,200000000,420000000,Asia,0.0323529411764705
1180,2026-05-08,Golden Titan 61,376234293,Turkey,Taxed,Passed,2000000,False,Bulk Carrier,Ningbo,Other Non-USD,45000000,1.25,562500,0,0,0,2562500,50000000,95000000,Asia,0.035
1181,2026-05-08,Ocean Express 65,200907996,Germany,Blocked,Rerouted,0,True,Crude Oil Tanker,Houston,N/A (Exempt/Diplomatic),140000000,0.15,210000,12,1200,1548000,1758000,240000000,380000000,Europe,0.879
1182,2026-05-08,Iron Carrier 48,528391997,Germany,Blocked,Rerouted,0,True,Crude Oil Tanker,Mumbai,N/A (Exempt/Diplomatic),140000000,0.15,210000,12,1200,1548000,1758000,240000000,380000000,Europe,0.879
1183,2026-05-08,Eastern Carrier 13,501316148,India,Taxed,Passed,2000000,False,Bulk Carrier,Rotterdam,Other Non-USD,45000000,1.25,562500,0,0,0,2562500,50000000,95000000,Asia,0.035
1184,2026-05-08,Golden Carrier 57,454079790,Germany,Blocked,Rerouted,0,True,Container Ship,Mumbai,N/A (Exempt/Diplomatic),110000000,0.15,165000,12,1800,2022000,2187000,150000000,260000000,Europe,145.8
1185,2026-05-08,Iron Titan 21,349748461,Israel,Blocked,Rerouted,0,True,LNG Carrier,Rotterdam,N/A (Exempt/Diplomatic),220000000,0.15,330000,12,1800,2658000,2988000,200000000,420000000,Asia,0.8788235294117647
1186,2026-05-08,Eastern Spirit 80,662127581,China,Privileged,Passed,0,False,Bulk Carrier,Hidden/Private,N/A (Exempt/Diplomatic),45000000,0.05,22500,0,0,0,22500,50000000,95000000,Asia,0.035
1187,2026-05-08,Northern Express 40,347423381,Israel,Blocked,Rerouted,0,True,LNG Carrier,Mumbai,N/A (Exempt/Diplomatic),220000000,0.15,330000,12,1800,2658000,2988000,200000000,420000000,Asia,0.8788235294117647
1188,2026-05-08,Global Titan 27,595389973,Iran,Privileged,Passed,0,False,Container Ship,Hidden/Private,N/A (Exempt/Diplomatic),110000000,0.05,55000,0,0,0,55000,150000000,260000000,Asia,3.6666666666666665
1189,2026-05-08,Ocean Express 48,656497707,Iran,Privileged,Passed,0,False,Container Ship,Hidden/Private,N/A (Exempt/Diplomatic),110000000,0.05,55000,0,0,0,55000,150000000,260000000,Asia,3.6666666666666665
1190,2026-05-08,Eastern Titan 40,267764370,Norway,Blocked,Rerouted,0,True,Bulk Carrier,Houston,N/A (Exempt/Diplomatic),45000000,0.15,67500,12,480,607200,674700,50000000,95000000,Europe,0.035
1191,2026-05-08,Golden Trader 56,287324253,Marshall Islands,Taxed,Rerouted,0,True,Bulk Carrier,Mumbai,N/A (Exempt/Diplomatic),45000000,0.15,67500,12,480,607200,674700,50000000,95000000,Oceania,0.035
1192,2026-05-08,Eastern Carrier 13,686903727,USA,Blocked,Blocked/Waiting (Anchored off Oman),0,False,LNG Carrier,Rotterdam,N/A (Exempt/Diplomatic),220000000,0.5,1100000,0,0,0,1100000,200000000,420000000,North America,0.3235294117647059
1193,2026-05-09,Northern Express 53,629814830,Iran,Privileged,Passed,0,False,Crude Oil Tanker,Hidden/Private,N/A (Exempt/Diplomatic),140000000,0.05,70000,0,0,0,70000,240000000,380000000,Asia,0.035
1194,2026-05-09,Golden Carrier 57,454079790,Germany,Blocked,Rerouted,0,True,Crude Oil Tanker,Houston,N/A (Exempt/Diplomatic),140000000,0.15,210000,12,1200,1548000,1758000,240000000,380000000,Europe,0.879
1195,2026-05-09,Red Titan 56,296336946,Panama,Taxed,Passed,2000000,False,Container Ship,Houston,Other Non-USD,110000000,1.25,1375000,0,0,0,3375000,150000000,260000000,North America,225.0
1196,2026-05-09,Ocean Express 48,656497707,Iran,Privileged,Passed,0,False,LNG Carrier,Hidden/Private,N/A (Exempt/Diplomatic),220000000,0.05,110000,0,0,0,110000,200000000,420000000,Asia,0.0323529411764705
1197,2026-05-09,Iron Carrier 97,586241038,India,Taxed,Passed,2000000,False,Bulk Carrier,Houston,Other Non-USD,45000000,1.25,562500,0,0,0,2562500,50000000,95000000,Asia,0.035
1198,2026-05-09,Ocean Trader 33,236787109,Pakistan,Privileged,Passed,0,False,Container Ship,Hidden/Private,N/A (Exempt/Diplomatic),110000000,0.05,55000,0,0,0,55000,150000000,260000000,Asia,3.6666666666666665
1199,2026-05-09,Northern Titan 15,365494940,Marshall Islands,Taxed,Passed,2000000,False,LNG Carrier,Mumbai,Other Non-USD,220000000,1.25,2750000,0,0,0,4750000,200000000,420000000,Oceania,1.3970588235294117
1200,2026-05-09,Eastern Trader 32,472559523,Iran,Privileged,Passed,0,False,Container Ship,Hidden/Private,N/A (Exempt/Diplomatic),110000000,0.05,55000,0,0,0,55000,150000000,260000000,Asia,3.6666666666666665
1201,2026-05-09,Global Trader 69,505935698,USA,Blocked,Rerouted,0,True,Bulk Carrier,Ningbo,N/A (Exempt/Diplomatic),45000000,0.15,67500,12,480,607200,674700,50000000,95000000,North America,0.035
1202,2026-05-09,Global Express 71,348444607,Germany,Blocked,Rerouted,0,True,Crude Oil Tanker,Singapore,N/A (Exempt/Diplomatic),140000000,0.15,210000,12,1200,1548000,1758000,240000000,380000000,Europe,0.879
1203,2026-05-09,Eastern Titan 53,309305473,Turkey,Taxed,Passed,2000000,False,Crude Oil Tanker,Ningbo,Other Non-USD,140000000,1.25,1750000,0,0,0,3750000,240000000,380000000,Asia,1.875
1204,2026-05-09,Ocean Trader 40,561204424,Panama,Taxed,Passed,2000000,False,LNG Carrier,Houston,Other Non-USD,220000000,1.25,2750000,0,0,0,4750000,200000000,420000000,North America,1.3970588235294117
1205,2026-05-09,Red Spirit 36,430794441,Liberia,Taxed,Rerouted,0,True,LNG Carrier,Ningbo,N/A (Exempt/Diplomatic),220000000,0.15,330000,12,1800,2658000,2988000,200000000,420000000,Africa,0.8788235294117647
1206,2026-05-09,Golden Spirit 74,366045938,UK,Blocked,Rerouted,0,True,LNG Carrier,Singapore,N/A (Exempt/Diplomatic),220000000,0.15,330000,12,1800,2658000,2988000,200000000,420000000,Europe,0.8788235294117647
1207,2026-05-09,Eastern Star 57,512732442,Iraq,Privileged,Passed,0,False,Bulk Carrier,Hidden/Private,N/A (Exempt/Diplomatic),45000000,0.05,22500,0,0,0,22500,50000000,95000000,Asia,0.035
1208,2026-05-09,Eastern Spirit 26,387372691,Pakistan,Privileged,Passed,0,False,Crude Oil Tanker,Hidden/Private,N/A (Exempt/Diplomatic),140000000,0.05,70000,0,0,0,70000,240000000,380000000,Asia,0.035
1209,2026-05-09,Ocean Titan 70,528175214,Pakistan,Privileged,Passed,0,False,LNG Carrier,Hidden/Private,N/A (Exempt/Diplomatic),220000000,0.05,110000,0,0,0,110000,200000000,420000000,Asia,0.0323529411764705
1210,2026-05-09,Red Carrier 69,423217093,Russia,Privileged,Passed,0,False,Container Ship,Hidden/Private,N/A (Exempt/Diplomatic),110000000,0.05,55000,0,0,0,55000,150000000,260000000,Eurasia,3.6666666666666665
1211,2026-05-09,Ocean Trader 16,662301106,Iran,Privileged,Passed,0,False,LNG Carrier,Hidden/Private,N/A (Exempt/Diplomatic),220000000,0.05,110000,0,0,0,110000,200000000,420000000,Asia,0.0323529411764705
1212,2026-05-09,Eastern Trader 98,307992155,Panama,Taxed,Rerouted,0,True,Bulk Carrier,Ningbo,N/A (Exempt/Diplomatic),45000000,0.15,67500,12,480,607200,674700,50000000,95000000,North America,0.035
1213,2026-05-09,Iron Carrier 15,386403601,UK,Blocked,Rerouted,0,True,LNG Carrier,Houston,N/A (Exempt/Diplomatic),220000000,0.15,330000,12,1800,2658000,2988000,200000000,420000000,Europe,0.8788235294117647
1214,2026-05-09,Northern Star 79,227963244,Marshall Islands,Taxed,Passed,2000000,False,Bulk Carrier,Singapore,Other Non-USD,45000000,1.25,562500,0,0,0,2562500,50000000,95000000,Oceania,0.035
1215,2026-05-09,Golden Spirit 17,322969247,Russia,Privileged,Passed,0,False,Container Ship,Hidden/Private,N/A (Exempt/Diplomatic),110000000,0.05,55000,0,0,0,55000,150000000,260000000,Eurasia,3.6666666666666665
1216,2026-05-09,Golden Trader 40,416775349,Iran,Privileged,Passed,0,False,Container Ship,Hidden/Private,N/A (Exempt/Diplomatic),110000000,0.05,55000,0,0,0,55000,150000000,260000000,Asia,3.6666666666666665
1217,2026-05-09,Iron Express 48,651867790,Germany,Blocked,Blocked/Waiting (Anchored off Oman),0,False,Crude Oil Tanker,Mumbai,N/A (Exempt/Diplomatic),140000000,0.5,700000,0,0,0,700000,240000000,380000000,Europe,0.35
1218,2026-05-09,Ocean Express 46,325892782,Turkey,Taxed,Rerouted,0,True,Bulk Carrier,Mumbai,N/A (Exempt/Diplomatic),45000000,0.15,67500,12,480,607200,674700,50000000,95000000,Asia,0.035
1219,2026-05-09,Ocean Carrier 40,349506343,Norway,Blocked,Rerouted,0,True,LNG Carrier,Singapore,N/A (Exempt/Diplomatic),220000000,0.15,330000,12,1800,2658000,2988000,200000000,420000000,Europe,0.8788235294117647
1220,2026-05-09,Eastern Express 79,232726345,Liberia,Taxed,Passed,2000000,False,Bulk Carrier,Houston,Other Non-USD,45000000,1.25,562500,0,0,0,2562500,50000000,95000000,Africa,0.035
1221,2026-05-10,Red Trader 68,353142014,UK,Blocked,Rerouted,0,True,Container Ship,Singapore,N/A (Exempt/Diplomatic),110000000,0.15,165000,12,1800,2022000,2187000,150000000,260000000,Europe,145.8
1222,2026-05-10,Eastern Express 29,697015667,UAE,Taxed,Passed,2000000,False,LNG Carrier,Singapore,Other Non-USD,220000000,1.25,2750000,0,0,0,4750000,200000000,420000000,Asia,1.3970588235294117
1223,2026-05-10,Global Titan 34,487916220,Israel,Blocked,Rerouted,0,True,Crude Oil Tanker,Ningbo,N/A (Exempt/Diplomatic),140000000,0.15,210000,12,1200,1548000,1758000,240000000,380000000,Asia,0.879
1224,2026-05-10,Eastern Carrier 50,605471762,Israel,Blocked,Rerouted,0,True,LNG Carrier,Ningbo,N/A (Exempt/Diplomatic),220000000,0.15,330000,12,1800,2658000,2988000,200000000,420000000,Asia,0.8788235294117647
1225,2026-05-10,Golden Titan 61,376234293,Turkey,Taxed,Passed,2000000,False,Crude Oil Tanker,Houston,Other Non-USD,140000000,1.25,1750000,0,0,0,3750000,240000000,380000000,Asia,1.875
1226,2026-05-10,Ocean Star 98,685292957,Iraq,Privileged,Passed,0,False,LNG Carrier,Hidden/Private,N/A (Exempt/Diplomatic),220000000,0.05,110000,0,0,0,110000,200000000,420000000,Asia,0.0323529411764705
1227,2026-05-10,Golden Spirit 30,597945315,Israel,Blocked,Rerouted,0,True,Bulk Carrier,Ningbo,N/A (Exempt/Diplomatic),45000000,0.15,67500,12,480,607200,674700,50000000,95000000,Asia,0.035
1228,2026-05-10,Ocean Titan 70,528175214,Pakistan,Privileged,Passed,0,False,Container Ship,Hidden/Private,N/A (Exempt/Diplomatic),110000000,0.05,55000,0,0,0,55000,150000000,260000000,Asia,3.6666666666666665
1229,2026-05-10,Global Trader 35,279110057,China,Privileged,Passed,0,False,Crude Oil Tanker,Hidden/Private,N/A (Exempt/Diplomatic),140000000,0.05,70000,0,0,0,70000,240000000,380000000,Asia,0.035
1230,2026-05-10,Red Trader 63,335437245,Pakistan,Privileged,Passed,0,False,Bulk Carrier,Hidden/Private,N/A (Exempt/Diplomatic),45000000,0.05,22500,0,0,0,22500,50000000,95000000,Asia,0.035
1231,2026-05-10,Global Titan 27,595389973,Iran,Privileged,Passed,0,False,Crude Oil Tanker,Hidden/Private,N/A (Exempt/Diplomatic),140000000,0.05,70000,0,0,0,70000,240000000,380000000,Asia,0.035
1232,2026-05-10,Iron Trader 23,617911275,UK,Blocked,Rerouted,0,True,Container Ship,Singapore,N/A (Exempt/Diplomatic),110000000,0.15,165000,12,1800,2022000,2187000,150000000,260000000,Europe,145.8
1233,2026-05-10,Iron Express 48,651867790,Germany,Blocked,Rerouted,0,True,Container Ship,Houston,N/A (Exempt/Diplomatic),110000000,0.15,165000,12,1800,2022000,2187000,150000000,260000000,Europe,145.8
1234,2026-05-10,Red Leader 18,556609890,Liberia,Taxed,Rerouted,0,True,LNG Carrier,Houston,N/A (Exempt/Diplomatic),220000000,0.15,330000,12,1800,2658000,2988000,200000000,420000000,Africa,0.8788235294117647
1235,2026-05-10,Global Express 70,495173558,Greece,Taxed,Passed,2000000,False,Bulk Carrier,Ningbo,Tether (USDT) / Yuan,45000000,1.25,562500,0,0,0,2562500,50000000,95000000,Europe,0.035
1236,2026-05-10,Global Leader 33,349542787,Israel,Blocked,Rerouted,0,True,Bulk Carrier,Singapore,N/A (Exempt/Diplomatic),45000000,0.15,67500,12,480,607200,674700,50000000,95000000,Asia,0.035
1237,2026-05-10,Global Leader 58,344927134,UAE,Taxed,Passed,2000000,False,Crude Oil Tanker,Ningbo,Other Non-USD,140000000,1.25,1750000,0,0,0,3750000,240000000,380000000,Asia,1.875
1238,2026-05-10,Northern Titan 69,558403064,Germany,Blocked,Rerouted,0,True,LNG Carrier,Rotterdam,N/A (Exempt/Diplomatic),220000000,0.15,330000,12,1800,2658000,2988000,200000000,420000000,Europe,0.8788235294117647
1239,2026-05-10,Ocean Express 48,656497707,Iran,Privileged,Passed,0,False,Crude Oil Tanker,Hidden/Private,N/A (Exempt/Diplomatic),140000000,0.05,70000,0,0,0,70000,240000000,380000000,Asia,0.035
1240,2026-05-10,Golden Trader 40,416775349,Iran,Privileged,Passed,0,False,LNG Carrier,Hidden/Private,N/A (Exempt/Diplomatic),220000000,0.05,110000,0,0,0,110000,200000000,420000000,Asia,0.0323529411764705
1241,2026-05-10,Red Leader 62,450731958,Russia,Privileged,Passed,0,False,Container Ship,Hidden/Private,N/A (Exempt/Diplomatic),110000000,0.05,55000,0,0,0,55000,150000000,260000000,Eurasia,3.6666666666666665
1242,2026-05-10,Eastern Spirit 72,210456496,Iran,Privileged,Passed,0,False,LNG Carrier,Hidden/Private,N/A (Exempt/Diplomatic),220000000,0.05,110000,0,0,0,110000,200000000,420000000,Asia,0.0323529411764705
1243,2026-05-10,Ocean Spirit 12,515845836,UAE,Taxed,Passed,2000000,False,LNG Carrier,Singapore,Other Non-USD,220000000,1.25,2750000,0,0,0,4750000,200000000,420000000,Asia,1.3970588235294117
1244,2026-05-10,Global Carrier 20,245984845,Norway,Blocked,Blocked/Waiting (Anchored off Oman),0,False,Crude Oil Tanker,Houston,N/A (Exempt/Diplomatic),140000000,0.5,700000,0,0,0,700000,240000000,380000000,Europe,0.35
1245,2026-05-10,Northern Titan 15,365494940,Marshall Islands,Taxed,Passed,2000000,False,Crude Oil Tanker,Rotterdam,Other Non-USD,140000000,1.25,1750000,0,0,0,3750000,240000000,380000000,Oceania,1.875
1246,2026-05-10,Ocean Express 78,267958709,Turkey,Taxed,Passed,2000000,False,LNG Carrier,Houston,Other Non-USD,220000000,1.25,2750000,0,0,0,4750000,200000000,420000000,Asia,1.3970588235294117
1247,2026-05-10,Eastern Spirit 80,662127581,China,Privileged,Passed,0,False,Crude Oil Tanker,Hidden/Private,N/A (Exempt/Diplomatic),140000000,0.05,70000,0,0,0,70000,240000000,380000000,Asia,0.035
1248,2026-05-10,Golden Titan 65,294562809,Germany,Blocked,Blocked/Waiting (Anchored off Oman),0,False,Container Ship,Houston,N/A (Exempt/Diplomatic),110000000,0.5,550000,0,0,0,550000,150000000,260000000,Europe,36.66666666666666
1249,2026-05-10,Golden Leader 44,364616964,Turkey,Taxed,Passed,2000000,False,Crude Oil Tanker,Houston,Other Non-USD,140000000,1.25,1750000,0,0,0,3750000,240000000,380000000,Asia,1.875
1250,2026-05-10,Ocean Spirit 32,511701739,Turkey,Taxed,Passed,2000000,False,Container Ship,Singapore,Other Non-USD,110000000,1.25,1375000,0,0,0,3375000,150000000,260000000,Asia,225.0
1251,2026-05-10,Eastern Titan 53,309305473,Turkey,Taxed,Passed,2000000,False,Crude Oil Tanker,Singapore,Other Non-USD,140000000,1.25,1750000,0,0,0,3750000,240000000,380000000,Asia,1.875
1252,2026-05-11,Ocean Trader 40,561204424,Panama,Taxed,Passed,2000000,False,Bulk Carrier,Mumbai,Other Non-USD,45000000,1.25,562500,0,0,0,2562500,50000000,95000000,North America,0.035
1253,2026-05-11,Ocean Carrier 90,568535587,Russia,Privileged,Passed,0,False,Container Ship,Hidden/Private,N/A (Exempt/Diplomatic),110000000,0.05,55000,0,0,0,55000,150000000,260000000,Eurasia,3.6666666666666665
1254,2026-05-11,Global Trader 19,437904006,Iran,Privileged,Passed,0,False,Bulk Carrier,Hidden/Private,N/A (Exempt/Diplomatic),45000000,0.05,22500,0,0,0,22500,50000000,95000000,Asia,0.035
1255,2026-05-11,Iron Spirit 61,343742291,Pakistan,Privileged,Passed,0,False,Bulk Carrier,Hidden/Private,N/A (Exempt/Diplomatic),45000000,0.05,22500,0,0,0,22500,50000000,95000000,Asia,0.035
1256,2026-05-11,Eastern Titan 84,519180042,Russia,Privileged,Passed,0,False,Container Ship,Hidden/Private,N/A (Exempt/Diplomatic),110000000,0.05,55000,0,0,0,55000,150000000,260000000,Eurasia,3.6666666666666665
1257,2026-05-11,Global Leader 51,381194227,USA,Blocked,Rerouted,0,True,Container Ship,Houston,N/A (Exempt/Diplomatic),110000000,0.15,165000,12,1800,2022000,2187000,150000000,260000000,North America,145.8
1258,2026-05-11,Global Titan 59,572561470,Iraq,Privileged,Passed,0,False,Container Ship,Hidden/Private,N/A (Exempt/Diplomatic),110000000,0.05,55000,0,0,0,55000,150000000,260000000,Asia,3.6666666666666665
1259,2026-05-11,Iron Star 45,388520142,Germany,Blocked,Rerouted,0,True,Container Ship,Mumbai,N/A (Exempt/Diplomatic),110000000,0.15,165000,12,1800,2022000,2187000,150000000,260000000,Europe,145.8
1260,2026-05-11,Golden Express 81,555339452,Norway,Blocked,Blocked/Waiting (Anchored off Oman),0,False,Bulk Carrier,Singapore,N/A (Exempt/Diplomatic),45000000,0.5,225000,0,0,0,225000,50000000,95000000,Europe,0.035
1261,2026-05-11,Eastern Titan 10,238114122,Russia,Privileged,Passed,0,False,LNG Carrier,Hidden/Private,N/A (Exempt/Diplomatic),220000000,0.05,110000,0,0,0,110000,200000000,420000000,Eurasia,0.0323529411764705
1262,2026-05-11,Global Titan 27,595389973,Iran,Privileged,Passed,0,False,Crude Oil Tanker,Hidden/Private,N/A (Exempt/Diplomatic),140000000,0.05,70000,0,0,0,70000,240000000,380000000,Asia,0.035
1263,2026-05-11,Global Leader 98,330623464,Panama,Taxed,Passed,2000000,False,Container Ship,Ningbo,Other Non-USD,110000000,1.25,1375000,0,0,0,3375000,150000000,260000000,North America,225.0
1264,2026-05-11,Red Titan 56,296336946,Panama,Taxed,Rerouted,0,True,Container Ship,Mumbai,N/A (Exempt/Diplomatic),110000000,0.15,165000,12,1800,2022000,2187000,150000000,260000000,North America,145.8
1265,2026-05-11,Ocean Leader 53,559098790,USA,Blocked,Blocked/Waiting (Anchored off Oman),0,False,Crude Oil Tanker,Ningbo,N/A (Exempt/Diplomatic),140000000,0.5,700000,0,0,0,700000,240000000,380000000,North America,0.35
1266,2026-05-11,Eastern Trader 74,429104699,Israel,Blocked,Rerouted,0,True,Crude Oil Tanker,Rotterdam,N/A (Exempt/Diplomatic),140000000,0.15,210000,12,1200,1548000,1758000,240000000,380000000,Asia,0.879
1267,2026-05-11,Eastern Spirit 80,662127581,China,Privileged,Passed,0,False,LNG Carrier,Hidden/Private,N/A (Exempt/Diplomatic),220000000,0.05,110000,0,0,0,110000,200000000,420000000,Asia,0.0323529411764705
1268,2026-05-11,Global Star 34,369408512,Iran,Privileged,Passed,0,False,Container Ship,Hidden/Private,N/A (Exempt/Diplomatic),110000000,0.05,55000,0,0,0,55000,150000000,260000000,Asia,3.6666666666666665
1269,2026-05-11,Global Express 71,348444607,Germany,Blocked,Blocked/Waiting (Anchored off Oman),0,False,Container Ship,Rotterdam,N/A (Exempt/Diplomatic),110000000,0.5,550000,0,0,0,550000,150000000,260000000,Europe,36.66666666666666
1270,2026-05-11,Eastern Express 29,697015667,UAE,Taxed,Rerouted,0,True,LNG Carrier,Mumbai,N/A (Exempt/Diplomatic),220000000,0.15,330000,12,1800,2658000,2988000,200000000,420000000,Asia,0.8788235294117647
1271,2026-05-11,Ocean Trader 63,641485549,Norway,Blocked,Rerouted,0,True,Crude Oil Tanker,Singapore,N/A (Exempt/Diplomatic),140000000,0.15,210000,12,1200,1548000,1758000,240000000,380000000,Europe,0.879
1272,2026-05-11,Global Trader 70,633521651,UK,Blocked,Blocked/Waiting (Anchored off Oman),0,False,Container Ship,Houston,N/A (Exempt/Diplomatic),110000000,0.5,550000,0,0,0,550000,150000000,260000000,Europe,36.66666666666666
1273,2026-05-11,Red Spirit 86,576445159,Turkey,Taxed,Passed,2000000,False,Bulk Carrier,Houston,Other Non-USD,45000000,1.25,562500,0,0,0,2562500,50000000,95000000,Asia,0.035
1274,2026-05-11,Iron Carrier 48,528391997,Germany,Blocked,Rerouted,0,True,LNG Carrier,Singapore,N/A (Exempt/Diplomatic),220000000,0.15,330000,12,1800,2658000,2988000,200000000,420000000,Europe,0.8788235294117647
1275,2026-05-11,Golden Trader 72,255076321,China,Privileged,Passed,0,False,Container Ship,Hidden/Private,N/A (Exempt/Diplomatic),110000000,0.05,55000,0,0,0,55000,150000000,260000000,Asia,3.6666666666666665
1276,2026-05-11,Northern Titan 15,365494940,Marshall Islands,Taxed,Rerouted,0,True,Bulk Carrier,Ningbo,N/A (Exempt/Diplomatic),45000000,0.15,67500,12,480,607200,674700,50000000,95000000,Oceania,0.035
1277,2026-05-11,Ocean Trader 16,662301106,Iran,Privileged,Passed,0,False,Crude Oil Tanker,Hidden/Private,N/A (Exempt/Diplomatic),140000000,0.05,70000,0,0,0,70000,240000000,380000000,Asia,0.035
1278,2026-05-11,Red Trader 49,328554982,Russia,Privileged,Passed,0,False,LNG Carrier,Hidden/Private,N/A (Exempt/Diplomatic),220000000,0.05,110000,0,0,0,110000,200000000,420000000,Eurasia,0.0323529411764705
1279,2026-05-11,Ocean Leader 83,302047765,Turkey,Taxed,Passed,2000000,False,Crude Oil Tanker,Mumbai,Other Non-USD,140000000,1.25,1750000,0,0,0,3750000,240000000,380000000,Asia,1.875
1280,2026-05-12,Golden Star 13,598116895,Turkey,Taxed,Rerouted,0,True,Crude Oil Tanker,Houston,N/A (Exempt/Diplomatic),140000000,0.15,210000,12,1200,1548000,1758000,240000000,380000000,Asia,0.879
1281,2026-05-12,Global Carrier 20,245984845,Norway,Blocked,Rerouted,0,True,Crude Oil Tanker,Houston,N/A (Exempt/Diplomatic),140000000,0.15,210000,12,1200,1548000,1758000,240000000,380000000,Europe,0.879
1282,2026-05-12,Global Carrier 50,314153005,Norway,Blocked,Blocked/Waiting (Anchored off Oman),0,False,Bulk Carrier,Singapore,N/A (Exempt/Diplomatic),45000000,0.5,225000,0,0,0,225000,50000000,95000000,Europe,0.035
1283,2026-05-12,Ocean Trader 33,236787109,Pakistan,Privileged,Passed,0,False,Container Ship,Hidden/Private,N/A (Exempt/Diplomatic),110000000,0.05,55000,0,0,0,55000,150000000,260000000,Asia,3.6666666666666665
1284,2026-05-12,Red Spirit 39,319681170,China,Privileged,Passed,0,False,Container Ship,Hidden/Private,N/A (Exempt/Diplomatic),110000000,0.05,55000,0,0,0,55000,150000000,260000000,Asia,3.6666666666666665
1285,2026-05-12,Ocean Star 98,685292957,Iraq,Privileged,Passed,0,False,LNG Carrier,Hidden/Private,N/A (Exempt/Diplomatic),220000000,0.05,110000,0,0,0,110000,200000000,420000000,Asia,0.0323529411764705
1286,2026-05-12,Northern Leader 85,344093758,Liberia,Taxed,Passed,2000000,False,Container Ship,Singapore,Other Non-USD,110000000,1.25,1375000,0,0,0,3375000,150000000,260000000,Africa,225.0
1287,2026-05-12,Iron Leader 38,307144846,Israel,Blocked,Blocked/Waiting (Anchored off Oman),0,False,Crude Oil Tanker,Singapore,N/A (Exempt/Diplomatic),140000000,0.5,700000,0,0,0,700000,240000000,380000000,Asia,0.35
1288,2026-05-12,Golden Titan 61,376234293,Turkey,Taxed,Rerouted,0,True,Crude Oil Tanker,Singapore,N/A (Exempt/Diplomatic),140000000,0.15,210000,12,1200,1548000,1758000,240000000,380000000,Asia,0.879
1289,2026-05-12,Eastern Carrier 94,214550303,Pakistan,Privileged,Passed,0,False,LNG Carrier,Hidden/Private,N/A (Exempt/Diplomatic),220000000,0.05,110000,0,0,0,110000,200000000,420000000,Asia,0.0323529411764705
1290,2026-05-12,Global Carrier 26,588346949,Norway,Blocked,Rerouted,0,True,LNG Carrier,Mumbai,N/A (Exempt/Diplomatic),220000000,0.15,330000,12,1800,2658000,2988000,200000000,420000000,Europe,0.8788235294117647
1291,2026-05-12,Eastern Carrier 50,605471762,Israel,Blocked,Rerouted,0,True,Bulk Carrier,Houston,N/A (Exempt/Diplomatic),45000000,0.15,67500,12,480,607200,674700,50000000,95000000,Asia,0.035
1292,2026-05-12,Ocean Star 21,317380369,UAE,Taxed,Passed,2000000,False,Bulk Carrier,Ningbo,Other Non-USD,45000000,1.25,562500,0,0,0,2562500,50000000,95000000,Asia,0.035
1293,2026-05-12,Northern Trader 12,249957637,Panama,Taxed,Rerouted,0,True,Container Ship,Mumbai,N/A (Exempt/Diplomatic),110000000,0.15,165000,12,1800,2022000,2187000,150000000,260000000,North America,145.8
1294,2026-05-12,Red Titan 95,343332624,Pakistan,Privileged,Passed,0,False,Crude Oil Tanker,Hidden/Private,N/A (Exempt/Diplomatic),140000000,0.05,70000,0,0,0,70000,240000000,380000000,Asia,0.035
1295,2026-05-12,Northern Express 68,276703600,Turkey,Taxed,Passed,2000000,False,LNG Carrier,Singapore,Other Non-USD,220000000,1.25,2750000,0,0,0,4750000,200000000,420000000,Asia,1.3970588235294117
1296,2026-05-12,Golden Titan 18,422730506,UK,Blocked,Rerouted,0,True,LNG Carrier,Houston,N/A (Exempt/Diplomatic),220000000,0.15,330000,12,1800,2658000,2988000,200000000,420000000,Europe,0.8788235294117647
1297,2026-05-12,Eastern Titan 84,519180042,Russia,Privileged,Passed,0,False,Bulk Carrier,Hidden/Private,N/A (Exempt/Diplomatic),45000000,0.05,22500,0,0,0,22500,50000000,95000000,Eurasia,0.035
1298,2026-05-12,Iron Trader 83,404215510,Norway,Blocked,Rerouted,0,True,LNG Carrier,Singapore,N/A (Exempt/Diplomatic),220000000,0.15,330000,12,1800,2658000,2988000,200000000,420000000,Europe,0.8788235294117647
1299,2026-05-12,Eastern Carrier 13,686903727,USA,Blocked,Rerouted,0,True,LNG Carrier,Ningbo,N/A (Exempt/Diplomatic),220000000,0.15,330000,12,1800,2658000,2988000,200000000,420000000,North America,0.8788235294117647
1300,2026-05-12,Eastern Express 64,501134582,China,Privileged,Passed,0,False,Bulk Carrier,Hidden/Private,N/A (Exempt/Diplomatic),45000000,0.05,22500,0,0,0,22500,50000000,95000000,Asia,0.035
1301,2026-05-12,Golden Spirit 30,597945315,Israel,Blocked,Rerouted,0,True,LNG Carrier,Ningbo,N/A (Exempt/Diplomatic),220000000,0.15,330000,12,1800,2658000,2988000,200000000,420000000,Asia,0.8788235294117647
1302,2026-05-12,Ocean Carrier 90,568535587,Russia,Privileged,Passed,0,False,Bulk Carrier,Hidden/Private,N/A (Exempt/Diplomatic),45000000,0.05,22500,0,0,0,22500,50000000,95000000,Eurasia,0.035
1303,2026-05-12,Global Titan 34,487916220,Israel,Blocked,Rerouted,0,True,Crude Oil Tanker,Rotterdam,N/A (Exempt/Diplomatic),140000000,0.15,210000,12,1200,1548000,1758000,240000000,380000000,Asia,0.879
1304,2026-05-12,Northern Star 79,227963244,Marshall Islands,Taxed,Passed,2000000,False,Container Ship,Houston,Other Non-USD,110000000,1.25,1375000,0,0,0,3375000,150000000,260000000,Oceania,225.0
1305,2026-05-12,Global Star 14,661513240,Liberia,Taxed,Rerouted,0,True,Crude Oil Tanker,Singapore,N/A (Exempt/Diplomatic),140000000,0.15,210000,12,1200,1548000,1758000,240000000,380000000,Africa,0.879
1306,2026-05-12,Global Leader 95,403552071,Greece,Taxed,Passed,2000000,False,Bulk Carrier,Singapore,Tether (USDT) / Yuan,45000000,1.25,562500,0,0,0,2562500,50000000,95000000,Europe,0.035
1307,2026-05-12,Ocean Star 80,356839665,Iraq,Privileged,Passed,0,False,Bulk Carrier,Hidden/Private,N/A (Exempt/Diplomatic),45000000,0.05,22500,0,0,0,22500,50000000,95000000,Asia,0.035
1308,2026-05-12,Ocean Leader 53,559098790,USA,Blocked,Rerouted,0,True,Bulk Carrier,Singapore,N/A (Exempt/Diplomatic),45000000,0.15,67500,12,480,607200,674700,50000000,95000000,North America,0.035
1309,2026-05-12,Global Titan 27,595389973,Iran,Privileged,Passed,0,False,LNG Carrier,Hidden/Private,N/A (Exempt/Diplomatic),220000000,0.05,110000,0,0,0,110000,200000000,420000000,Asia,0.0323529411764705
1310,2026-05-12,Global Titan 47,316877277,Russia,Privileged,Passed,0,False,LNG Carrier,Hidden/Private,N/A (Exempt/Diplomatic),220000000,0.05,110000,0,0,0,110000,200000000,420000000,Eurasia,0.0323529411764705
1311,2026-05-12,Eastern Trader 98,307992155,Panama,Taxed,Rerouted,0,True,Container Ship,Singapore,N/A (Exempt/Diplomatic),110000000,0.15,165000,12,1800,2022000,2187000,150000000,260000000,North America,145.8
1312,2026-05-12,Iron Star 45,388520142,Germany,Blocked,Blocked/Waiting (Anchored off Oman),0,False,Crude Oil Tanker,Houston,N/A (Exempt/Diplomatic),140000000,0.5,700000,0,0,0,700000,240000000,380000000,Europe,0.35
1313,2026-05-12,Global Titan 99,478076450,Israel,Blocked,Rerouted,0,True,LNG Carrier,Singapore,N/A (Exempt/Diplomatic),220000000,0.15,330000,12,1800,2658000,2988000,200000000,420000000,Asia,0.8788235294117647
1314,2026-05-13,Eastern Carrier 48,418009946,China,Privileged,Passed,0,False,Bulk Carrier,Hidden/Private,N/A (Exempt/Diplomatic),45000000,0.05,22500,0,0,0,22500,50000000,95000000,Asia,0.035
1315,2026-05-13,Iron Carrier 48,528391997,Germany,Blocked,Rerouted,0,True,LNG Carrier,Houston,N/A (Exempt/Diplomatic),220000000,0.15,330000,12,1800,2658000,2988000,200000000,420000000,Europe,0.8788235294117647
1316,2026-05-13,Red Spirit 86,576445159,Turkey,Taxed,Passed,2000000,False,Crude Oil Tanker,Mumbai,Other Non-USD,140000000,1.25,1750000,0,0,0,3750000,240000000,380000000,Asia,1.875
1317,2026-05-13,Golden Express 79,246674928,UK,Blocked,Blocked/Waiting (Anchored off Oman),0,False,Container Ship,Singapore,N/A (Exempt/Diplomatic),110000000,0.5,550000,0,0,0,550000,150000000,260000000,Europe,36.66666666666666
1318,2026-05-13,Ocean Star 21,317380369,UAE,Taxed,Rerouted,0,True,LNG Carrier,Singapore,N/A (Exempt/Diplomatic),220000000,0.15,330000,12,1800,2658000,2988000,200000000,420000000,Asia,0.8788235294117647
1319,2026-05-13,Iron Titan 21,349748461,Israel,Blocked,Blocked/Waiting (Anchored off Oman),0,False,LNG Carrier,Singapore,N/A (Exempt/Diplomatic),220000000,0.5,1100000,0,0,0,1100000,200000000,420000000,Asia,0.3235294117647059
1320,2026-05-13,Global Star 22,553788671,UK,Blocked,Rerouted,0,True,Bulk Carrier,Singapore,N/A (Exempt/Diplomatic),45000000,0.15,67500,12,480,607200,674700,50000000,95000000,Europe,0.035
1321,2026-05-13,Iron Titan 32,673206722,UK,Blocked,Rerouted,0,True,Crude Oil Tanker,Singapore,N/A (Exempt/Diplomatic),140000000,0.15,210000,12,1200,1548000,1758000,240000000,380000000,Europe,0.879
1322,2026-05-13,Golden Titan 69,693675149,Iraq,Privileged,Passed,0,False,Crude Oil Tanker,Hidden/Private,N/A (Exempt/Diplomatic),140000000,0.05,70000,0,0,0,70000,240000000,380000000,Asia,0.035
1323,2026-05-13,Golden Carrier 64,682014990,USA,Blocked,Rerouted,0,True,Crude Oil Tanker,Ningbo,N/A (Exempt/Diplomatic),140000000,0.15,210000,12,1200,1548000,1758000,240000000,380000000,North America,0.879
1324,2026-05-13,Golden Carrier 29,346215835,Panama,Taxed,Passed,2000000,False,Container Ship,Rotterdam,Other Non-USD,110000000,1.25,1375000,0,0,0,3375000,150000000,260000000,North America,225.0
1325,2026-05-13,Northern Titan 15,365494940,Marshall Islands,Taxed,Passed,2000000,False,Bulk Carrier,Mumbai,Other Non-USD,45000000,1.25,562500,0,0,0,2562500,50000000,95000000,Oceania,0.035
1326,2026-05-13,Global Express 18,619421299,Russia,Privileged,Passed,0,False,Bulk Carrier,Hidden/Private,N/A (Exempt/Diplomatic),45000000,0.05,22500,0,0,0,22500,50000000,95000000,Eurasia,0.035
1327,2026-05-13,Global Titan 47,316877277,Russia,Privileged,Passed,0,False,Bulk Carrier,Hidden/Private,N/A (Exempt/Diplomatic),45000000,0.05,22500,0,0,0,22500,50000000,95000000,Eurasia,0.035
1328,2026-05-13,Ocean Spirit 12,515845836,UAE,Taxed,Passed,2000000,False,Bulk Carrier,Mumbai,Other Non-USD,45000000,1.25,562500,0,0,0,2562500,50000000,95000000,Asia,0.035
1329,2026-05-13,Golden Titan 18,422730506,UK,Blocked,Rerouted,0,True,Crude Oil Tanker,Mumbai,N/A (Exempt/Diplomatic),140000000,0.15,210000,12,1200,1548000,1758000,240000000,380000000,Europe,0.879
1330,2026-05-13,Eastern Express 79,232726345,Liberia,Taxed,Passed,2000000,False,LNG Carrier,Houston,Other Non-USD,220000000,1.25,2750000,0,0,0,4750000,200000000,420000000,Africa,1.3970588235294117
1331,2026-05-13,Ocean Express 79,648838894,China,Privileged,Passed,0,False,LNG Carrier,Hidden/Private,N/A (Exempt/Diplomatic),220000000,0.05,110000,0,0,0,110000,200000000,420000000,Asia,0.0323529411764705
1332,2026-05-13,Ocean Star 84,455973885,Germany,Blocked,Blocked/Waiting (Anchored off Oman),0,False,Bulk Carrier,Mumbai,N/A (Exempt/Diplomatic),45000000,0.5,225000,0,0,0,225000,50000000,95000000,Europe,0.035
1333,2026-05-13,Eastern Leader 31,553717803,Pakistan,Privileged,Passed,0,False,Bulk Carrier,Hidden/Private,N/A (Exempt/Diplomatic),45000000,0.05,22500,0,0,0,22500,50000000,95000000,Asia,0.035
1334,2026-05-13,Global Express 71,348444607,Germany,Blocked,Rerouted,0,True,Container Ship,Singapore,N/A (Exempt/Diplomatic),110000000,0.15,165000,12,1800,2022000,2187000,150000000,260000000,Europe,145.8
1335,2026-05-13,Ocean Star 52,613991481,Iraq,Privileged,Passed,0,False,Crude Oil Tanker,Hidden/Private,N/A (Exempt/Diplomatic),140000000,0.05,70000,0,0,0,70000,240000000,380000000,Asia,0.035
1336,2026-05-13,Iron Trader 15,682606488,Marshall Islands,Taxed,Passed,2000000,False,Bulk Carrier,Singapore,Other Non-USD,45000000,1.25,562500,0,0,0,2562500,50000000,95000000,Oceania,0.035
1337,2026-05-13,Global Star 34,369408512,Iran,Privileged,Passed,0,False,LNG Carrier,Hidden/Private,N/A (Exempt/Diplomatic),220000000,0.05,110000,0,0,0,110000,200000000,420000000,Asia,0.0323529411764705
1338,2026-05-13,Global Titan 93,569164473,China,Privileged,Passed,0,False,LNG Carrier,Hidden/Private,N/A (Exempt/Diplomatic),220000000,0.05,110000,0,0,0,110000,200000000,420000000,Asia,0.0323529411764705
1339,2026-05-13,Golden Trader 50,434287182,Germany,Blocked,Rerouted,0,True,Bulk Carrier,Singapore,N/A (Exempt/Diplomatic),45000000,0.15,67500,12,480,607200,674700,50000000,95000000,Europe,0.035
1340,2026-05-13,Eastern Spirit 70,457007733,Israel,Blocked,Rerouted,0,True,Container Ship,Rotterdam,N/A (Exempt/Diplomatic),110000000,0.15,165000,12,1800,2022000,2187000,150000000,260000000,Asia,145.8
1341,2026-05-13,Ocean Star 86,433304641,Marshall Islands,Taxed,Rerouted,0,True,Bulk Carrier,Ningbo,N/A (Exempt/Diplomatic),45000000,0.15,67500,12,480,607200,674700,50000000,95000000,Oceania,0.035
1342,2026-05-13,Red Trader 81,674666203,UK,Blocked,Rerouted,0,True,Bulk Carrier,Mumbai,N/A (Exempt/Diplomatic),45000000,0.15,67500,12,480,607200,674700,50000000,95000000,Europe,0.035
1343,2026-05-13,Eastern Star 76,302572638,Pakistan,Privileged,Passed,0,False,Container Ship,Hidden/Private,N/A (Exempt/Diplomatic),110000000,0.05,55000,0,0,0,55000,150000000,260000000,Asia,3.6666666666666665
1344,2026-05-13,Red Spirit 39,319681170,China,Privileged,Passed,0,False,Bulk Carrier,Hidden/Private,N/A (Exempt/Diplomatic),45000000,0.05,22500,0,0,0,22500,50000000,95000000,Asia,0.035
1345,2026-05-14,Ocean Star 80,356839665,Iraq,Privileged,Passed,0,False,LNG Carrier,Hidden/Private,N/A (Exempt/Diplomatic),220000000,0.05,110000,0,0,0,110000,200000000,420000000,Asia,0.0323529411764705
1346,2026-05-14,Eastern Carrier 94,214550303,Pakistan,Privileged,Passed,0,False,Crude Oil Tanker,Hidden/Private,N/A (Exempt/Diplomatic),140000000,0.05,70000,0,0,0,70000,240000000,380000000,Asia,0.035
1347,2026-05-14,Eastern Trader 74,429104699,Israel,Blocked,Rerouted,0,True,Container Ship,Mumbai,N/A (Exempt/Diplomatic),110000000,0.15,165000,12,1800,2022000,2187000,150000000,260000000,Asia,145.8
1348,2026-05-14,Red Leader 99,358728676,Iraq,Privileged,Passed,0,False,LNG Carrier,Hidden/Private,N/A (Exempt/Diplomatic),220000000,0.05,110000,0,0,0,110000,200000000,420000000,Asia,0.0323529411764705
1349,2026-05-14,Northern Express 78,377784731,China,Privileged,Passed,0,False,LNG Carrier,Hidden/Private,N/A (Exempt/Diplomatic),220000000,0.05,110000,0,0,0,110000,200000000,420000000,Asia,0.0323529411764705
1350,2026-05-14,Global Express 70,495173558,Greece,Taxed,Passed,2000000,False,Container Ship,Ningbo,Tether (USDT) / Yuan,110000000,1.25,1375000,0,0,0,3375000,150000000,260000000,Europe,225.0
1351,2026-05-14,Ocean Spirit 12,515845836,UAE,Taxed,Rerouted,0,True,LNG Carrier,Rotterdam,N/A (Exempt/Diplomatic),220000000,0.15,330000,12,1800,2658000,2988000,200000000,420000000,Asia,0.8788235294117647
1352,2026-05-14,Golden Express 99,492563230,UK,Blocked,Rerouted,0,True,Bulk Carrier,Mumbai,N/A (Exempt/Diplomatic),45000000,0.15,67500,12,480,607200,674700,50000000,95000000,Europe,0.035
1353,2026-05-14,Iron Express 53,259889117,Panama,Taxed,Passed,2000000,False,Container Ship,Houston,Other Non-USD,110000000,1.25,1375000,0,0,0,3375000,150000000,260000000,North America,225.0
1354,2026-05-14,Golden Carrier 98,299401567,India,Taxed,Passed,2000000,False,Container Ship,Ningbo,Other Non-USD,110000000,1.25,1375000,0,0,0,3375000,150000000,260000000,Asia,225.0
1355,2026-05-14,Ocean Express 79,648838894,China,Privileged,Passed,0,False,LNG Carrier,Hidden/Private,N/A (Exempt/Diplomatic),220000000,0.05,110000,0,0,0,110000,200000000,420000000,Asia,0.0323529411764705
1356,2026-05-14,Golden Titan 65,294562809,Germany,Blocked,Rerouted,0,True,Container Ship,Houston,N/A (Exempt/Diplomatic),110000000,0.15,165000,12,1800,2022000,2187000,150000000,260000000,Europe,145.8
1357,2026-05-14,Red Trader 68,353142014,UK,Blocked,Rerouted,0,True,Bulk Carrier,Mumbai,N/A (Exempt/Diplomatic),45000000,0.15,67500,12,480,607200,674700,50000000,95000000,Europe,0.035
1358,2026-05-14,Golden Leader 92,582167480,Norway,Blocked,Rerouted,0,True,LNG Carrier,Rotterdam,N/A (Exempt/Diplomatic),220000000,0.15,330000,12,1800,2658000,2988000,200000000,420000000,Europe,0.8788235294117647
1359,2026-05-14,Golden Spirit 17,322969247,Russia,Privileged,Passed,0,False,Container Ship,Hidden/Private,N/A (Exempt/Diplomatic),110000000,0.05,55000,0,0,0,55000,150000000,260000000,Eurasia,3.6666666666666665
1360,2026-05-14,Global Star 22,553788671,UK,Blocked,Rerouted,0,True,Container Ship,Mumbai,N/A (Exempt/Diplomatic),110000000,0.15,165000,12,1800,2022000,2187000,150000000,260000000,Europe,145.8
1361,2026-05-14,Red Titan 16,335548300,Norway,Blocked,Rerouted,0,True,Crude Oil Tanker,Rotterdam,N/A (Exempt/Diplomatic),140000000,0.15,210000,12,1200,1548000,1758000,240000000,380000000,Europe,0.879
1362,2026-05-14,Iron Leader 38,307144846,Israel,Blocked,Rerouted,0,True,LNG Carrier,Mumbai,N/A (Exempt/Diplomatic),220000000,0.15,330000,12,1800,2658000,2988000,200000000,420000000,Asia,0.8788235294117647
1363,2026-05-14,Red Titan 27,473549845,Norway,Blocked,Rerouted,0,True,Crude Oil Tanker,Singapore,N/A (Exempt/Diplomatic),140000000,0.15,210000,12,1200,1548000,1758000,240000000,380000000,Europe,0.879
1364,2026-05-14,Global Titan 81,489361229,Turkey,Taxed,Passed,2000000,False,Container Ship,Mumbai,Other Non-USD,110000000,1.25,1375000,0,0,0,3375000,150000000,260000000,Asia,225.0
1365,2026-05-14,Golden Trader 56,287324253,Marshall Islands,Taxed,Rerouted,0,True,Container Ship,Mumbai,N/A (Exempt/Diplomatic),110000000,0.15,165000,12,1800,2022000,2187000,150000000,260000000,Oceania,145.8
1366,2026-05-14,Red Carrier 94,539807534,Liberia,Taxed,Passed,2000000,False,Crude Oil Tanker,Houston,Other Non-USD,140000000,1.25,1750000,0,0,0,3750000,240000000,380000000,Africa,1.875
1367,2026-05-14,Golden Titan 18,422730506,UK,Blocked,Rerouted,0,True,Container Ship,Houston,N/A (Exempt/Diplomatic),110000000,0.15,165000,12,1800,2022000,2187000,150000000,260000000,Europe,145.8
1368,2026-05-14,Eastern Titan 18,224601779,UAE,Taxed,Passed,2000000,False,LNG Carrier,Ningbo,Other Non-USD,220000000,1.25,2750000,0,0,0,4750000,200000000,420000000,Asia,1.3970588235294117
1369,2026-05-14,Global Leader 85,349352498,China,Privileged,Passed,0,False,Container Ship,Hidden/Private,N/A (Exempt/Diplomatic),110000000,0.05,55000,0,0,0,55000,150000000,260000000,Asia,3.6666666666666665
1370,2026-05-14,Golden Carrier 57,454079790,Germany,Blocked,Blocked/Waiting (Anchored off Oman),0,False,LNG Carrier,Mumbai,N/A (Exempt/Diplomatic),220000000,0.5,1100000,0,0,0,1100000,200000000,420000000,Europe,0.3235294117647059
1371,2026-05-14,Global Express 70,441629363,Turkey,Taxed,Rerouted,0,True,LNG Carrier,Houston,N/A (Exempt/Diplomatic),220000000,0.15,330000,12,1800,2658000,2988000,200000000,420000000,Asia,0.8788235294117647
1372,2026-05-14,Iron Spirit 61,343742291,Pakistan,Privileged,Passed,0,False,Bulk Carrier,Hidden/Private,N/A (Exempt/Diplomatic),45000000,0.05,22500,0,0,0,22500,50000000,95000000,Asia,0.035
1373,2026-05-14,Global Leader 98,330623464,Panama,Taxed,Rerouted,0,True,Bulk Carrier,Singapore,N/A (Exempt/Diplomatic),45000000,0.15,67500,12,480,607200,674700,50000000,95000000,North America,0.035
1374,2026-05-14,Eastern Express 79,232726345,Liberia,Taxed,Rerouted,0,True,Crude Oil Tanker,Ningbo,N/A (Exempt/Diplomatic),140000000,0.15,210000,12,1200,1548000,1758000,240000000,380000000,Africa,0.879
1375,2026-05-14,Eastern Titan 40,267764370,Norway,Blocked,Rerouted,0,True,Crude Oil Tanker,Singapore,N/A (Exempt/Diplomatic),140000000,0.15,210000,12,1200,1548000,1758000,240000000,380000000,Europe,0.879
1376,2026-05-15,Iron Carrier 30,230536988,Germany,Blocked,Blocked/Waiting (Anchored off Oman),0,False,LNG Carrier,Rotterdam,N/A (Exempt/Diplomatic),220000000,0.5,1100000,0,0,0,1100000,200000000,420000000,Europe,0.3235294117647059
1377,2026-05-15,Golden Leader 92,582167480,Norway,Blocked,Rerouted,0,True,Container Ship,Rotterdam,N/A (Exempt/Diplomatic),110000000,0.15,165000,12,1800,2022000,2187000,150000000,260000000,Europe,145.8
1378,2026-05-15,Golden Star 82,317018823,Israel,Blocked,Rerouted,0,True,LNG Carrier,Ningbo,N/A (Exempt/Diplomatic),220000000,0.15,330000,12,1800,2658000,2988000,200000000,420000000,Asia,0.8788235294117647
1379,2026-05-15,Northern Leader 90,509060961,India,Taxed,Passed,2000000,False,Bulk Carrier,Singapore,Other Non-USD,45000000,1.25,562500,0,0,0,2562500,50000000,95000000,Asia,0.035
1380,2026-05-15,Eastern Titan 10,238114122,Russia,Privileged,Passed,0,False,Crude Oil Tanker,Hidden/Private,N/A (Exempt/Diplomatic),140000000,0.05,70000,0,0,0,70000,240000000,380000000,Eurasia,0.035
1381,2026-05-15,Global Spirit 24,677660874,Iran,Privileged,Passed,0,False,Crude Oil Tanker,Hidden/Private,N/A (Exempt/Diplomatic),140000000,0.05,70000,0,0,0,70000,240000000,380000000,Asia,0.035
1382,2026-05-15,Eastern Carrier 13,501316148,India,Taxed,Passed,2000000,False,LNG Carrier,Singapore,Other Non-USD,220000000,1.25,2750000,0,0,0,4750000,200000000,420000000,Asia,1.3970588235294117
1383,2026-05-15,Eastern Spirit 72,210456496,Iran,Privileged,Passed,0,False,Container Ship,Hidden/Private,N/A (Exempt/Diplomatic),110000000,0.05,55000,0,0,0,55000,150000000,260000000,Asia,3.6666666666666665
1384,2026-05-15,Ocean Carrier 47,645283238,Marshall Islands,Taxed,Rerouted,0,True,Crude Oil Tanker,Ningbo,N/A (Exempt/Diplomatic),140000000,0.15,210000,12,1200,1548000,1758000,240000000,380000000,Oceania,0.879
1385,2026-05-15,Northern Express 40,347423381,Israel,Blocked,Rerouted,0,True,Crude Oil Tanker,Houston,N/A (Exempt/Diplomatic),140000000,0.15,210000,12,1200,1548000,1758000,240000000,380000000,Asia,0.879
1386,2026-05-15,Golden Express 99,492563230,UK,Blocked,Rerouted,0,True,LNG Carrier,Singapore,N/A (Exempt/Diplomatic),220000000,0.15,330000,12,1800,2658000,2988000,200000000,420000000,Europe,0.8788235294117647
1387,2026-05-15,Ocean Spirit 12,515845836,UAE,Taxed,Passed,2000000,False,Bulk Carrier,Mumbai,Other Non-USD,45000000,1.25,562500,0,0,0,2562500,50000000,95000000,Asia,0.035
1388,2026-05-15,Red Titan 27,473549845,Norway,Blocked,Rerouted,0,True,Crude Oil Tanker,Houston,N/A (Exempt/Diplomatic),140000000,0.15,210000,12,1200,1548000,1758000,240000000,380000000,Europe,0.879
1389,2026-05-15,Eastern Titan 84,519180042,Russia,Privileged,Passed,0,False,Crude Oil Tanker,Hidden/Private,N/A (Exempt/Diplomatic),140000000,0.05,70000,0,0,0,70000,240000000,380000000,Eurasia,0.035
1390,2026-05-15,Ocean Star 84,455973885,Germany,Blocked,Rerouted,0,True,Bulk Carrier,Ningbo,N/A (Exempt/Diplomatic),45000000,0.15,67500,12,480,607200,674700,50000000,95000000,Europe,0.035
1391,2026-05-15,Iron Express 53,259889117,Panama,Taxed,Passed,2000000,False,Crude Oil Tanker,Ningbo,Other Non-USD,140000000,1.25,1750000,0,0,0,3750000,240000000,380000000,North America,1.875
1392,2026-05-15,Red Leader 80,377592227,Marshall Islands,Taxed,Passed,2000000,False,LNG Carrier,Singapore,Other Non-USD,220000000,1.25,2750000,0,0,0,4750000,200000000,420000000,Oceania,1.3970588235294117
1393,2026-05-15,Red Leader 18,556609890,Liberia,Taxed,Passed,2000000,False,LNG Carrier,Mumbai,Other Non-USD,220000000,1.25,2750000,0,0,0,4750000,200000000,420000000,Africa,1.3970588235294117
1394,2026-05-15,Golden Express 79,246674928,UK,Blocked,Rerouted,0,True,Container Ship,Ningbo,N/A (Exempt/Diplomatic),110000000,0.15,165000,12,1800,2022000,2187000,150000000,260000000,Europe,145.8
1395,2026-05-15,Global Trader 19,437904006,Iran,Privileged,Passed,0,False,Crude Oil Tanker,Hidden/Private,N/A (Exempt/Diplomatic),140000000,0.05,70000,0,0,0,70000,240000000,380000000,Asia,0.035
1396,2026-05-15,Northern Express 68,276703600,Turkey,Taxed,Passed,2000000,False,Container Ship,Houston,Other Non-USD,110000000,1.25,1375000,0,0,0,3375000,150000000,260000000,Asia,225.0
1397,2026-05-15,Golden Trader 72,255076321,China,Privileged,Passed,0,False,LNG Carrier,Hidden/Private,N/A (Exempt/Diplomatic),220000000,0.05,110000,0,0,0,110000,200000000,420000000,Asia,0.0323529411764705
1398,2026-05-15,Ocean Star 21,317380369,UAE,Taxed,Passed,2000000,False,Crude Oil Tanker,Ningbo,Other Non-USD,140000000,1.25,1750000,0,0,0,3750000,240000000,380000000,Asia,1.875
1399,2026-05-15,Golden Express 59,465416722,USA,Blocked,Rerouted,0,True,Crude Oil Tanker,Houston,N/A (Exempt/Diplomatic),140000000,0.15,210000,12,1200,1548000,1758000,240000000,380000000,North America,0.879
1400,2026-05-15,Golden Express 92,252837693,Russia,Privileged,Passed,0,False,Bulk Carrier,Hidden/Private,N/A (Exempt/Diplomatic),45000000,0.05,22500,0,0,0,22500,50000000,95000000,Eurasia,0.035
1401,2026-05-15,Ocean Star 52,613991481,Iraq,Privileged,Passed,0,False,Crude Oil Tanker,Hidden/Private,N/A (Exempt/Diplomatic),140000000,0.05,70000,0,0,0,70000,240000000,380000000,Asia,0.035
1402,2026-05-15,Ocean Star 86,433304641,Marshall Islands,Taxed,Rerouted,0,True,LNG Carrier,Houston,N/A (Exempt/Diplomatic),220000000,0.15,330000,12,1800,2658000,2988000,200000000,420000000,Oceania,0.8788235294117647
1403,2026-05-15,Global Spirit 46,284689687,Israel,Blocked,Rerouted,0,True,LNG Carrier,Singapore,N/A (Exempt/Diplomatic),220000000,0.15,330000,12,1800,2658000,2988000,200000000,420000000,Asia,0.8788235294117647
1404,2026-05-15,Global Titan 93,569164473,China,Privileged,Passed,0,False,LNG Carrier,Hidden/Private,N/A (Exempt/Diplomatic),220000000,0.05,110000,0,0,0,110000,200000000,420000000,Asia,0.0323529411764705
1405,2026-05-15,Red Trader 81,674666203,UK,Blocked,Rerouted,0,True,Bulk Carrier,Singapore,N/A (Exempt/Diplomatic),45000000,0.15,67500,12,480,607200,674700,50000000,95000000,Europe,0.035
1406,2026-05-15,Red Spirit 36,430794441,Liberia,Taxed,Passed,2000000,False,Crude Oil Tanker,Singapore,Other Non-USD,140000000,1.25,1750000,0,0,0,3750000,240000000,380000000,Africa,1.875
1407,2026-05-15,Red Spirit 29,315595695,Liberia,Taxed,Passed,2000000,False,LNG Carrier,Mumbai,Other Non-USD,220000000,1.25,2750000,0,0,0,4750000,200000000,420000000,Africa,1.3970588235294117
1408,2026-05-15,Eastern Titan 53,309305473,Turkey,Taxed,Passed,2000000,False,Container Ship,Singapore,Other Non-USD,110000000,1.25,1375000,0,0,0,3375000,150000000,260000000,Asia,225.0
1409,2026-05-15,Golden Spirit 17,322969247,Russia,Privileged,Passed,0,False,Bulk Carrier,Hidden/Private,N/A (Exempt/Diplomatic),45000000,0.05,22500,0,0,0,22500,50000000,95000000,Eurasia,0.035
1410,2026-05-16,Eastern Titan 10,238114122,Russia,Privileged,Passed,0,False,Container Ship,Hidden/Private,N/A (Exempt/Diplomatic),110000000,0.05,55000,0,0,0,55000,150000000,260000000,Eurasia,3.6666666666666665
1411,2026-05-16,Iron Trader 63,488954965,UAE,Taxed,Rerouted,0,True,Container Ship,Houston,N/A (Exempt/Diplomatic),110000000,0.15,165000,12,1800,2022000,2187000,150000000,260000000,Asia,145.8
1412,2026-05-16,Ocean Spirit 12,515845836,UAE,Taxed,Rerouted,0,True,Bulk Carrier,Mumbai,N/A (Exempt/Diplomatic),45000000,0.15,67500,12,480,607200,674700,50000000,95000000,Asia,0.035
1413,2026-05-16,Global Titan 59,572561470,Iraq,Privileged,Passed,0,False,Container Ship,Hidden/Private,N/A (Exempt/Diplomatic),110000000,0.05,55000,0,0,0,55000,150000000,260000000,Asia,3.6666666666666665
1414,2026-05-16,Eastern Express 64,501134582,China,Privileged,Passed,0,False,Bulk Carrier,Hidden/Private,N/A (Exempt/Diplomatic),45000000,0.05,22500,0,0,0,22500,50000000,95000000,Asia,0.035
1415,2026-05-16,Global Spirit 24,677660874,Iran,Privileged,Passed,0,False,Crude Oil Tanker,Hidden/Private,N/A (Exempt/Diplomatic),140000000,0.05,70000,0,0,0,70000,240000000,380000000,Asia,0.035
1416,2026-05-16,Global Express 71,348444607,Germany,Blocked,Rerouted,0,True,Crude Oil Tanker,Rotterdam,N/A (Exempt/Diplomatic),140000000,0.15,210000,12,1200,1548000,1758000,240000000,380000000,Europe,0.879
1417,2026-05-16,Northern Leader 66,562724611,India,Taxed,Passed,2000000,False,LNG Carrier,Ningbo,Other Non-USD,220000000,1.25,2750000,0,0,0,4750000,200000000,420000000,Asia,1.3970588235294117
1418,2026-05-16,Ocean Trader 33,236787109,Pakistan,Privileged,Passed,0,False,Crude Oil Tanker,Hidden/Private,N/A (Exempt/Diplomatic),140000000,0.05,70000,0,0,0,70000,240000000,380000000,Asia,0.035
1419,2026-05-16,Global Leader 51,381194227,USA,Blocked,Rerouted,0,True,Container Ship,Ningbo,N/A (Exempt/Diplomatic),110000000,0.15,165000,12,1800,2022000,2187000,150000000,260000000,North America,145.8
1420,2026-05-16,Red Carrier 69,423217093,Russia,Privileged,Passed,0,False,Crude Oil Tanker,Hidden/Private,N/A (Exempt/Diplomatic),140000000,0.05,70000,0,0,0,70000,240000000,380000000,Eurasia,0.035
1421,2026-05-16,Iron Star 78,611154230,Iraq,Privileged,Passed,0,False,Crude Oil Tanker,Hidden/Private,N/A (Exempt/Diplomatic),140000000,0.05,70000,0,0,0,70000,240000000,380000000,Asia,0.035
1422,2026-05-16,Red Titan 95,343332624,Pakistan,Privileged,Passed,0,False,Container Ship,Hidden/Private,N/A (Exempt/Diplomatic),110000000,0.05,55000,0,0,0,55000,150000000,260000000,Asia,3.6666666666666665
1423,2026-05-16,Iron Titan 91,348880396,Germany,Blocked,Rerouted,0,True,Bulk Carrier,Rotterdam,N/A (Exempt/Diplomatic),45000000,0.15,67500,12,480,607200,674700,50000000,95000000,Europe,0.035
1424,2026-05-16,Red Trader 49,328554982,Russia,Privileged,Passed,0,False,Bulk Carrier,Hidden/Private,N/A (Exempt/Diplomatic),45000000,0.05,22500,0,0,0,22500,50000000,95000000,Eurasia,0.035
1425,2026-05-16,Red Leader 99,358728676,Iraq,Privileged,Passed,0,False,LNG Carrier,Hidden/Private,N/A (Exempt/Diplomatic),220000000,0.05,110000,0,0,0,110000,200000000,420000000,Asia,0.0323529411764705
1426,2026-05-16,Global Spirit 60,270264740,Panama,Taxed,Passed,2000000,False,Crude Oil Tanker,Rotterdam,Other Non-USD,140000000,1.25,1750000,0,0,0,3750000,240000000,380000000,North America,1.875
1427,2026-05-16,Eastern Express 79,232726345,Liberia,Taxed,Passed,2000000,False,LNG Carrier,Singapore,Other Non-USD,220000000,1.25,2750000,0,0,0,4750000,200000000,420000000,Africa,1.3970588235294117
1428,2026-05-16,Red Spirit 79,243259801,Iraq,Privileged,Passed,0,False,Crude Oil Tanker,Hidden/Private,N/A (Exempt/Diplomatic),140000000,0.05,70000,0,0,0,70000,240000000,380000000,Asia,0.035
1429,2026-05-16,Iron Trader 15,682606488,Marshall Islands,Taxed,Passed,2000000,False,Crude Oil Tanker,Mumbai,Other Non-USD,140000000,1.25,1750000,0,0,0,3750000,240000000,380000000,Oceania,1.875
1430,2026-05-16,Global Leader 95,403552071,Greece,Taxed,Passed,2000000,False,Container Ship,Mumbai,Tether (USDT) / Yuan,110000000,1.25,1375000,0,0,0,3375000,150000000,260000000,Europe,225.0
1431,2026-05-16,Golden Star 13,598116895,Turkey,Taxed,Passed,2000000,False,Crude Oil Tanker,Houston,Other Non-USD,140000000,1.25,1750000,0,0,0,3750000,240000000,380000000,Asia,1.875
1432,2026-05-16,Northern Express 35,240800296,UAE,Taxed,Rerouted,0,True,Crude Oil Tanker,Rotterdam,N/A (Exempt/Diplomatic),140000000,0.15,210000,12,1200,1548000,1758000,240000000,380000000,Asia,0.879
1433,2026-05-16,Global Titan 99,478076450,Israel,Blocked,Blocked/Waiting (Anchored off Oman),0,False,Crude Oil Tanker,Ningbo,N/A (Exempt/Diplomatic),140000000,0.5,700000,0,0,0,700000,240000000,380000000,Asia,0.35
1434,2026-05-16,Iron Titan 32,673206722,UK,Blocked,Blocked/Waiting (Anchored off Oman),0,False,Crude Oil Tanker,Rotterdam,N/A (Exempt/Diplomatic),140000000,0.5,700000,0,0,0,700000,240000000,380000000,Europe,0.35
1435,2026-05-16,Global Titan 82,363120451,Pakistan,Privileged,Passed,0,False,LNG Carrier,Hidden/Private,N/A (Exempt/Diplomatic),220000000,0.05,110000,0,0,0,110000,200000000,420000000,Asia,0.0323529411764705
1436,2026-05-16,Eastern Carrier 13,501316148,India,Taxed,Passed,2000000,False,LNG Carrier,Ningbo,Other Non-USD,220000000,1.25,2750000,0,0,0,4750000,200000000,420000000,Asia,1.3970588235294117
1437,2026-05-16,Eastern Titan 40,267764370,Norway,Blocked,Rerouted,0,True,LNG Carrier,Houston,N/A (Exempt/Diplomatic),220000000,0.15,330000,12,1800,2658000,2988000,200000000,420000000,Europe,0.8788235294117647
1438,2026-05-16,Northern Trader 12,249957637,Panama,Taxed,Passed,2000000,False,LNG Carrier,Houston,Other Non-USD,220000000,1.25,2750000,0,0,0,4750000,200000000,420000000,North America,1.3970588235294117
1439,2026-05-16,Iron Titan 21,349748461,Israel,Blocked,Rerouted,0,True,Container Ship,Rotterdam,N/A (Exempt/Diplomatic),110000000,0.15,165000,12,1800,2022000,2187000,150000000,260000000,Asia,145.8
1440,2026-05-16,Ocean Trader 40,289287596,UK,Blocked,Rerouted,0,True,Bulk Carrier,Singapore,N/A (Exempt/Diplomatic),45000000,0.15,67500,12,480,607200,674700,50000000,95000000,Europe,0.035
1441,2026-05-16,Red Titan 16,335548300,Norway,Blocked,Rerouted,0,True,Container Ship,Rotterdam,N/A (Exempt/Diplomatic),110000000,0.15,165000,12,1800,2022000,2187000,150000000,260000000,Europe,145.8
1442,2026-05-16,Golden Trader 56,287324253,Marshall Islands,Taxed,Rerouted,0,True,LNG Carrier,Houston,N/A (Exempt/Diplomatic),220000000,0.15,330000,12,1800,2658000,2988000,200000000,420000000,Oceania,0.8788235294117647
1443,2026-05-16,Ocean Express 46,325892782,Turkey,Taxed,Passed,2000000,False,Bulk Carrier,Ningbo,Other Non-USD,45000000,1.25,562500,0,0,0,2562500,50000000,95000000,Asia,0.035
1444,2026-05-17,Eastern Spirit 94,655274738,Iran,Privileged,Passed,0,False,Crude Oil Tanker,Hidden/Private,N/A (Exempt/Diplomatic),140000000,0.05,70000,0,0,0,70000,240000000,380000000,Asia,0.035
1445,2026-05-17,Ocean Star 98,685292957,Iraq,Privileged,Passed,0,False,Bulk Carrier,Hidden/Private,N/A (Exempt/Diplomatic),45000000,0.05,22500,0,0,0,22500,50000000,95000000,Asia,0.035
1446,2026-05-17,Iron Carrier 48,528391997,Germany,Blocked,Blocked/Waiting (Anchored off Oman),0,False,LNG Carrier,Rotterdam,N/A (Exempt/Diplomatic),220000000,0.5,1100000,0,0,0,1100000,200000000,420000000,Europe,0.3235294117647059
1447,2026-05-17,Golden Titan 18,422730506,UK,Blocked,Rerouted,0,True,Bulk Carrier,Ningbo,N/A (Exempt/Diplomatic),45000000,0.15,67500,12,480,607200,674700,50000000,95000000,Europe,0.035
1448,2026-05-17,Golden Carrier 29,346215835,Panama,Taxed,Rerouted,0,True,Bulk Carrier,Houston,N/A (Exempt/Diplomatic),45000000,0.15,67500,12,480,607200,674700,50000000,95000000,North America,0.035
1449,2026-05-17,Red Trader 81,674666203,UK,Blocked,Rerouted,0,True,Bulk Carrier,Mumbai,N/A (Exempt/Diplomatic),45000000,0.15,67500,12,480,607200,674700,50000000,95000000,Europe,0.035
1450,2026-05-17,Northern Express 78,377784731,China,Privileged,Passed,0,False,Crude Oil Tanker,Hidden/Private,N/A (Exempt/Diplomatic),140000000,0.05,70000,0,0,0,70000,240000000,380000000,Asia,0.035
1451,2026-05-17,Eastern Star 49,509128512,USA,Blocked,Rerouted,0,True,LNG Carrier,Rotterdam,N/A (Exempt/Diplomatic),220000000,0.15,330000,12,1800,2658000,2988000,200000000,420000000,North America,0.8788235294117647
1452,2026-05-17,Ocean Express 65,200907996,Germany,Blocked,Rerouted,0,True,Container Ship,Ningbo,N/A (Exempt/Diplomatic),110000000,0.15,165000,12,1800,2022000,2187000,150000000,260000000,Europe,145.8
1453,2026-05-17,Global Star 34,369408512,Iran,Privileged,Passed,0,False,Container Ship,Hidden/Private,N/A (Exempt/Diplomatic),110000000,0.05,55000,0,0,0,55000,150000000,260000000,Asia,3.6666666666666665
1454,2026-05-17,Global Spirit 24,677660874,Iran,Privileged,Passed,0,False,Crude Oil Tanker,Hidden/Private,N/A (Exempt/Diplomatic),140000000,0.05,70000,0,0,0,70000,240000000,380000000,Asia,0.035
1455,2026-05-17,Northern Star 79,227963244,Marshall Islands,Taxed,Passed,2000000,False,Bulk Carrier,Rotterdam,Other Non-USD,45000000,1.25,562500,0,0,0,2562500,50000000,95000000,Oceania,0.035
1456,2026-05-17,Ocean Trader 40,289287596,UK,Blocked,Rerouted,0,True,Container Ship,Rotterdam,N/A (Exempt/Diplomatic),110000000,0.15,165000,12,1800,2022000,2187000,150000000,260000000,Europe,145.8
1457,2026-05-17,Ocean Spirit 48,604518879,USA,Blocked,Rerouted,0,True,Bulk Carrier,Mumbai,N/A (Exempt/Diplomatic),45000000,0.15,67500,12,480,607200,674700,50000000,95000000,North America,0.035
1458,2026-05-17,Global Titan 59,572561470,Iraq,Privileged,Passed,0,False,Container Ship,Hidden/Private,N/A (Exempt/Diplomatic),110000000,0.05,55000,0,0,0,55000,150000000,260000000,Asia,3.6666666666666665
1459,2026-05-17,Red Leader 62,450731958,Russia,Privileged,Passed,0,False,Container Ship,Hidden/Private,N/A (Exempt/Diplomatic),110000000,0.05,55000,0,0,0,55000,150000000,260000000,Eurasia,3.6666666666666665
1460,2026-05-17,Eastern Express 29,697015667,UAE,Taxed,Passed,2000000,False,Crude Oil Tanker,Ningbo,Other Non-USD,140000000,1.25,1750000,0,0,0,3750000,240000000,380000000,Asia,1.875
1461,2026-05-17,Ocean Carrier 90,568535587,Russia,Privileged,Passed,0,False,Crude Oil Tanker,Hidden/Private,N/A (Exempt/Diplomatic),140000000,0.05,70000,0,0,0,70000,240000000,380000000,Eurasia,0.035
1462,2026-05-17,Golden Express 81,555339452,Norway,Blocked,Rerouted,0,True,Container Ship,Rotterdam,N/A (Exempt/Diplomatic),110000000,0.15,165000,12,1800,2022000,2187000,150000000,260000000,Europe,145.8
1463,2026-05-17,Northern Titan 15,365494940,Marshall Islands,Taxed,Passed,2000000,False,Crude Oil Tanker,Mumbai,Other Non-USD,140000000,1.25,1750000,0,0,0,3750000,240000000,380000000,Oceania,1.875
1464,2026-05-17,Red Leader 99,358728676,Iraq,Privileged,Passed,0,False,LNG Carrier,Hidden/Private,N/A (Exempt/Diplomatic),220000000,0.05,110000,0,0,0,110000,200000000,420000000,Asia,0.0323529411764705
1465,2026-05-17,Golden Spirit 74,366045938,UK,Blocked,Rerouted,0,True,LNG Carrier,Ningbo,N/A (Exempt/Diplomatic),220000000,0.15,330000,12,1800,2658000,2988000,200000000,420000000,Europe,0.8788235294117647
1466,2026-05-17,Iron Leader 38,307144846,Israel,Blocked,Rerouted,0,True,Container Ship,Singapore,N/A (Exempt/Diplomatic),110000000,0.15,165000,12,1800,2022000,2187000,150000000,260000000,Asia,145.8
1467,2026-05-17,Golden Star 13,598116895,Turkey,Taxed,Passed,2000000,False,Crude Oil Tanker,Ningbo,Other Non-USD,140000000,1.25,1750000,0,0,0,3750000,240000000,380000000,Asia,1.875
1468,2026-05-17,Red Spirit 29,315595695,Liberia,Taxed,Passed,2000000,False,Container Ship,Ningbo,Other Non-USD,110000000,1.25,1375000,0,0,0,3375000,150000000,260000000,Africa,225.0
1469,2026-05-17,Eastern Titan 84,519180042,Russia,Privileged,Passed,0,False,LNG Carrier,Hidden/Private,N/A (Exempt/Diplomatic),220000000,0.05,110000,0,0,0,110000,200000000,420000000,Eurasia,0.0323529411764705
1470,2026-05-17,Global Star 43,403529838,Liberia,Taxed,Passed,2000000,False,Container Ship,Houston,Other Non-USD,110000000,1.25,1375000,0,0,0,3375000,150000000,260000000,Africa,225.0
1471,2026-05-17,Eastern Carrier 13,501316148,India,Taxed,Passed,2000000,False,Container Ship,Mumbai,Other Non-USD,110000000,1.25,1375000,0,0,0,3375000,150000000,260000000,Asia,225.0
1472,2026-05-17,Eastern Carrier 50,605471762,Israel,Blocked,Rerouted,0,True,Container Ship,Ningbo,N/A (Exempt/Diplomatic),110000000,0.15,165000,12,1800,2022000,2187000,150000000,260000000,Asia,145.8
1473,2026-05-17,Eastern Trader 32,472559523,Iran,Privileged,Passed,0,False,LNG Carrier,Hidden/Private,N/A (Exempt/Diplomatic),220000000,0.05,110000,0,0,0,110000,200000000,420000000,Asia,0.0323529411764705
1474,2026-05-17,Eastern Carrier 22,239331548,India,Taxed,Passed,2000000,False,LNG Carrier,Singapore,Other Non-USD,220000000,1.25,2750000,0,0,0,4750000,200000000,420000000,Asia,1.3970588235294117
1475,2026-05-17,Global Titan 27,595389973,Iran,Privileged,Passed,0,False,Container Ship,Hidden/Private,N/A (Exempt/Diplomatic),110000000,0.05,55000,0,0,0,55000,150000000,260000000,Asia,3.6666666666666665
1476,2026-05-17,Northern Spirit 19,205001198,Israel,Blocked,Rerouted,0,True,LNG Carrier,Houston,N/A (Exempt/Diplomatic),220000000,0.15,330000,12,1800,2658000,2988000,200000000,420000000,Asia,0.8788235294117647
1477,2026-05-17,Northern Express 53,629814830,Iran,Privileged,Passed,0,False,LNG Carrier,Hidden/Private,N/A (Exempt/Diplomatic),220000000,0.05,110000,0,0,0,110000,200000000,420000000,Asia,0.0323529411764705
1478,2026-05-17,Golden Leader 44,364616964,Turkey,Taxed,Rerouted,0,True,Bulk Carrier,Singapore,N/A (Exempt/Diplomatic),45000000,0.15,67500,12,480,607200,674700,50000000,95000000,Asia,0.035
1479,2026-05-17,Global Titan 82,363120451,Pakistan,Privileged,Passed,0,False,Bulk Carrier,Hidden/Private,N/A (Exempt/Diplomatic),45000000,0.05,22500,0,0,0,22500,50000000,95000000,Asia,0.035
1480,2026-05-18,Global Express 30,625244369,UK,Blocked,Rerouted,0,True,LNG Carrier,Houston,N/A (Exempt/Diplomatic),220000000,0.15,330000,12,1800,2658000,2988000,200000000,420000000,Europe,0.8788235294117647
1481,2026-05-18,Northern Leader 85,344093758,Liberia,Taxed,Passed,2000000,False,Bulk Carrier,Rotterdam,Other Non-USD,45000000,1.25,562500,0,0,0,2562500,50000000,95000000,Africa,0.035
1482,2026-05-18,Northern Express 78,377784731,China,Privileged,Passed,0,False,Bulk Carrier,Hidden/Private,N/A (Exempt/Diplomatic),45000000,0.05,22500,0,0,0,22500,50000000,95000000,Asia,0.035
1483,2026-05-18,Golden Trader 50,434287182,Germany,Blocked,Rerouted,0,True,Crude Oil Tanker,Mumbai,N/A (Exempt/Diplomatic),140000000,0.15,210000,12,1200,1548000,1758000,240000000,380000000,Europe,0.879
1484,2026-05-18,Iron Trader 15,682606488,Marshall Islands,Taxed,Passed,2000000,False,Crude Oil Tanker,Mumbai,Other Non-USD,140000000,1.25,1750000,0,0,0,3750000,240000000,380000000,Oceania,1.875
1485,2026-05-18,Eastern Express 64,501134582,China,Privileged,Passed,0,False,LNG Carrier,Hidden/Private,N/A (Exempt/Diplomatic),220000000,0.05,110000,0,0,0,110000,200000000,420000000,Asia,0.0323529411764705
1486,2026-05-18,Eastern Titan 10,238114122,Russia,Privileged,Passed,0,False,LNG Carrier,Hidden/Private,N/A (Exempt/Diplomatic),220000000,0.05,110000,0,0,0,110000,200000000,420000000,Eurasia,0.0323529411764705
1487,2026-05-18,Global Spirit 24,677660874,Iran,Privileged,Passed,0,False,LNG Carrier,Hidden/Private,N/A (Exempt/Diplomatic),220000000,0.05,110000,0,0,0,110000,200000000,420000000,Asia,0.0323529411764705
1488,2026-05-18,Golden Spirit 30,597945315,Israel,Blocked,Rerouted,0,True,Bulk Carrier,Houston,N/A (Exempt/Diplomatic),45000000,0.15,67500,12,480,607200,674700,50000000,95000000,Asia,0.035
1489,2026-05-18,Global Star 43,403529838,Liberia,Taxed,Passed,2000000,False,LNG Carrier,Rotterdam,Other Non-USD,220000000,1.25,2750000,0,0,0,4750000,200000000,420000000,Africa,1.3970588235294117
1490,2026-05-18,Ocean Trader 63,641485549,Norway,Blocked,Rerouted,0,True,Crude Oil Tanker,Mumbai,N/A (Exempt/Diplomatic),140000000,0.15,210000,12,1200,1548000,1758000,240000000,380000000,Europe,0.879
1491,2026-05-18,Global Leader 85,349352498,China,Privileged,Passed,0,False,LNG Carrier,Hidden/Private,N/A (Exempt/Diplomatic),220000000,0.05,110000,0,0,0,110000,200000000,420000000,Asia,0.0323529411764705
1492,2026-05-18,Eastern Spirit 26,387372691,Pakistan,Privileged,Passed,0,False,Crude Oil Tanker,Hidden/Private,N/A (Exempt/Diplomatic),140000000,0.05,70000,0,0,0,70000,240000000,380000000,Asia,0.035
1493,2026-05-18,Red Carrier 87,427170451,India,Taxed,Rerouted,0,True,Bulk Carrier,Rotterdam,N/A (Exempt/Diplomatic),45000000,0.15,67500,12,480,607200,674700,50000000,95000000,Asia,0.035
1494,2026-05-18,Red Titan 16,335548300,Norway,Blocked,Rerouted,0,True,Crude Oil Tanker,Rotterdam,N/A (Exempt/Diplomatic),140000000,0.15,210000,12,1200,1548000,1758000,240000000,380000000,Europe,0.879
1495,2026-05-18,Iron Star 41,307030950,China,Privileged,Passed,0,False,Container Ship,Hidden/Private,N/A (Exempt/Diplomatic),110000000,0.05,55000,0,0,0,55000,150000000,260000000,Asia,3.6666666666666665
1496,2026-05-18,Eastern Spirit 94,655274738,Iran,Privileged,Passed,0,False,Bulk Carrier,Hidden/Private,N/A (Exempt/Diplomatic),45000000,0.05,22500,0,0,0,22500,50000000,95000000,Asia,0.035
1497,2026-05-18,Golden Star 82,317018823,Israel,Blocked,Rerouted,0,True,Bulk Carrier,Rotterdam,N/A (Exempt/Diplomatic),45000000,0.15,67500,12,480,607200,674700,50000000,95000000,Asia,0.035
1498,2026-05-18,Eastern Trader 77,693112443,China,Privileged,Passed,0,False,Crude Oil Tanker,Hidden/Private,N/A (Exempt/Diplomatic),140000000,0.05,70000,0,0,0,70000,240000000,380000000,Asia,0.035
1499,2026-05-18,Red Leader 18,556609890,Liberia,Taxed,Rerouted,0,True,Container Ship,Ningbo,N/A (Exempt/Diplomatic),110000000,0.15,165000,12,1800,2022000,2187000,150000000,260000000,Africa,145.8
1500,2026-05-18,Golden Leader 78,267015535,USA,Blocked,Blocked/Waiting (Anchored off Oman),0,False,Crude Oil Tanker,Mumbai,N/A (Exempt/Diplomatic),140000000,0.5,700000,0,0,0,700000,240000000,380000000,North America,0.35
1501,2026-05-18,Global Trader 19,437904006,Iran,Privileged,Passed,0,False,Container Ship,Hidden/Private,N/A (Exempt/Diplomatic),110000000,0.05,55000,0,0,0,55000,150000000,260000000,Asia,3.6666666666666665
1502,2026-05-18,Global Carrier 26,588346949,Norway,Blocked,Blocked/Waiting (Anchored off Oman),0,False,Crude Oil Tanker,Ningbo,N/A (Exempt/Diplomatic),140000000,0.5,700000,0,0,0,700000,240000000,380000000,Europe,0.35
1503,2026-05-18,Global Leader 37,390495200,Turkey,Taxed,Rerouted,0,True,Container Ship,Houston,N/A (Exempt/Diplomatic),110000000,0.15,165000,12,1800,2022000,2187000,150000000,260000000,Asia,145.8
1504,2026-05-18,Red Trader 81,674666203,UK,Blocked,Blocked/Waiting (Anchored off Oman),0,False,Crude Oil Tanker,Rotterdam,N/A (Exempt/Diplomatic),140000000,0.5,700000,0,0,0,700000,240000000,380000000,Europe,0.35
1505,2026-05-18,Red Trader 49,328554982,Russia,Privileged,Passed,0,False,LNG Carrier,Hidden/Private,N/A (Exempt/Diplomatic),220000000,0.05,110000,0,0,0,110000,200000000,420000000,Eurasia,0.0323529411764705
1506,2026-05-18,Iron Spirit 61,343742291,Pakistan,Privileged,Passed,0,False,Bulk Carrier,Hidden/Private,N/A (Exempt/Diplomatic),45000000,0.05,22500,0,0,0,22500,50000000,95000000,Asia,0.035
1507,2026-05-18,Eastern Carrier 89,321164857,Germany,Blocked,Rerouted,0,True,Container Ship,Ningbo,N/A (Exempt/Diplomatic),110000000,0.15,165000,12,1800,2022000,2187000,150000000,260000000,Europe,145.8
1508,2026-05-19,Global Leader 37,390495200,Turkey,Taxed,Passed,2000000,False,LNG Carrier,Singapore,Other Non-USD,220000000,1.25,2750000,0,0,0,4750000,200000000,420000000,Asia,1.3970588235294117
1509,2026-05-19,Ocean Star 98,685292957,Iraq,Privileged,Passed,0,False,Bulk Carrier,Hidden/Private,N/A (Exempt/Diplomatic),45000000,0.05,22500,0,0,0,22500,50000000,95000000,Asia,0.035
1510,2026-05-19,Global Star 81,610407450,UK,Blocked,Blocked/Waiting (Anchored off Oman),0,False,Bulk Carrier,Singapore,N/A (Exempt/Diplomatic),45000000,0.5,225000,0,0,0,225000,50000000,95000000,Europe,0.035
1511,2026-05-19,Golden Spirit 57,290081110,Iran,Privileged,Passed,0,False,LNG Carrier,Hidden/Private,N/A (Exempt/Diplomatic),220000000,0.05,110000,0,0,0,110000,200000000,420000000,Asia,0.0323529411764705
1512,2026-05-19,Eastern Carrier 22,239331548,India,Taxed,Rerouted,0,True,LNG Carrier,Houston,N/A (Exempt/Diplomatic),220000000,0.15,330000,12,1800,2658000,2988000,200000000,420000000,Asia,0.8788235294117647
1513,2026-05-19,Ocean Express 79,648838894,China,Privileged,Passed,0,False,LNG Carrier,Hidden/Private,N/A (Exempt/Diplomatic),220000000,0.05,110000,0,0,0,110000,200000000,420000000,Asia,0.0323529411764705
1514,2026-05-19,Iron Trader 23,617911275,UK,Blocked,Blocked/Waiting (Anchored off Oman),0,False,Bulk Carrier,Houston,N/A (Exempt/Diplomatic),45000000,0.5,225000,0,0,0,225000,50000000,95000000,Europe,0.035
1515,2026-05-19,Ocean Trader 33,236787109,Pakistan,Privileged,Passed,0,False,LNG Carrier,Hidden/Private,N/A (Exempt/Diplomatic),220000000,0.05,110000,0,0,0,110000,200000000,420000000,Asia,0.0323529411764705
1516,2026-05-19,Iron Star 58,349235943,Israel,Blocked,Rerouted,0,True,LNG Carrier,Houston,N/A (Exempt/Diplomatic),220000000,0.15,330000,12,1800,2658000,2988000,200000000,420000000,Asia,0.8788235294117647
1517,2026-05-19,Ocean Carrier 90,568535587,Russia,Privileged,Passed,0,False,LNG Carrier,Hidden/Private,N/A (Exempt/Diplomatic),220000000,0.05,110000,0,0,0,110000,200000000,420000000,Eurasia,0.0323529411764705
1518,2026-05-19,Golden Express 81,555339452,Norway,Blocked,Rerouted,0,True,Crude Oil Tanker,Ningbo,N/A (Exempt/Diplomatic),140000000,0.15,210000,12,1200,1548000,1758000,240000000,380000000,Europe,0.879
1519,2026-05-19,Iron Express 41,343240225,Greece,Taxed,Passed,2000000,False,LNG Carrier,Rotterdam,Tether (USDT) / Yuan,220000000,1.25,2750000,0,0,0,4750000,200000000,420000000,Europe,1.3970588235294117
1520,2026-05-19,Iron Trader 30,574810735,UK,Blocked,Rerouted,0,True,Container Ship,Singapore,N/A (Exempt/Diplomatic),110000000,0.15,165000,12,1800,2022000,2187000,150000000,260000000,Europe,145.8
1521,2026-05-19,Global Trader 63,409098769,China,Privileged,Passed,0,False,Bulk Carrier,Hidden/Private,N/A (Exempt/Diplomatic),45000000,0.05,22500,0,0,0,22500,50000000,95000000,Asia,0.035
1522,2026-05-19,Golden Trader 40,416775349,Iran,Privileged,Passed,0,False,Container Ship,Hidden/Private,N/A (Exempt/Diplomatic),110000000,0.05,55000,0,0,0,55000,150000000,260000000,Asia,3.6666666666666665
1523,2026-05-19,Global Titan 34,487916220,Israel,Blocked,Rerouted,0,True,Bulk Carrier,Ningbo,N/A (Exempt/Diplomatic),45000000,0.15,67500,12,480,607200,674700,50000000,95000000,Asia,0.035
1524,2026-05-19,Eastern Spirit 72,210456496,Iran,Privileged,Passed,0,False,LNG Carrier,Hidden/Private,N/A (Exempt/Diplomatic),220000000,0.05,110000,0,0,0,110000,200000000,420000000,Asia,0.0323529411764705
1525,2026-05-19,Ocean Star 52,613991481,Iraq,Privileged,Passed,0,False,Crude Oil Tanker,Hidden/Private,N/A (Exempt/Diplomatic),140000000,0.05,70000,0,0,0,70000,240000000,380000000,Asia,0.035
1526,2026-05-19,Iron Express 23,405375523,Russia,Privileged,Passed,0,False,LNG Carrier,Hidden/Private,N/A (Exempt/Diplomatic),220000000,0.05,110000,0,0,0,110000,200000000,420000000,Eurasia,0.0323529411764705
1527,2026-05-19,Ocean Leader 56,541227155,Israel,Blocked,Rerouted,0,True,Bulk Carrier,Houston,N/A (Exempt/Diplomatic),45000000,0.15,67500,12,480,607200,674700,50000000,95000000,Asia,0.035
1528,2026-05-19,Iron Express 48,651867790,Germany,Blocked,Rerouted,0,True,LNG Carrier,Houston,N/A (Exempt/Diplomatic),220000000,0.15,330000,12,1800,2658000,2988000,200000000,420000000,Europe,0.8788235294117647
1529,2026-05-19,Global Carrier 50,314153005,Norway,Blocked,Rerouted,0,True,Crude Oil Tanker,Mumbai,N/A (Exempt/Diplomatic),140000000,0.15,210000,12,1200,1548000,1758000,240000000,380000000,Europe,0.879
1530,2026-05-19,Iron Titan 32,673206722,UK,Blocked,Rerouted,0,True,Container Ship,Ningbo,N/A (Exempt/Diplomatic),110000000,0.15,165000,12,1800,2022000,2187000,150000000,260000000,Europe,145.8
1531,2026-05-19,Eastern Trader 74,429104699,Israel,Blocked,Rerouted,0,True,Container Ship,Mumbai,N/A (Exempt/Diplomatic),110000000,0.15,165000,12,1800,2022000,2187000,150000000,260000000,Asia,145.8
1532,2026-05-19,Global Trader 69,505935698,USA,Blocked,Rerouted,0,True,Container Ship,Singapore,N/A (Exempt/Diplomatic),110000000,0.15,165000,12,1800,2022000,2187000,150000000,260000000,North America,145.8
1533,2026-05-19,Global Express 18,619421299,Russia,Privileged,Passed,0,False,Container Ship,Hidden/Private,N/A (Exempt/Diplomatic),110000000,0.05,55000,0,0,0,55000,150000000,260000000,Eurasia,3.6666666666666665
1534,2026-05-19,Ocean Express 78,267958709,Turkey,Taxed,Rerouted,0,True,LNG Carrier,Ningbo,N/A (Exempt/Diplomatic),220000000,0.15,330000,12,1800,2658000,2988000,200000000,420000000,Asia,0.8788235294117647
1535,2026-05-19,Global Leader 33,349542787,Israel,Blocked,Rerouted,0,True,Crude Oil Tanker,Mumbai,N/A (Exempt/Diplomatic),140000000,0.15,210000,12,1200,1548000,1758000,240000000,380000000,Asia,0.879
1536,2026-05-20,Ocean Express 78,267958709,Turkey,Taxed,Rerouted,0,True,Container Ship,Rotterdam,N/A (Exempt/Diplomatic),110000000,0.15,165000,12,1800,2022000,2187000,150000000,260000000,Asia,145.8
1537,2026-05-20,Northern Leader 85,344093758,Liberia,Taxed,Passed,2000000,False,LNG Carrier,Houston,Other Non-USD,220000000,1.25,2750000,0,0,0,4750000,200000000,420000000,Africa,1.3970588235294117
1538,2026-05-20,Global Carrier 26,588346949,Norway,Blocked,Rerouted,0,True,Crude Oil Tanker,Houston,N/A (Exempt/Diplomatic),140000000,0.15,210000,12,1200,1548000,1758000,240000000,380000000,Europe,0.879
1539,2026-05-20,Eastern Spirit 70,457007733,Israel,Blocked,Rerouted,0,True,Crude Oil Tanker,Ningbo,N/A (Exempt/Diplomatic),140000000,0.15,210000,12,1200,1548000,1758000,240000000,380000000,Asia,0.879
1540,2026-05-20,Global Trader 70,633521651,UK,Blocked,Rerouted,0,True,Container Ship,Mumbai,N/A (Exempt/Diplomatic),110000000,0.15,165000,12,1800,2022000,2187000,150000000,260000000,Europe,145.8
1541,2026-05-20,Golden Trader 56,287324253,Marshall Islands,Taxed,Passed,2000000,False,Bulk Carrier,Singapore,Other Non-USD,45000000,1.25,562500,0,0,0,2562500,50000000,95000000,Oceania,0.035
1542,2026-05-20,Northern Express 93,400478606,Israel,Blocked,Rerouted,0,True,Bulk Carrier,Houston,N/A (Exempt/Diplomatic),45000000,0.15,67500,12,480,607200,674700,50000000,95000000,Asia,0.035
1543,2026-05-20,Red Leader 18,556609890,Liberia,Taxed,Passed,2000000,False,LNG Carrier,Singapore,Other Non-USD,220000000,1.25,2750000,0,0,0,4750000,200000000,420000000,Africa,1.3970588235294117
1544,2026-05-20,Iron Star 41,307030950,China,Privileged,Passed,0,False,Container Ship,Hidden/Private,N/A (Exempt/Diplomatic),110000000,0.05,55000,0,0,0,55000,150000000,260000000,Asia,3.6666666666666665
1545,2026-05-20,Northern Leader 90,509060961,India,Taxed,Rerouted,0,True,Crude Oil Tanker,Ningbo,N/A (Exempt/Diplomatic),140000000,0.15,210000,12,1200,1548000,1758000,240000000,380000000,Asia,0.879
1546,2026-05-20,Red Spirit 86,576445159,Turkey,Taxed,Passed,2000000,False,LNG Carrier,Singapore,Other Non-USD,220000000,1.25,2750000,0,0,0,4750000,200000000,420000000,Asia,1.3970588235294117
1547,2026-05-20,Golden Carrier 29,346215835,Panama,Taxed,Passed,2000000,False,Container Ship,Rotterdam,Other Non-USD,110000000,1.25,1375000,0,0,0,3375000,150000000,260000000,North America,225.0
1548,2026-05-20,Eastern Carrier 48,418009946,China,Privileged,Passed,0,False,LNG Carrier,Hidden/Private,N/A (Exempt/Diplomatic),220000000,0.05,110000,0,0,0,110000,200000000,420000000,Asia,0.0323529411764705
1549,2026-05-20,Ocean Titan 58,201157156,USA,Blocked,Rerouted,0,True,LNG Carrier,Singapore,N/A (Exempt/Diplomatic),220000000,0.15,330000,12,1800,2658000,2988000,200000000,420000000,North America,0.8788235294117647
1550,2026-05-20,Ocean Leader 83,302047765,Turkey,Taxed,Rerouted,0,True,Bulk Carrier,Ningbo,N/A (Exempt/Diplomatic),45000000,0.15,67500,12,480,607200,674700,50000000,95000000,Asia,0.035
1551,2026-05-20,Golden Titan 61,376234293,Turkey,Taxed,Passed,2000000,False,Crude Oil Tanker,Rotterdam,Other Non-USD,140000000,1.25,1750000,0,0,0,3750000,240000000,380000000,Asia,1.875
1552,2026-05-20,Iron Spirit 87,342013556,Russia,Privileged,Passed,0,False,Crude Oil Tanker,Hidden/Private,N/A (Exempt/Diplomatic),140000000,0.05,70000,0,0,0,70000,240000000,380000000,Eurasia,0.035
1553,2026-05-20,Northern Star 79,227963244,Marshall Islands,Taxed,Passed,2000000,False,Bulk Carrier,Rotterdam,Other Non-USD,45000000,1.25,562500,0,0,0,2562500,50000000,95000000,Oceania,0.035
1554,2026-05-20,Iron Titan 32,673206722,UK,Blocked,Rerouted,0,True,Container Ship,Houston,N/A (Exempt/Diplomatic),110000000,0.15,165000,12,1800,2022000,2187000,150000000,260000000,Europe,145.8
1555,2026-05-20,Iron Carrier 48,528391997,Germany,Blocked,Rerouted,0,True,LNG Carrier,Singapore,N/A (Exempt/Diplomatic),220000000,0.15,330000,12,1800,2658000,2988000,200000000,420000000,Europe,0.8788235294117647
1556,2026-05-20,Iron Express 23,405375523,Russia,Privileged,Passed,0,False,Container Ship,Hidden/Private,N/A (Exempt/Diplomatic),110000000,0.05,55000,0,0,0,55000,150000000,260000000,Eurasia,3.6666666666666665
1557,2026-05-20,Global Express 18,619421299,Russia,Privileged,Passed,0,False,Crude Oil Tanker,Hidden/Private,N/A (Exempt/Diplomatic),140000000,0.05,70000,0,0,0,70000,240000000,380000000,Eurasia,0.035
1558,2026-05-20,Northern Titan 44,433987659,Norway,Blocked,Rerouted,0,True,Bulk Carrier,Houston,N/A (Exempt/Diplomatic),45000000,0.15,67500,12,480,607200,674700,50000000,95000000,Europe,0.035
1559,2026-05-20,Global Star 43,403529838,Liberia,Taxed,Passed,2000000,False,LNG Carrier,Ningbo,Other Non-USD,220000000,1.25,2750000,0,0,0,4750000,200000000,420000000,Africa,1.3970588235294117
1560,2026-05-20,Ocean Express 46,325892782,Turkey,Taxed,Passed,2000000,False,LNG Carrier,Rotterdam,Other Non-USD,220000000,1.25,2750000,0,0,0,4750000,200000000,420000000,Asia,1.3970588235294117
1561,2026-05-20,Global Express 70,441629363,Turkey,Taxed,Passed,2000000,False,Bulk Carrier,Singapore,Other Non-USD,45000000,1.25,562500,0,0,0,2562500,50000000,95000000,Asia,0.035
1562,2026-05-20,Ocean Express 48,656497707,Iran,Privileged,Passed,0,False,Bulk Carrier,Hidden/Private,N/A (Exempt/Diplomatic),45000000,0.05,22500,0,0,0,22500,50000000,95000000,Asia,0.035
1563,2026-05-20,Ocean Star 58,251924210,Marshall Islands,Taxed,Passed,2000000,False,Crude Oil Tanker,Ningbo,Other Non-USD,140000000,1.25,1750000,0,0,0,3750000,240000000,380000000,Oceania,1.875
1564,2026-05-20,Eastern Trader 74,429104699,Israel,Blocked,Blocked/Waiting (Anchored off Oman),0,False,Crude Oil Tanker,Houston,N/A (Exempt/Diplomatic),140000000,0.5,700000,0,0,0,700000,240000000,380000000,Asia,0.35
1565,2026-05-21,Eastern Carrier 48,418009946,China,Privileged,Passed,0,False,LNG Carrier,Hidden/Private,N/A (Exempt/Diplomatic),220000000,0.05,110000,0,0,0,110000,200000000,420000000,Asia,0.0323529411764705
1566,2026-05-21,Global Titan 93,569164473,China,Privileged,Passed,0,False,Crude Oil Tanker,Hidden/Private,N/A (Exempt/Diplomatic),140000000,0.05,70000,0,0,0,70000,240000000,380000000,Asia,0.035
1567,2026-05-21,Global Star 81,610407450,UK,Blocked,Rerouted,0,True,Crude Oil Tanker,Mumbai,N/A (Exempt/Diplomatic),140000000,0.15,210000,12,1200,1548000,1758000,240000000,380000000,Europe,0.879
1568,2026-05-21,Global Titan 59,572561470,Iraq,Privileged,Passed,0,False,Crude Oil Tanker,Hidden/Private,N/A (Exempt/Diplomatic),140000000,0.05,70000,0,0,0,70000,240000000,380000000,Asia,0.035
1569,2026-05-21,Global Titan 27,595389973,Iran,Privileged,Passed,0,False,LNG Carrier,Hidden/Private,N/A (Exempt/Diplomatic),220000000,0.05,110000,0,0,0,110000,200000000,420000000,Asia,0.0323529411764705
1570,2026-05-21,Northern Star 79,227963244,Marshall Islands,Taxed,Passed,2000000,False,Bulk Carrier,Mumbai,Other Non-USD,45000000,1.25,562500,0,0,0,2562500,50000000,95000000,Oceania,0.035
1571,2026-05-21,Golden Express 59,465416722,USA,Blocked,Blocked/Waiting (Anchored off Oman),0,False,Crude Oil Tanker,Rotterdam,N/A (Exempt/Diplomatic),140000000,0.5,700000,0,0,0,700000,240000000,380000000,North America,0.35
1572,2026-05-21,Ocean Express 79,648838894,China,Privileged,Passed,0,False,Container Ship,Hidden/Private,N/A (Exempt/Diplomatic),110000000,0.05,55000,0,0,0,55000,150000000,260000000,Asia,3.6666666666666665
1573,2026-05-21,Golden Express 92,252837693,Russia,Privileged,Passed,0,False,LNG Carrier,Hidden/Private,N/A (Exempt/Diplomatic),220000000,0.05,110000,0,0,0,110000,200000000,420000000,Eurasia,0.0323529411764705
1574,2026-05-21,Eastern Carrier 94,214550303,Pakistan,Privileged,Passed,0,False,LNG Carrier,Hidden/Private,N/A (Exempt/Diplomatic),220000000,0.05,110000,0,0,0,110000,200000000,420000000,Asia,0.0323529411764705
1575,2026-05-21,Ocean Leader 56,541227155,Israel,Blocked,Rerouted,0,True,LNG Carrier,Singapore,N/A (Exempt/Diplomatic),220000000,0.15,330000,12,1800,2658000,2988000,200000000,420000000,Asia,0.8788235294117647
1576,2026-05-21,Red Carrier 94,539807534,Liberia,Taxed,Passed,2000000,False,Bulk Carrier,Rotterdam,Other Non-USD,45000000,1.25,562500,0,0,0,2562500,50000000,95000000,Africa,0.035
1577,2026-05-21,Global Leader 95,403552071,Greece,Taxed,Rerouted,0,True,Bulk Carrier,Mumbai,N/A (Exempt/Diplomatic),45000000,0.15,67500,12,480,607200,674700,50000000,95000000,Europe,0.035
1578,2026-05-21,Iron Star 45,388520142,Germany,Blocked,Rerouted,0,True,Container Ship,Rotterdam,N/A (Exempt/Diplomatic),110000000,0.15,165000,12,1800,2022000,2187000,150000000,260000000,Europe,145.8
1579,2026-05-21,Eastern Spirit 94,655274738,Iran,Privileged,Passed,0,False,Container Ship,Hidden/Private,N/A (Exempt/Diplomatic),110000000,0.05,55000,0,0,0,55000,150000000,260000000,Asia,3.6666666666666665
1580,2026-05-21,Golden Spirit 17,322969247,Russia,Privileged,Passed,0,False,Crude Oil Tanker,Hidden/Private,N/A (Exempt/Diplomatic),140000000,0.05,70000,0,0,0,70000,240000000,380000000,Eurasia,0.035
1581,2026-05-21,Global Leader 51,381194227,USA,Blocked,Rerouted,0,True,LNG Carrier,Rotterdam,N/A (Exempt/Diplomatic),220000000,0.15,330000,12,1800,2658000,2988000,200000000,420000000,North America,0.8788235294117647
1582,2026-05-21,Red Leader 80,377592227,Marshall Islands,Taxed,Passed,2000000,False,Bulk Carrier,Mumbai,Other Non-USD,45000000,1.25,562500,0,0,0,2562500,50000000,95000000,Oceania,0.035
1583,2026-05-21,Ocean Trader 18,415128168,Norway,Blocked,Rerouted,0,True,LNG Carrier,Ningbo,N/A (Exempt/Diplomatic),220000000,0.15,330000,12,1800,2658000,2988000,200000000,420000000,Europe,0.8788235294117647
1584,2026-05-21,Northern Leader 37,664205646,USA,Blocked,Rerouted,0,True,Crude Oil Tanker,Houston,N/A (Exempt/Diplomatic),140000000,0.15,210000,12,1200,1548000,1758000,240000000,380000000,North America,0.879
1585,2026-05-21,Golden Titan 18,422730506,UK,Blocked,Rerouted,0,True,Crude Oil Tanker,Singapore,N/A (Exempt/Diplomatic),140000000,0.15,210000,12,1200,1548000,1758000,240000000,380000000,Europe,0.879
1586,2026-05-21,Golden Trader 40,416775349,Iran,Privileged,Passed,0,False,Bulk Carrier,Hidden/Private,N/A (Exempt/Diplomatic),45000000,0.05,22500,0,0,0,22500,50000000,95000000,Asia,0.035
1587,2026-05-21,Eastern Titan 40,267764370,Norway,Blocked,Rerouted,0,True,Bulk Carrier,Mumbai,N/A (Exempt/Diplomatic),45000000,0.15,67500,12,480,607200,674700,50000000,95000000,Europe,0.035
1588,2026-05-21,Golden Spirit 57,290081110,Iran,Privileged,Passed,0,False,Bulk Carrier,Hidden/Private,N/A (Exempt/Diplomatic),45000000,0.05,22500,0,0,0,22500,50000000,95000000,Asia,0.035
1589,2026-05-21,Global Trader 63,409098769,China,Privileged,Passed,0,False,LNG Carrier,Hidden/Private,N/A (Exempt/Diplomatic),220000000,0.05,110000,0,0,0,110000,200000000,420000000,Asia,0.0323529411764705
1590,2026-05-22,Global Titan 93,569164473,China,Privileged,Passed,0,False,Bulk Carrier,Hidden/Private,N/A (Exempt/Diplomatic),45000000,0.05,22500,0,0,0,22500,50000000,95000000,Asia,0.035
1591,2026-05-22,Eastern Trader 74,429104699,Israel,Blocked,Rerouted,0,True,Crude Oil Tanker,Mumbai,N/A (Exempt/Diplomatic),140000000,0.15,210000,12,1200,1548000,1758000,240000000,380000000,Asia,0.879
1592,2026-05-22,Golden Carrier 98,299401567,India,Taxed,Passed,2000000,False,Crude Oil Tanker,Ningbo,Other Non-USD,140000000,1.25,1750000,0,0,0,3750000,240000000,380000000,Asia,1.875
1593,2026-05-22,Iron Trader 30,366987748,Iran,Privileged,Passed,0,False,LNG Carrier,Hidden/Private,N/A (Exempt/Diplomatic),220000000,0.05,110000,0,0,0,110000,200000000,420000000,Asia,0.0323529411764705
1594,2026-05-22,Eastern Carrier 89,321164857,Germany,Blocked,Rerouted,0,True,Bulk Carrier,Singapore,N/A (Exempt/Diplomatic),45000000,0.15,67500,12,480,607200,674700,50000000,95000000,Europe,0.035
1595,2026-05-22,Golden Express 59,465416722,USA,Blocked,Blocked/Waiting (Anchored off Oman),0,False,Crude Oil Tanker,Ningbo,N/A (Exempt/Diplomatic),140000000,0.5,700000,0,0,0,700000,240000000,380000000,North America,0.35
1596,2026-05-22,Eastern Leader 25,333093315,UAE,Taxed,Passed,2000000,False,Container Ship,Houston,Other Non-USD,110000000,1.25,1375000,0,0,0,3375000,150000000,260000000,Asia,225.0
1597,2026-05-22,Global Express 18,619421299,Russia,Privileged,Passed,0,False,Bulk Carrier,Hidden/Private,N/A (Exempt/Diplomatic),45000000,0.05,22500,0,0,0,22500,50000000,95000000,Eurasia,0.035
1598,2026-05-22,Global Trader 19,437904006,Iran,Privileged,Passed,0,False,Container Ship,Hidden/Private,N/A (Exempt/Diplomatic),110000000,0.05,55000,0,0,0,55000,150000000,260000000,Asia,3.6666666666666665
1599,2026-05-22,Global Leader 98,330623464,Panama,Taxed,Passed,2000000,False,Container Ship,Rotterdam,Other Non-USD,110000000,1.25,1375000,0,0,0,3375000,150000000,260000000,North America,225.0
1600,2026-05-22,Red Spirit 36,559556395,Liberia,Taxed,Passed,2000000,False,Bulk Carrier,Houston,Other Non-USD,45000000,1.25,562500,0,0,0,2562500,50000000,95000000,Africa,0.035
1601,2026-05-22,Global Star 14,661513240,Liberia,Taxed,Passed,2000000,False,Bulk Carrier,Houston,Other Non-USD,45000000,1.25,562500,0,0,0,2562500,50000000,95000000,Africa,0.035
1602,2026-05-22,Golden Star 13,598116895,Turkey,Taxed,Passed,2000000,False,LNG Carrier,Houston,Other Non-USD,220000000,1.25,2750000,0,0,0,4750000,200000000,420000000,Asia,1.3970588235294117
1603,2026-05-22,Eastern Spirit 80,662127581,China,Privileged,Passed,0,False,Bulk Carrier,Hidden/Private,N/A (Exempt/Diplomatic),45000000,0.05,22500,0,0,0,22500,50000000,95000000,Asia,0.035
1604,2026-05-22,Global Leader 85,349352498,China,Privileged,Passed,0,False,Bulk Carrier,Hidden/Private,N/A (Exempt/Diplomatic),45000000,0.05,22500,0,0,0,22500,50000000,95000000,Asia,0.035
1605,2026-05-22,Northern Leader 66,562724611,India,Taxed,Rerouted,0,True,LNG Carrier,Mumbai,N/A (Exempt/Diplomatic),220000000,0.15,330000,12,1800,2658000,2988000,200000000,420000000,Asia,0.8788235294117647
1606,2026-05-22,Golden Spirit 57,290081110,Iran,Privileged,Passed,0,False,Crude Oil Tanker,Hidden/Private,N/A (Exempt/Diplomatic),140000000,0.05,70000,0,0,0,70000,240000000,380000000,Asia,0.035
1607,2026-05-22,Global Titan 82,363120451,Pakistan,Privileged,Passed,0,False,Bulk Carrier,Hidden/Private,N/A (Exempt/Diplomatic),45000000,0.05,22500,0,0,0,22500,50000000,95000000,Asia,0.035
1608,2026-05-22,Global Star 22,553788671,UK,Blocked,Blocked/Waiting (Anchored off Oman),0,False,LNG Carrier,Houston,N/A (Exempt/Diplomatic),220000000,0.5,1100000,0,0,0,1100000,200000000,420000000,Europe,0.3235294117647059
1609,2026-05-22,Iron Star 41,307030950,China,Privileged,Passed,0,False,Container Ship,Hidden/Private,N/A (Exempt/Diplomatic),110000000,0.05,55000,0,0,0,55000,150000000,260000000,Asia,3.6666666666666665
1610,2026-05-22,Ocean Spirit 32,511701739,Turkey,Taxed,Rerouted,0,True,Crude Oil Tanker,Mumbai,N/A (Exempt/Diplomatic),140000000,0.15,210000,12,1200,1548000,1758000,240000000,380000000,Asia,0.879
1611,2026-05-22,Northern Express 78,377784731,China,Privileged,Passed,0,False,Bulk Carrier,Hidden/Private,N/A (Exempt/Diplomatic),45000000,0.05,22500,0,0,0,22500,50000000,95000000,Asia,0.035
1612,2026-05-22,Golden Leader 78,267015535,USA,Blocked,Rerouted,0,True,Bulk Carrier,Singapore,N/A (Exempt/Diplomatic),45000000,0.15,67500,12,480,607200,674700,50000000,95000000,North America,0.035
1613,2026-05-22,Eastern Leader 42,686048824,Russia,Privileged,Passed,0,False,Crude Oil Tanker,Hidden/Private,N/A (Exempt/Diplomatic),140000000,0.05,70000,0,0,0,70000,240000000,380000000,Eurasia,0.035
1614,2026-05-22,Eastern Express 64,501134582,China,Privileged,Passed,0,False,Container Ship,Hidden/Private,N/A (Exempt/Diplomatic),110000000,0.05,55000,0,0,0,55000,150000000,260000000,Asia,3.6666666666666665
1615,2026-05-22,Iron Trader 83,404215510,Norway,Blocked,Blocked/Waiting (Anchored off Oman),0,False,Bulk Carrier,Singapore,N/A (Exempt/Diplomatic),45000000,0.5,225000,0,0,0,225000,50000000,95000000,Europe,0.035
1616,2026-05-22,Northern Express 35,240800296,UAE,Taxed,Passed,2000000,False,Bulk Carrier,Ningbo,Other Non-USD,45000000,1.25,562500,0,0,0,2562500,50000000,95000000,Asia,0.035
1617,2026-05-22,Red Leader 62,450731958,Russia,Privileged,Passed,0,False,Bulk Carrier,Hidden/Private,N/A (Exempt/Diplomatic),45000000,0.05,22500,0,0,0,22500,50000000,95000000,Eurasia,0.035
1618,2026-05-22,Golden Express 79,246674928,UK,Blocked,Rerouted,0,True,Bulk Carrier,Rotterdam,N/A (Exempt/Diplomatic),45000000,0.15,67500,12,480,607200,674700,50000000,95000000,Europe,0.035
1619,2026-05-22,Global Trader 69,505935698,USA,Blocked,Rerouted,0,True,Crude Oil Tanker,Singapore,N/A (Exempt/Diplomatic),140000000,0.15,210000,12,1200,1548000,1758000,240000000,380000000,North America,0.879
1620,2026-05-22,Global Carrier 26,588346949,Norway,Blocked,Rerouted,0,True,Container Ship,Houston,N/A (Exempt/Diplomatic),110000000,0.15,165000,12,1800,2022000,2187000,150000000,260000000,Europe,145.8
1621,2026-05-22,Eastern Titan 84,519180042,Russia,Privileged,Passed,0,False,LNG Carrier,Hidden/Private,N/A (Exempt/Diplomatic),220000000,0.05,110000,0,0,0,110000,200000000,420000000,Eurasia,0.0323529411764705
1622,2026-05-22,Golden Express 81,555339452,Norway,Blocked,Rerouted,0,True,Container Ship,Houston,N/A (Exempt/Diplomatic),110000000,0.15,165000,12,1800,2022000,2187000,150000000,260000000,Europe,145.8
1623,2026-05-22,Red Titan 95,343332624,Pakistan,Privileged,Passed,0,False,Bulk Carrier,Hidden/Private,N/A (Exempt/Diplomatic),45000000,0.05,22500,0,0,0,22500,50000000,95000000,Asia,0.035
1624,2026-05-22,Eastern Spirit 26,387372691,Pakistan,Privileged,Passed,0,False,Bulk Carrier,Hidden/Private,N/A (Exempt/Diplomatic),45000000,0.05,22500,0,0,0,22500,50000000,95000000,Asia,0.035
1625,2026-05-22,Northern Spirit 19,205001198,Israel,Blocked,Rerouted,0,True,Crude Oil Tanker,Houston,N/A (Exempt/Diplomatic),140000000,0.15,210000,12,1200,1548000,1758000,240000000,380000000,Asia,0.879
1626,2026-05-23,Global Star 34,369408512,Iran,Privileged,Passed,0,False,LNG Carrier,Hidden/Private,N/A (Exempt/Diplomatic),220000000,0.05,110000,0,0,0,110000,200000000,420000000,Asia,0.0323529411764705
1627,2026-05-23,Ocean Star 58,251924210,Marshall Islands,Taxed,Rerouted,0,True,Bulk Carrier,Singapore,N/A (Exempt/Diplomatic),45000000,0.15,67500,12,480,607200,674700,50000000,95000000,Oceania,0.035
1628,2026-05-23,Eastern Carrier 48,418009946,China,Privileged,Passed,0,False,Crude Oil Tanker,Hidden/Private,N/A (Exempt/Diplomatic),140000000,0.05,70000,0,0,0,70000,240000000,380000000,Asia,0.035
1629,2026-05-23,Iron Express 41,343240225,Greece,Taxed,Rerouted,0,True,LNG Carrier,Mumbai,N/A (Exempt/Diplomatic),220000000,0.15,330000,12,1800,2658000,2988000,200000000,420000000,Europe,0.8788235294117647
1630,2026-05-23,Golden Carrier 57,454079790,Germany,Blocked,Rerouted,0,True,Crude Oil Tanker,Ningbo,N/A (Exempt/Diplomatic),140000000,0.15,210000,12,1200,1548000,1758000,240000000,380000000,Europe,0.879
1631,2026-05-23,Eastern Trader 74,429104699,Israel,Blocked,Rerouted,0,True,Bulk Carrier,Mumbai,N/A (Exempt/Diplomatic),45000000,0.15,67500,12,480,607200,674700,50000000,95000000,Asia,0.035
1632,2026-05-23,Eastern Star 59,404880292,Israel,Blocked,Rerouted,0,True,Bulk Carrier,Houston,N/A (Exempt/Diplomatic),45000000,0.15,67500,12,480,607200,674700,50000000,95000000,Asia,0.035
1633,2026-05-23,Global Titan 27,595389973,Iran,Privileged,Passed,0,False,LNG Carrier,Hidden/Private,N/A (Exempt/Diplomatic),220000000,0.05,110000,0,0,0,110000,200000000,420000000,Asia,0.0323529411764705
1634,2026-05-23,Global Spirit 46,284689687,Israel,Blocked,Rerouted,0,True,Bulk Carrier,Houston,N/A (Exempt/Diplomatic),45000000,0.15,67500,12,480,607200,674700,50000000,95000000,Asia,0.035
1635,2026-05-23,Golden Leader 78,267015535,USA,Blocked,Blocked/Waiting (Anchored off Oman),0,False,Container Ship,Rotterdam,N/A (Exempt/Diplomatic),110000000,0.5,550000,0,0,0,550000,150000000,260000000,North America,36.66666666666666
1636,2026-05-23,Global Leader 37,390495200,Turkey,Taxed,Rerouted,0,True,Container Ship,Rotterdam,N/A (Exempt/Diplomatic),110000000,0.15,165000,12,1800,2022000,2187000,150000000,260000000,Asia,145.8
1637,2026-05-23,Global Star 43,403529838,Liberia,Taxed,Rerouted,0,True,Crude Oil Tanker,Rotterdam,N/A (Exempt/Diplomatic),140000000,0.15,210000,12,1200,1548000,1758000,240000000,380000000,Africa,0.879
1638,2026-05-23,Global Carrier 50,314153005,Norway,Blocked,Rerouted,0,True,LNG Carrier,Houston,N/A (Exempt/Diplomatic),220000000,0.15,330000,12,1800,2658000,2988000,200000000,420000000,Europe,0.8788235294117647
1639,2026-05-23,Eastern Leader 42,686048824,Russia,Privileged,Passed,0,False,Container Ship,Hidden/Private,N/A (Exempt/Diplomatic),110000000,0.05,55000,0,0,0,55000,150000000,260000000,Eurasia,3.6666666666666665
1640,2026-05-23,Northern Leader 66,562724611,India,Taxed,Passed,2000000,False,Bulk Carrier,Mumbai,Other Non-USD,45000000,1.25,562500,0,0,0,2562500,50000000,95000000,Asia,0.035
1641,2026-05-23,Ocean Express 78,267958709,Turkey,Taxed,Passed,2000000,False,Crude Oil Tanker,Singapore,Other Non-USD,140000000,1.25,1750000,0,0,0,3750000,240000000,380000000,Asia,1.875
1642,2026-05-23,Red Titan 27,473549845,Norway,Blocked,Rerouted,0,True,Crude Oil Tanker,Singapore,N/A (Exempt/Diplomatic),140000000,0.15,210000,12,1200,1548000,1758000,240000000,380000000,Europe,0.879
1643,2026-05-23,Red Titan 16,335548300,Norway,Blocked,Rerouted,0,True,Bulk Carrier,Singapore,N/A (Exempt/Diplomatic),45000000,0.15,67500,12,480,607200,674700,50000000,95000000,Europe,0.035
1644,2026-05-23,Ocean Leader 56,541227155,Israel,Blocked,Rerouted,0,True,LNG Carrier,Ningbo,N/A (Exempt/Diplomatic),220000000,0.15,330000,12,1800,2658000,2988000,200000000,420000000,Asia,0.8788235294117647
1645,2026-05-23,Ocean Star 80,356839665,Iraq,Privileged,Passed,0,False,Bulk Carrier,Hidden/Private,N/A (Exempt/Diplomatic),45000000,0.05,22500,0,0,0,22500,50000000,95000000,Asia,0.035
1646,2026-05-23,Golden Express 99,492563230,UK,Blocked,Blocked/Waiting (Anchored off Oman),0,False,Container Ship,Ningbo,N/A (Exempt/Diplomatic),110000000,0.5,550000,0,0,0,550000,150000000,260000000,Europe,36.66666666666666
1647,2026-05-23,Ocean Leader 53,559098790,USA,Blocked,Rerouted,0,True,Bulk Carrier,Mumbai,N/A (Exempt/Diplomatic),45000000,0.15,67500,12,480,607200,674700,50000000,95000000,North America,0.035
1648,2026-05-23,Northern Trader 12,249957637,Panama,Taxed,Passed,2000000,False,Crude Oil Tanker,Rotterdam,Other Non-USD,140000000,1.25,1750000,0,0,0,3750000,240000000,380000000,North America,1.875
1649,2026-05-23,Northern Express 35,240800296,UAE,Taxed,Passed,2000000,False,Bulk Carrier,Singapore,Other Non-USD,45000000,1.25,562500,0,0,0,2562500,50000000,95000000,Asia,0.035
1650,2026-05-23,Global Star 22,553788671,UK,Blocked,Rerouted,0,True,LNG Carrier,Mumbai,N/A (Exempt/Diplomatic),220000000,0.15,330000,12,1800,2658000,2988000,200000000,420000000,Europe,0.8788235294117647
1651,2026-05-23,Global Spirit 24,677660874,Iran,Privileged,Passed,0,False,Bulk Carrier,Hidden/Private,N/A (Exempt/Diplomatic),45000000,0.05,22500,0,0,0,22500,50000000,95000000,Asia,0.035
1652,2026-05-23,Global Carrier 26,588346949,Norway,Blocked,Rerouted,0,True,LNG Carrier,Houston,N/A (Exempt/Diplomatic),220000000,0.15,330000,12,1800,2658000,2988000,200000000,420000000,Europe,0.8788235294117647
1653,2026-05-24,Golden Carrier 57,454079790,Germany,Blocked,Rerouted,0,True,LNG Carrier,Rotterdam,N/A (Exempt/Diplomatic),220000000,0.15,330000,12,1800,2658000,2988000,200000000,420000000,Europe,0.8788235294117647
1654,2026-05-24,Ocean Trader 16,662301106,Iran,Privileged,Passed,0,False,Container Ship,Hidden/Private,N/A (Exempt/Diplomatic),110000000,0.05,55000,0,0,0,55000,150000000,260000000,Asia,3.6666666666666665
1655,2026-05-24,Golden Carrier 29,346215835,Panama,Taxed,Rerouted,0,True,Container Ship,Mumbai,N/A (Exempt/Diplomatic),110000000,0.15,165000,12,1800,2022000,2187000,150000000,260000000,North America,145.8
1656,2026-05-24,Global Trader 63,409098769,China,Privileged,Passed,0,False,Crude Oil Tanker,Hidden/Private,N/A (Exempt/Diplomatic),140000000,0.05,70000,0,0,0,70000,240000000,380000000,Asia,0.035
1657,2026-05-24,Golden Spirit 18,471635630,Liberia,Taxed,Passed,2000000,False,LNG Carrier,Mumbai,Other Non-USD,220000000,1.25,2750000,0,0,0,4750000,200000000,420000000,Africa,1.3970588235294117
1658,2026-05-24,Eastern Express 31,486764160,UAE,Taxed,Passed,2000000,False,Crude Oil Tanker,Houston,Other Non-USD,140000000,1.25,1750000,0,0,0,3750000,240000000,380000000,Asia,1.875
1659,2026-05-24,Eastern Carrier 22,239331548,India,Taxed,Rerouted,0,True,Container Ship,Mumbai,N/A (Exempt/Diplomatic),110000000,0.15,165000,12,1800,2022000,2187000,150000000,260000000,Asia,145.8
1660,2026-05-24,Northern Express 40,347423381,Israel,Blocked,Rerouted,0,True,Crude Oil Tanker,Rotterdam,N/A (Exempt/Diplomatic),140000000,0.15,210000,12,1200,1548000,1758000,240000000,380000000,Asia,0.879
1661,2026-05-24,Red Spirit 36,430794441,Liberia,Taxed,Rerouted,0,True,LNG Carrier,Houston,N/A (Exempt/Diplomatic),220000000,0.15,330000,12,1800,2658000,2988000,200000000,420000000,Africa,0.8788235294117647
1662,2026-05-24,Red Spirit 39,319681170,China,Privileged,Passed,0,False,Crude Oil Tanker,Hidden/Private,N/A (Exempt/Diplomatic),140000000,0.05,70000,0,0,0,70000,240000000,380000000,Asia,0.035
1663,2026-05-24,Golden Leader 27,665387276,Israel,Blocked,Rerouted,0,True,LNG Carrier,Singapore,N/A (Exempt/Diplomatic),220000000,0.15,330000,12,1800,2658000,2988000,200000000,420000000,Asia,0.8788235294117647
1664,2026-05-24,Northern Express 78,377784731,China,Privileged,Passed,0,False,Bulk Carrier,Hidden/Private,N/A (Exempt/Diplomatic),45000000,0.05,22500,0,0,0,22500,50000000,95000000,Asia,0.035
1665,2026-05-24,Ocean Trader 40,289287596,UK,Blocked,Rerouted,0,True,Container Ship,Ningbo,N/A (Exempt/Diplomatic),110000000,0.15,165000,12,1800,2022000,2187000,150000000,260000000,Europe,145.8
1666,2026-05-24,Eastern Titan 40,267764370,Norway,Blocked,Rerouted,0,True,Bulk Carrier,Mumbai,N/A (Exempt/Diplomatic),45000000,0.15,67500,12,480,607200,674700,50000000,95000000,Europe,0.035
1667,2026-05-24,Northern Leader 37,664205646,USA,Blocked,Rerouted,0,True,Bulk Carrier,Singapore,N/A (Exempt/Diplomatic),45000000,0.15,67500,12,480,607200,674700,50000000,95000000,North America,0.035
1668,2026-05-24,Golden Titan 18,422730506,UK,Blocked,Rerouted,0,True,Bulk Carrier,Rotterdam,N/A (Exempt/Diplomatic),45000000,0.15,67500,12,480,607200,674700,50000000,95000000,Europe,0.035
1669,2026-05-24,Global Carrier 20,245984845,Norway,Blocked,Rerouted,0,True,Container Ship,Ningbo,N/A (Exempt/Diplomatic),110000000,0.15,165000,12,1800,2022000,2187000,150000000,260000000,Europe,145.8
1670,2026-05-24,Global Trader 35,279110057,China,Privileged,Passed,0,False,Bulk Carrier,Hidden/Private,N/A (Exempt/Diplomatic),45000000,0.05,22500,0,0,0,22500,50000000,95000000,Asia,0.035
1671,2026-05-24,Ocean Titan 52,620040549,UK,Blocked,Rerouted,0,True,Crude Oil Tanker,Rotterdam,N/A (Exempt/Diplomatic),140000000,0.15,210000,12,1200,1548000,1758000,240000000,380000000,Europe,0.879
1672,2026-05-24,Golden Trader 56,287324253,Marshall Islands,Taxed,Passed,2000000,False,Bulk Carrier,Rotterdam,Other Non-USD,45000000,1.25,562500,0,0,0,2562500,50000000,95000000,Oceania,0.035
1673,2026-05-24,Ocean Star 52,613991481,Iraq,Privileged,Passed,0,False,Bulk Carrier,Hidden/Private,N/A (Exempt/Diplomatic),45000000,0.05,22500,0,0,0,22500,50000000,95000000,Asia,0.035
1674,2026-05-24,Global Star 22,553788671,UK,Blocked,Blocked/Waiting (Anchored off Oman),0,False,LNG Carrier,Singapore,N/A (Exempt/Diplomatic),220000000,0.5,1100000,0,0,0,1100000,200000000,420000000,Europe,0.3235294117647059
1675,2026-05-24,Eastern Star 76,302572638,Pakistan,Privileged,Passed,0,False,Container Ship,Hidden/Private,N/A (Exempt/Diplomatic),110000000,0.05,55000,0,0,0,55000,150000000,260000000,Asia,3.6666666666666665
1676,2026-05-24,Red Titan 56,296336946,Panama,Taxed,Passed,2000000,False,Container Ship,Singapore,Other Non-USD,110000000,1.25,1375000,0,0,0,3375000,150000000,260000000,North America,225.0
1677,2026-05-24,Ocean Express 65,200907996,Germany,Blocked,Rerouted,0,True,LNG Carrier,Ningbo,N/A (Exempt/Diplomatic),220000000,0.15,330000,12,1800,2658000,2988000,200000000,420000000,Europe,0.8788235294117647
1678,2026-05-24,Iron Carrier 97,586241038,India,Taxed,Passed,2000000,False,LNG Carrier,Houston,Other Non-USD,220000000,1.25,2750000,0,0,0,4750000,200000000,420000000,Asia,1.3970588235294117
1679,2026-05-24,Iron Trader 63,488954965,UAE,Taxed,Passed,2000000,False,Bulk Carrier,Singapore,Other Non-USD,45000000,1.25,562500,0,0,0,2562500,50000000,95000000,Asia,0.035
1680,2026-05-24,Golden Leader 92,582167480,Norway,Blocked,Rerouted,0,True,LNG Carrier,Ningbo,N/A (Exempt/Diplomatic),220000000,0.15,330000,12,1800,2658000,2988000,200000000,420000000,Europe,0.8788235294117647
1681,2026-05-24,Global Titan 59,572561470,Iraq,Privileged,Passed,0,False,Crude Oil Tanker,Hidden/Private,N/A (Exempt/Diplomatic),140000000,0.05,70000,0,0,0,70000,240000000,380000000,Asia,0.035
1682,2026-05-25,Eastern Carrier 13,501316148,India,Taxed,Rerouted,0,True,Bulk Carrier,Rotterdam,N/A (Exempt/Diplomatic),45000000,0.15,67500,12,480,607200,674700,50000000,95000000,Asia,0.035
1683,2026-05-25,Eastern Titan 29,400743469,Greece,Taxed,Passed,2000000,False,Container Ship,Mumbai,Tether (USDT) / Yuan,110000000,1.25,1375000,0,0,0,3375000,150000000,260000000,Europe,225.0
1684,2026-05-25,Golden Leader 44,364616964,Turkey,Taxed,Rerouted,0,True,Container Ship,Rotterdam,N/A (Exempt/Diplomatic),110000000,0.15,165000,12,1800,2022000,2187000,150000000,260000000,Asia,145.8
1685,2026-05-25,Ocean Titan 70,528175214,Pakistan,Privileged,Passed,0,False,LNG Carrier,Hidden/Private,N/A (Exempt/Diplomatic),220000000,0.05,110000,0,0,0,110000,200000000,420000000,Asia,0.0323529411764705
1686,2026-05-25,Ocean Leader 56,541227155,Israel,Blocked,Rerouted,0,True,Bulk Carrier,Singapore,N/A (Exempt/Diplomatic),45000000,0.15,67500,12,480,607200,674700,50000000,95000000,Asia,0.035
1687,2026-05-25,Iron Carrier 97,586241038,India,Taxed,Passed,2000000,False,Crude Oil Tanker,Ningbo,Other Non-USD,140000000,1.25,1750000,0,0,0,3750000,240000000,380000000,Asia,1.875
1688,2026-05-25,Eastern Trader 32,472559523,Iran,Privileged,Passed,0,False,Container Ship,Hidden/Private,N/A (Exempt/Diplomatic),110000000,0.05,55000,0,0,0,55000,150000000,260000000,Asia,3.6666666666666665
1689,2026-05-25,Iron Spirit 61,343742291,Pakistan,Privileged,Passed,0,False,Crude Oil Tanker,Hidden/Private,N/A (Exempt/Diplomatic),140000000,0.05,70000,0,0,0,70000,240000000,380000000,Asia,0.035
1690,2026-05-25,Iron Express 48,651867790,Germany,Blocked,Rerouted,0,True,Bulk Carrier,Houston,N/A (Exempt/Diplomatic),45000000,0.15,67500,12,480,607200,674700,50000000,95000000,Europe,0.035
1691,2026-05-25,Ocean Express 48,656497707,Iran,Privileged,Passed,0,False,Crude Oil Tanker,Hidden/Private,N/A (Exempt/Diplomatic),140000000,0.05,70000,0,0,0,70000,240000000,380000000,Asia,0.035
1692,2026-05-25,Ocean Spirit 32,511701739,Turkey,Taxed,Passed,2000000,False,Crude Oil Tanker,Singapore,Other Non-USD,140000000,1.25,1750000,0,0,0,3750000,240000000,380000000,Asia,1.875
1693,2026-05-25,Global Leader 95,403552071,Greece,Taxed,Passed,2000000,False,Container Ship,Houston,Tether (USDT) / Yuan,110000000,1.25,1375000,0,0,0,3375000,150000000,260000000,Europe,225.0
1694,2026-05-25,Global Express 62,462303235,UAE,Taxed,Passed,2000000,False,Container Ship,Mumbai,Other Non-USD,110000000,1.25,1375000,0,0,0,3375000,150000000,260000000,Asia,225.0
1695,2026-05-25,Red Trader 63,335437245,Pakistan,Privileged,Passed,0,False,Bulk Carrier,Hidden/Private,N/A (Exempt/Diplomatic),45000000,0.05,22500,0,0,0,22500,50000000,95000000,Asia,0.035
1696,2026-05-25,Golden Trader 50,434287182,Germany,Blocked,Rerouted,0,True,Crude Oil Tanker,Houston,N/A (Exempt/Diplomatic),140000000,0.15,210000,12,1200,1548000,1758000,240000000,380000000,Europe,0.879
1697,2026-05-25,Golden Star 82,317018823,Israel,Blocked,Rerouted,0,True,Bulk Carrier,Rotterdam,N/A (Exempt/Diplomatic),45000000,0.15,67500,12,480,607200,674700,50000000,95000000,Asia,0.035
1698,2026-05-25,Eastern Leader 25,333093315,UAE,Taxed,Passed,2000000,False,LNG Carrier,Houston,Other Non-USD,220000000,1.25,2750000,0,0,0,4750000,200000000,420000000,Asia,1.3970588235294117
1699,2026-05-25,Eastern Spirit 22,647013948,India,Taxed,Rerouted,0,True,Bulk Carrier,Houston,N/A (Exempt/Diplomatic),45000000,0.15,67500,12,480,607200,674700,50000000,95000000,Asia,0.035
1700,2026-05-25,Ocean Carrier 41,692562960,Iran,Privileged,Passed,0,False,Crude Oil Tanker,Hidden/Private,N/A (Exempt/Diplomatic),140000000,0.05,70000,0,0,0,70000,240000000,380000000,Asia,0.035
1701,2026-05-25,Global Star 34,369408512,Iran,Privileged,Passed,0,False,Bulk Carrier,Hidden/Private,N/A (Exempt/Diplomatic),45000000,0.05,22500,0,0,0,22500,50000000,95000000,Asia,0.035
1702,2026-05-25,Red Carrier 69,423217093,Russia,Privileged,Passed,0,False,Container Ship,Hidden/Private,N/A (Exempt/Diplomatic),110000000,0.05,55000,0,0,0,55000,150000000,260000000,Eurasia,3.6666666666666665
1703,2026-05-25,Red Leader 99,358728676,Iraq,Privileged,Passed,0,False,Crude Oil Tanker,Hidden/Private,N/A (Exempt/Diplomatic),140000000,0.05,70000,0,0,0,70000,240000000,380000000,Asia,0.035
1704,2026-05-25,Ocean Titan 52,620040549,UK,Blocked,Rerouted,0,True,Crude Oil Tanker,Mumbai,N/A (Exempt/Diplomatic),140000000,0.15,210000,12,1200,1548000,1758000,240000000,380000000,Europe,0.879
1705,2026-05-25,Ocean Star 98,685292957,Iraq,Privileged,Passed,0,False,Bulk Carrier,Hidden/Private,N/A (Exempt/Diplomatic),45000000,0.05,22500,0,0,0,22500,50000000,95000000,Asia,0.035
1706,2026-05-25,Global Titan 34,487916220,Israel,Blocked,Rerouted,0,True,Bulk Carrier,Mumbai,N/A (Exempt/Diplomatic),45000000,0.15,67500,12,480,607200,674700,50000000,95000000,Asia,0.035
1707,2026-05-25,Ocean Spirit 12,515845836,UAE,Taxed,Passed,2000000,False,Crude Oil Tanker,Rotterdam,Other Non-USD,140000000,1.25,1750000,0,0,0,3750000,240000000,380000000,Asia,1.875
1708,2026-05-25,Northern Trader 12,249957637,Panama,Taxed,Passed,2000000,False,LNG Carrier,Singapore,Other Non-USD,220000000,1.25,2750000,0,0,0,4750000,200000000,420000000,North America,1.3970588235294117
1709,2026-05-25,Golden Carrier 98,299401567,India,Taxed,Passed,2000000,False,LNG Carrier,Mumbai,Other Non-USD,220000000,1.25,2750000,0,0,0,4750000,200000000,420000000,Asia,1.3970588235294117
1710,2026-05-25,Global Titan 27,595389973,Iran,Privileged,Passed,0,False,LNG Carrier,Hidden/Private,N/A (Exempt/Diplomatic),220000000,0.05,110000,0,0,0,110000,200000000,420000000,Asia,0.0323529411764705
1711,2026-05-25,Ocean Leader 53,559098790,USA,Blocked,Rerouted,0,True,Crude Oil Tanker,Mumbai,N/A (Exempt/Diplomatic),140000000,0.15,210000,12,1200,1548000,1758000,240000000,380000000,North America,0.879
1712,2026-05-25,Global Titan 93,569164473,China,Privileged,Passed,0,False,Crude Oil Tanker,Hidden/Private,N/A (Exempt/Diplomatic),140000000,0.05,70000,0,0,0,70000,240000000,380000000,Asia,0.035
1713,2026-05-25,Ocean Express 79,648838894,China,Privileged,Passed,0,False,LNG Carrier,Hidden/Private,N/A (Exempt/Diplomatic),220000000,0.05,110000,0,0,0,110000,200000000,420000000,Asia,0.0323529411764705
1714,2026-05-25,Iron Trader 23,617911275,UK,Blocked,Rerouted,0,True,LNG Carrier,Singapore,N/A (Exempt/Diplomatic),220000000,0.15,330000,12,1800,2658000,2988000,200000000,420000000,Europe,0.8788235294117647
1715,2026-05-26,Ocean Express 79,648838894,China,Privileged,Passed,0,False,Bulk Carrier,Hidden/Private,N/A (Exempt/Diplomatic),45000000,0.05,22500,0,0,0,22500,50000000,95000000,Asia,0.035
1716,2026-05-26,Golden Titan 65,294562809,Germany,Blocked,Blocked/Waiting (Anchored off Oman),0,False,Container Ship,Singapore,N/A (Exempt/Diplomatic),110000000,0.5,550000,0,0,0,550000,150000000,260000000,Europe,36.66666666666666
1717,2026-05-26,Red Leader 18,556609890,Liberia,Taxed,Passed,2000000,False,Crude Oil Tanker,Rotterdam,Other Non-USD,140000000,1.25,1750000,0,0,0,3750000,240000000,380000000,Africa,1.875
1718,2026-05-26,Global Star 34,369408512,Iran,Privileged,Passed,0,False,Bulk Carrier,Hidden/Private,N/A (Exempt/Diplomatic),45000000,0.05,22500,0,0,0,22500,50000000,95000000,Asia,0.035
1719,2026-05-26,Northern Express 35,240800296,UAE,Taxed,Passed,2000000,False,Container Ship,Houston,Other Non-USD,110000000,1.25,1375000,0,0,0,3375000,150000000,260000000,Asia,225.0
1720,2026-05-26,Global Express 70,495173558,Greece,Taxed,Passed,2000000,False,Bulk Carrier,Mumbai,Tether (USDT) / Yuan,45000000,1.25,562500,0,0,0,2562500,50000000,95000000,Europe,0.035
1721,2026-05-26,Global Star 22,553788671,UK,Blocked,Rerouted,0,True,Crude Oil Tanker,Mumbai,N/A (Exempt/Diplomatic),140000000,0.15,210000,12,1200,1548000,1758000,240000000,380000000,Europe,0.879
1722,2026-05-26,Ocean Leader 53,559098790,USA,Blocked,Rerouted,0,True,Container Ship,Singapore,N/A (Exempt/Diplomatic),110000000,0.15,165000,12,1800,2022000,2187000,150000000,260000000,North America,145.8
1723,2026-05-26,Global Express 71,348444607,Germany,Blocked,Rerouted,0,True,LNG Carrier,Houston,N/A (Exempt/Diplomatic),220000000,0.15,330000,12,1800,2658000,2988000,200000000,420000000,Europe,0.8788235294117647
1724,2026-05-26,Golden Spirit 30,597945315,Israel,Blocked,Rerouted,0,True,Bulk Carrier,Ningbo,N/A (Exempt/Diplomatic),45000000,0.15,67500,12,480,607200,674700,50000000,95000000,Asia,0.035
1725,2026-05-26,Eastern Titan 18,224601779,UAE,Taxed,Passed,2000000,False,Crude Oil Tanker,Rotterdam,Other Non-USD,140000000,1.25,1750000,0,0,0,3750000,240000000,380000000,Asia,1.875
1726,2026-05-26,Ocean Express 48,656497707,Iran,Privileged,Passed,0,False,Crude Oil Tanker,Hidden/Private,N/A (Exempt/Diplomatic),140000000,0.05,70000,0,0,0,70000,240000000,380000000,Asia,0.035
1727,2026-05-26,Eastern Express 79,232726345,Liberia,Taxed,Rerouted,0,True,Crude Oil Tanker,Houston,N/A (Exempt/Diplomatic),140000000,0.15,210000,12,1200,1548000,1758000,240000000,380000000,Africa,0.879
1728,2026-05-26,Eastern Star 59,404880292,Israel,Blocked,Rerouted,0,True,Container Ship,Mumbai,N/A (Exempt/Diplomatic),110000000,0.15,165000,12,1800,2022000,2187000,150000000,260000000,Asia,145.8
1729,2026-05-26,Red Titan 56,296336946,Panama,Taxed,Rerouted,0,True,Bulk Carrier,Mumbai,N/A (Exempt/Diplomatic),45000000,0.15,67500,12,480,607200,674700,50000000,95000000,North America,0.035
1730,2026-05-26,Red Titan 16,335548300,Norway,Blocked,Rerouted,0,True,Crude Oil Tanker,Houston,N/A (Exempt/Diplomatic),140000000,0.15,210000,12,1200,1548000,1758000,240000000,380000000,Europe,0.879
1731,2026-05-26,Red Spirit 36,430794441,Liberia,Taxed,Rerouted,0,True,LNG Carrier,Houston,N/A (Exempt/Diplomatic),220000000,0.15,330000,12,1800,2658000,2988000,200000000,420000000,Africa,0.8788235294117647
1732,2026-05-26,Red Spirit 39,319681170,China,Privileged,Passed,0,False,Crude Oil Tanker,Hidden/Private,N/A (Exempt/Diplomatic),140000000,0.05,70000,0,0,0,70000,240000000,380000000,Asia,0.035
1733,2026-05-26,Red Carrier 94,539807534,Liberia,Taxed,Passed,2000000,False,Crude Oil Tanker,Rotterdam,Other Non-USD,140000000,1.25,1750000,0,0,0,3750000,240000000,380000000,Africa,1.875
1734,2026-05-26,Eastern Carrier 22,239331548,India,Taxed,Passed,2000000,False,LNG Carrier,Singapore,Other Non-USD,220000000,1.25,2750000,0,0,0,4750000,200000000,420000000,Asia,1.3970588235294117
1735,2026-05-26,Global Leader 98,330623464,Panama,Taxed,Passed,2000000,False,LNG Carrier,Rotterdam,Other Non-USD,220000000,1.25,2750000,0,0,0,4750000,200000000,420000000,North America,1.3970588235294117
1736,2026-05-26,Northern Express 40,347423381,Israel,Blocked,Rerouted,0,True,Bulk Carrier,Mumbai,N/A (Exempt/Diplomatic),45000000,0.15,67500,12,480,607200,674700,50000000,95000000,Asia,0.035
1737,2026-05-26,Global Trader 19,437904006,Iran,Privileged,Passed,0,False,Container Ship,Hidden/Private,N/A (Exempt/Diplomatic),110000000,0.05,55000,0,0,0,55000,150000000,260000000,Asia,3.6666666666666665
1738,2026-05-26,Iron Titan 32,673206722,UK,Blocked,Rerouted,0,True,Crude Oil Tanker,Singapore,N/A (Exempt/Diplomatic),140000000,0.15,210000,12,1200,1548000,1758000,240000000,380000000,Europe,0.879
1739,2026-05-26,Red Star 73,656851825,Liberia,Taxed,Passed,2000000,False,Bulk Carrier,Singapore,Other Non-USD,45000000,1.25,562500,0,0,0,2562500,50000000,95000000,Africa,0.035
1740,2026-05-26,Iron Express 41,343240225,Greece,Taxed,Passed,2000000,False,Bulk Carrier,Mumbai,Tether (USDT) / Yuan,45000000,1.25,562500,0,0,0,2562500,50000000,95000000,Europe,0.035
1741,2026-05-26,Golden Leader 92,582167480,Norway,Blocked,Rerouted,0,True,Crude Oil Tanker,Mumbai,N/A (Exempt/Diplomatic),140000000,0.15,210000,12,1200,1548000,1758000,240000000,380000000,Europe,0.879
1742,2026-05-26,Ocean Star 80,356839665,Iraq,Privileged,Passed,0,False,Crude Oil Tanker,Hidden/Private,N/A (Exempt/Diplomatic),140000000,0.05,70000,0,0,0,70000,240000000,380000000,Asia,0.035
1743,2026-05-26,Eastern Trader 77,693112443,China,Privileged,Passed,0,False,Container Ship,Hidden/Private,N/A (Exempt/Diplomatic),110000000,0.05,55000,0,0,0,55000,150000000,260000000,Asia,3.6666666666666665
1744,2026-05-26,Iron Titan 91,348880396,Germany,Blocked,Rerouted,0,True,Crude Oil Tanker,Mumbai,N/A (Exempt/Diplomatic),140000000,0.15,210000,12,1200,1548000,1758000,240000000,380000000,Europe,0.879
1745,2026-05-26,Iron Carrier 97,586241038,India,Taxed,Passed,2000000,False,Bulk Carrier,Ningbo,Other Non-USD,45000000,1.25,562500,0,0,0,2562500,50000000,95000000,Asia,0.035
1746,2026-05-26,Ocean Star 21,317380369,UAE,Taxed,Passed,2000000,False,Container Ship,Ningbo,Other Non-USD,110000000,1.25,1375000,0,0,0,3375000,150000000,260000000,Asia,225.0
1747,2026-05-27,Northern Express 93,400478606,Israel,Blocked,Blocked/Waiting (Anchored off Oman),0,False,Crude Oil Tanker,Houston,N/A (Exempt/Diplomatic),140000000,0.5,700000,0,0,0,700000,240000000,380000000,Asia,0.35
1748,2026-05-27,Iron Carrier 15,386403601,UK,Blocked,Rerouted,0,True,Container Ship,Singapore,N/A (Exempt/Diplomatic),110000000,0.15,165000,12,1800,2022000,2187000,150000000,260000000,Europe,145.8
1749,2026-05-27,Northern Leader 90,509060961,India,Taxed,Passed,2000000,False,Crude Oil Tanker,Houston,Other Non-USD,140000000,1.25,1750000,0,0,0,3750000,240000000,380000000,Asia,1.875
1750,2026-05-27,Ocean Trader 16,662301106,Iran,Privileged,Passed,0,False,LNG Carrier,Hidden/Private,N/A (Exempt/Diplomatic),220000000,0.05,110000,0,0,0,110000,200000000,420000000,Asia,0.0323529411764705
1751,2026-05-27,Eastern Titan 29,400743469,Greece,Taxed,Rerouted,0,True,Container Ship,Rotterdam,N/A (Exempt/Diplomatic),110000000,0.15,165000,12,1800,2022000,2187000,150000000,260000000,Europe,145.8
1752,2026-05-27,Red Spirit 79,243259801,Iraq,Privileged,Passed,0,False,Bulk Carrier,Hidden/Private,N/A (Exempt/Diplomatic),45000000,0.05,22500,0,0,0,22500,50000000,95000000,Asia,0.035
1753,2026-05-27,Ocean Express 65,200907996,Germany,Blocked,Rerouted,0,True,Bulk Carrier,Singapore,N/A (Exempt/Diplomatic),45000000,0.15,67500,12,480,607200,674700,50000000,95000000,Europe,0.035
1754,2026-05-27,Golden Express 92,252837693,Russia,Privileged,Passed,0,False,Crude Oil Tanker,Hidden/Private,N/A (Exempt/Diplomatic),140000000,0.05,70000,0,0,0,70000,240000000,380000000,Eurasia,0.035
1755,2026-05-27,Iron Star 41,307030950,China,Privileged,Passed,0,False,Crude Oil Tanker,Hidden/Private,N/A (Exempt/Diplomatic),140000000,0.05,70000,0,0,0,70000,240000000,380000000,Asia,0.035
1756,2026-05-27,Ocean Express 48,656497707,Iran,Privileged,Passed,0,False,Bulk Carrier,Hidden/Private,N/A (Exempt/Diplomatic),45000000,0.05,22500,0,0,0,22500,50000000,95000000,Asia,0.035
1757,2026-05-27,Ocean Carrier 90,568535587,Russia,Privileged,Passed,0,False,Bulk Carrier,Hidden/Private,N/A (Exempt/Diplomatic),45000000,0.05,22500,0,0,0,22500,50000000,95000000,Eurasia,0.035
1758,2026-05-27,Eastern Spirit 94,655274738,Iran,Privileged,Passed,0,False,Crude Oil Tanker,Hidden/Private,N/A (Exempt/Diplomatic),140000000,0.05,70000,0,0,0,70000,240000000,380000000,Asia,0.035
1759,2026-05-27,Red Leader 80,377592227,Marshall Islands,Taxed,Passed,2000000,False,Bulk Carrier,Ningbo,Other Non-USD,45000000,1.25,562500,0,0,0,2562500,50000000,95000000,Oceania,0.035
1760,2026-05-27,Global Titan 47,316877277,Russia,Privileged,Passed,0,False,LNG Carrier,Hidden/Private,N/A (Exempt/Diplomatic),220000000,0.05,110000,0,0,0,110000,200000000,420000000,Eurasia,0.0323529411764705
1761,2026-05-27,Red Titan 27,473549845,Norway,Blocked,Rerouted,0,True,Container Ship,Ningbo,N/A (Exempt/Diplomatic),110000000,0.15,165000,12,1800,2022000,2187000,150000000,260000000,Europe,145.8
1762,2026-05-27,Red Spirit 29,315595695,Liberia,Taxed,Rerouted,0,True,Container Ship,Rotterdam,N/A (Exempt/Diplomatic),110000000,0.15,165000,12,1800,2022000,2187000,150000000,260000000,Africa,145.8
1763,2026-05-27,Eastern Express 31,486764160,UAE,Taxed,Passed,2000000,False,Bulk Carrier,Singapore,Other Non-USD,45000000,1.25,562500,0,0,0,2562500,50000000,95000000,Asia,0.035
1764,2026-05-27,Global Express 71,348444607,Germany,Blocked,Rerouted,0,True,Container Ship,Ningbo,N/A (Exempt/Diplomatic),110000000,0.15,165000,12,1800,2022000,2187000,150000000,260000000,Europe,145.8
1765,2026-05-27,Northern Titan 44,433987659,Norway,Blocked,Rerouted,0,True,LNG Carrier,Rotterdam,N/A (Exempt/Diplomatic),220000000,0.15,330000,12,1800,2658000,2988000,200000000,420000000,Europe,0.8788235294117647
1766,2026-05-27,Red Trader 68,353142014,UK,Blocked,Rerouted,0,True,LNG Carrier,Singapore,N/A (Exempt/Diplomatic),220000000,0.15,330000,12,1800,2658000,2988000,200000000,420000000,Europe,0.8788235294117647
1767,2026-05-27,Golden Spirit 74,366045938,UK,Blocked,Rerouted,0,True,Bulk Carrier,Singapore,N/A (Exempt/Diplomatic),45000000,0.15,67500,12,480,607200,674700,50000000,95000000,Europe,0.035
1768,2026-05-27,Eastern Carrier 13,501316148,India,Taxed,Passed,2000000,False,Container Ship,Rotterdam,Other Non-USD,110000000,1.25,1375000,0,0,0,3375000,150000000,260000000,Asia,225.0
1769,2026-05-27,Global Titan 93,569164473,China,Privileged,Passed,0,False,Crude Oil Tanker,Hidden/Private,N/A (Exempt/Diplomatic),140000000,0.05,70000,0,0,0,70000,240000000,380000000,Asia,0.035
1770,2026-05-27,Eastern Spirit 72,210456496,Iran,Privileged,Passed,0,False,Bulk Carrier,Hidden/Private,N/A (Exempt/Diplomatic),45000000,0.05,22500,0,0,0,22500,50000000,95000000,Asia,0.035
1771,2026-05-27,Ocean Trader 63,641485549,Norway,Blocked,Rerouted,0,True,Crude Oil Tanker,Singapore,N/A (Exempt/Diplomatic),140000000,0.15,210000,12,1200,1548000,1758000,240000000,380000000,Europe,0.879
1772,2026-05-27,Northern Express 35,240800296,UAE,Taxed,Rerouted,0,True,Container Ship,Houston,N/A (Exempt/Diplomatic),110000000,0.15,165000,12,1800,2022000,2187000,150000000,260000000,Asia,145.8
1773,2026-05-27,Golden Star 13,598116895,Turkey,Taxed,Rerouted,0,True,LNG Carrier,Rotterdam,N/A (Exempt/Diplomatic),220000000,0.15,330000,12,1800,2658000,2988000,200000000,420000000,Asia,0.8788235294117647
1774,2026-05-27,Ocean Star 58,251924210,Marshall Islands,Taxed,Rerouted,0,True,LNG Carrier,Singapore,N/A (Exempt/Diplomatic),220000000,0.15,330000,12,1800,2658000,2988000,200000000,420000000,Oceania,0.8788235294117647
1775,2026-05-27,Golden Spirit 88,633898650,Norway,Blocked,Rerouted,0,True,Container Ship,Houston,N/A (Exempt/Diplomatic),110000000,0.15,165000,12,1800,2022000,2187000,150000000,260000000,Europe,145.8
1776,2026-05-27,Iron Express 41,343240225,Greece,Taxed,Rerouted,0,True,LNG Carrier,Rotterdam,N/A (Exempt/Diplomatic),220000000,0.15,330000,12,1800,2658000,2988000,200000000,420000000,Europe,0.8788235294117647
1777,2026-05-27,Ocean Star 84,455973885,Germany,Blocked,Rerouted,0,True,Crude Oil Tanker,Mumbai,N/A (Exempt/Diplomatic),140000000,0.15,210000,12,1200,1548000,1758000,240000000,380000000,Europe,0.879
1778,2026-05-27,Red Spirit 86,576445159,Turkey,Taxed,Passed,2000000,False,Crude Oil Tanker,Singapore,Other Non-USD,140000000,1.25,1750000,0,0,0,3750000,240000000,380000000,Asia,1.875
1779,2026-05-27,Eastern Titan 53,309305473,Turkey,Taxed,Passed,2000000,False,Crude Oil Tanker,Rotterdam,Other Non-USD,140000000,1.25,1750000,0,0,0,3750000,240000000,380000000,Asia,1.875
1780,2026-05-28,Global Star 43,403529838,Liberia,Taxed,Rerouted,0,True,LNG Carrier,Houston,N/A (Exempt/Diplomatic),220000000,0.15,330000,12,1800,2658000,2988000,200000000,420000000,Africa,0.8788235294117647
1781,2026-05-28,Iron Star 41,307030950,China,Privileged,Passed,0,False,Crude Oil Tanker,Hidden/Private,N/A (Exempt/Diplomatic),140000000,0.05,70000,0,0,0,70000,240000000,380000000,Asia,0.035
1782,2026-05-28,Northern Express 53,629814830,Iran,Privileged,Passed,0,False,LNG Carrier,Hidden/Private,N/A (Exempt/Diplomatic),220000000,0.05,110000,0,0,0,110000,200000000,420000000,Asia,0.0323529411764705
1783,2026-05-28,Golden Trader 56,287324253,Marshall Islands,Taxed,Rerouted,0,True,Container Ship,Ningbo,N/A (Exempt/Diplomatic),110000000,0.15,165000,12,1800,2022000,2187000,150000000,260000000,Oceania,145.8
1784,2026-05-28,Global Carrier 26,588346949,Norway,Blocked,Rerouted,0,True,Container Ship,Rotterdam,N/A (Exempt/Diplomatic),110000000,0.15,165000,12,1800,2022000,2187000,150000000,260000000,Europe,145.8
1785,2026-05-28,Ocean Leader 83,302047765,Turkey,Taxed,Rerouted,0,True,LNG Carrier,Rotterdam,N/A (Exempt/Diplomatic),220000000,0.15,330000,12,1800,2658000,2988000,200000000,420000000,Asia,0.8788235294117647
1786,2026-05-28,Ocean Express 64,645252867,Turkey,Taxed,Passed,2000000,False,Bulk Carrier,Singapore,Other Non-USD,45000000,1.25,562500,0,0,0,2562500,50000000,95000000,Asia,0.035
1787,2026-05-28,Eastern Spirit 22,647013948,India,Taxed,Passed,2000000,False,Container Ship,Ningbo,Other Non-USD,110000000,1.25,1375000,0,0,0,3375000,150000000,260000000,Asia,225.0
1788,2026-05-28,Global Trader 69,505935698,USA,Blocked,Rerouted,0,True,Bulk Carrier,Houston,N/A (Exempt/Diplomatic),45000000,0.15,67500,12,480,607200,674700,50000000,95000000,North America,0.035
1789,2026-05-28,Red Spirit 39,319681170,China,Privileged,Passed,0,False,Container Ship,Hidden/Private,N/A (Exempt/Diplomatic),110000000,0.05,55000,0,0,0,55000,150000000,260000000,Asia,3.6666666666666665
1790,2026-05-28,Golden Carrier 29,346215835,Panama,Taxed,Passed,2000000,False,LNG Carrier,Houston,Other Non-USD,220000000,1.25,2750000,0,0,0,4750000,200000000,420000000,North America,1.3970588235294117
1791,2026-05-28,Eastern Spirit 80,662127581,China,Privileged,Passed,0,False,Crude Oil Tanker,Hidden/Private,N/A (Exempt/Diplomatic),140000000,0.05,70000,0,0,0,70000,240000000,380000000,Asia,0.035
1792,2026-05-28,Global Leader 37,390495200,Turkey,Taxed,Passed,2000000,False,Container Ship,Houston,Other Non-USD,110000000,1.25,1375000,0,0,0,3375000,150000000,260000000,Asia,225.0
1793,2026-05-28,Ocean Leader 53,559098790,USA,Blocked,Blocked/Waiting (Anchored off Oman),0,False,Bulk Carrier,Mumbai,N/A (Exempt/Diplomatic),45000000,0.5,225000,0,0,0,225000,50000000,95000000,North America,0.035
1794,2026-05-28,Global Titan 59,572561470,Iraq,Privileged,Passed,0,False,Container Ship,Hidden/Private,N/A (Exempt/Diplomatic),110000000,0.05,55000,0,0,0,55000,150000000,260000000,Asia,3.6666666666666665
1795,2026-05-28,Iron Express 48,651867790,Germany,Blocked,Rerouted,0,True,LNG Carrier,Ningbo,N/A (Exempt/Diplomatic),220000000,0.15,330000,12,1800,2658000,2988000,200000000,420000000,Europe,0.8788235294117647
1796,2026-05-28,Global Spirit 24,677660874,Iran,Privileged,Passed,0,False,Crude Oil Tanker,Hidden/Private,N/A (Exempt/Diplomatic),140000000,0.05,70000,0,0,0,70000,240000000,380000000,Asia,0.035
1797,2026-05-28,Red Leader 62,450731958,Russia,Privileged,Passed,0,False,Crude Oil Tanker,Hidden/Private,N/A (Exempt/Diplomatic),140000000,0.05,70000,0,0,0,70000,240000000,380000000,Eurasia,0.035
1798,2026-05-28,Golden Leader 78,267015535,USA,Blocked,Rerouted,0,True,LNG Carrier,Singapore,N/A (Exempt/Diplomatic),220000000,0.15,330000,12,1800,2658000,2988000,200000000,420000000,North America,0.8788235294117647
1799,2026-05-28,Golden Leader 27,665387276,Israel,Blocked,Rerouted,0,True,LNG Carrier,Mumbai,N/A (Exempt/Diplomatic),220000000,0.15,330000,12,1800,2658000,2988000,200000000,420000000,Asia,0.8788235294117647
1800,2026-05-28,Eastern Trader 98,307992155,Panama,Taxed,Rerouted,0,True,Crude Oil Tanker,Ningbo,N/A (Exempt/Diplomatic),140000000,0.15,210000,12,1200,1548000,1758000,240000000,380000000,North America,0.879
1801,2026-05-28,Eastern Leader 42,686048824,Russia,Privileged,Passed,0,False,Container Ship,Hidden/Private,N/A (Exempt/Diplomatic),110000000,0.05,55000,0,0,0,55000,150000000,260000000,Eurasia,3.6666666666666665
1802,2026-05-28,Ocean Carrier 90,568535587,Russia,Privileged,Passed,0,False,Container Ship,Hidden/Private,N/A (Exempt/Diplomatic),110000000,0.05,55000,0,0,0,55000,150000000,260000000,Eurasia,3.6666666666666665
1803,2026-05-28,Golden Trader 72,255076321,China,Privileged,Passed,0,False,LNG Carrier,Hidden/Private,N/A (Exempt/Diplomatic),220000000,0.05,110000,0,0,0,110000,200000000,420000000,Asia,0.0323529411764705
1804,2026-05-28,Ocean Trader 33,236787109,Pakistan,Privileged,Passed,0,False,LNG Carrier,Hidden/Private,N/A (Exempt/Diplomatic),220000000,0.05,110000,0,0,0,110000,200000000,420000000,Asia,0.0323529411764705
1805,2026-05-28,Eastern Titan 29,400743469,Greece,Taxed,Passed,2000000,False,Crude Oil Tanker,Rotterdam,Tether (USDT) / Yuan,140000000,1.25,1750000,0,0,0,3750000,240000000,380000000,Europe,1.875
1806,2026-05-28,Ocean Spirit 32,511701739,Turkey,Taxed,Passed,2000000,False,Bulk Carrier,Ningbo,Other Non-USD,45000000,1.25,562500,0,0,0,2562500,50000000,95000000,Asia,0.035
1807,2026-05-28,Red Carrier 87,427170451,India,Taxed,Passed,2000000,False,Bulk Carrier,Houston,Other Non-USD,45000000,1.25,562500,0,0,0,2562500,50000000,95000000,Asia,0.035
1808,2026-05-28,Global Express 41,558057151,Iran,Privileged,Passed,0,False,Container Ship,Hidden/Private,N/A (Exempt/Diplomatic),110000000,0.05,55000,0,0,0,55000,150000000,260000000,Asia,3.6666666666666665
1809,2026-05-28,Red Carrier 69,423217093,Russia,Privileged,Passed,0,False,Crude Oil Tanker,Hidden/Private,N/A (Exempt/Diplomatic),140000000,0.05,70000,0,0,0,70000,240000000,380000000,Eurasia,0.035
1810,2026-05-29,Ocean Express 46,325892782,Turkey,Taxed,Rerouted,0,True,Container Ship,Ningbo,N/A (Exempt/Diplomatic),110000000,0.15,165000,12,1800,2022000,2187000,150000000,260000000,Asia,145.8
1811,2026-05-29,Northern Express 93,400478606,Israel,Blocked,Rerouted,0,True,LNG Carrier,Rotterdam,N/A (Exempt/Diplomatic),220000000,0.15,330000,12,1800,2658000,2988000,200000000,420000000,Asia,0.8788235294117647
1812,2026-05-29,Global Carrier 20,245984845,Norway,Blocked,Rerouted,0,True,Container Ship,Rotterdam,N/A (Exempt/Diplomatic),110000000,0.15,165000,12,1800,2022000,2187000,150000000,260000000,Europe,145.8
1813,2026-05-29,Iron Trader 30,574810735,UK,Blocked,Blocked/Waiting (Anchored off Oman),0,False,LNG Carrier,Ningbo,N/A (Exempt/Diplomatic),220000000,0.5,1100000,0,0,0,1100000,200000000,420000000,Europe,0.3235294117647059
1814,2026-05-29,Ocean Titan 70,528175214,Pakistan,Privileged,Passed,0,False,Container Ship,Hidden/Private,N/A (Exempt/Diplomatic),110000000,0.05,55000,0,0,0,55000,150000000,260000000,Asia,3.6666666666666665
1815,2026-05-29,Northern Titan 69,558403064,Germany,Blocked,Rerouted,0,True,Bulk Carrier,Ningbo,N/A (Exempt/Diplomatic),45000000,0.15,67500,12,480,607200,674700,50000000,95000000,Europe,0.035
1816,2026-05-29,Eastern Star 59,404880292,Israel,Blocked,Rerouted,0,True,LNG Carrier,Mumbai,N/A (Exempt/Diplomatic),220000000,0.15,330000,12,1800,2658000,2988000,200000000,420000000,Asia,0.8788235294117647
1817,2026-05-29,Eastern Express 31,486764160,UAE,Taxed,Passed,2000000,False,LNG Carrier,Mumbai,Other Non-USD,220000000,1.25,2750000,0,0,0,4750000,200000000,420000000,Asia,1.3970588235294117
1818,2026-05-29,Ocean Express 79,648838894,China,Privileged,Passed,0,False,LNG Carrier,Hidden/Private,N/A (Exempt/Diplomatic),220000000,0.05,110000,0,0,0,110000,200000000,420000000,Asia,0.0323529411764705
1819,2026-05-29,Golden Leader 44,364616964,Turkey,Taxed,Rerouted,0,True,Crude Oil Tanker,Mumbai,N/A (Exempt/Diplomatic),140000000,0.15,210000,12,1200,1548000,1758000,240000000,380000000,Asia,0.879
1820,2026-05-29,Eastern Spirit 94,655274738,Iran,Privileged,Passed,0,False,LNG Carrier,Hidden/Private,N/A (Exempt/Diplomatic),220000000,0.05,110000,0,0,0,110000,200000000,420000000,Asia,0.0323529411764705
1821,2026-05-29,Golden Leader 27,665387276,Israel,Blocked,Rerouted,0,True,Container Ship,Singapore,N/A (Exempt/Diplomatic),110000000,0.15,165000,12,1800,2022000,2187000,150000000,260000000,Asia,145.8
1822,2026-05-29,Golden Titan 69,693675149,Iraq,Privileged,Passed,0,False,Container Ship,Hidden/Private,N/A (Exempt/Diplomatic),110000000,0.05,55000,0,0,0,55000,150000000,260000000,Asia,3.6666666666666665
1823,2026-05-29,Golden Carrier 29,346215835,Panama,Taxed,Rerouted,0,True,Bulk Carrier,Ningbo,N/A (Exempt/Diplomatic),45000000,0.15,67500,12,480,607200,674700,50000000,95000000,North America,0.035
1824,2026-05-29,Ocean Star 86,433304641,Marshall Islands,Taxed,Passed,2000000,False,LNG Carrier,Houston,Other Non-USD,220000000,1.25,2750000,0,0,0,4750000,200000000,420000000,Oceania,1.3970588235294117
1825,2026-05-29,Ocean Carrier 40,349506343,Norway,Blocked,Blocked/Waiting (Anchored off Oman),0,False,LNG Carrier,Rotterdam,N/A (Exempt/Diplomatic),220000000,0.5,1100000,0,0,0,1100000,200000000,420000000,Europe,0.3235294117647059
1826,2026-05-29,Global Trader 69,505935698,USA,Blocked,Rerouted,0,True,Container Ship,Ningbo,N/A (Exempt/Diplomatic),110000000,0.15,165000,12,1800,2022000,2187000,150000000,260000000,North America,145.8
1827,2026-05-29,Golden Carrier 98,299401567,India,Taxed,Passed,2000000,False,Container Ship,Mumbai,Other Non-USD,110000000,1.25,1375000,0,0,0,3375000,150000000,260000000,Asia,225.0
1828,2026-05-29,Global Leader 33,349542787,Israel,Blocked,Rerouted,0,True,Container Ship,Ningbo,N/A (Exempt/Diplomatic),110000000,0.15,165000,12,1800,2022000,2187000,150000000,260000000,Asia,145.8
1829,2026-05-29,Global Express 30,625244369,UK,Blocked,Rerouted,0,True,Container Ship,Houston,N/A (Exempt/Diplomatic),110000000,0.15,165000,12,1800,2022000,2187000,150000000,260000000,Europe,145.8
1830,2026-05-29,Golden Carrier 57,454079790,Germany,Blocked,Rerouted,0,True,LNG Carrier,Houston,N/A (Exempt/Diplomatic),220000000,0.15,330000,12,1800,2658000,2988000,200000000,420000000,Europe,0.8788235294117647
1831,2026-05-29,Global Leader 98,330623464,Panama,Taxed,Passed,2000000,False,Container Ship,Rotterdam,Other Non-USD,110000000,1.25,1375000,0,0,0,3375000,150000000,260000000,North America,225.0
1832,2026-05-29,Golden Carrier 64,682014990,USA,Blocked,Rerouted,0,True,Container Ship,Houston,N/A (Exempt/Diplomatic),110000000,0.15,165000,12,1800,2022000,2187000,150000000,260000000,North America,145.8
1833,2026-05-30,Iron Titan 91,348880396,Germany,Blocked,Rerouted,0,True,Container Ship,Singapore,N/A (Exempt/Diplomatic),110000000,0.15,165000,12,1800,2022000,2187000,150000000,260000000,Europe,145.8
1834,2026-05-30,Iron Express 23,405375523,Russia,Privileged,Passed,0,False,LNG Carrier,Hidden/Private,N/A (Exempt/Diplomatic),220000000,0.05,110000,0,0,0,110000,200000000,420000000,Eurasia,0.0323529411764705
1835,2026-05-30,Ocean Trader 40,561204424,Panama,Taxed,Passed,2000000,False,Container Ship,Ningbo,Other Non-USD,110000000,1.25,1375000,0,0,0,3375000,150000000,260000000,North America,225.0
1836,2026-05-30,Global Express 62,462303235,UAE,Taxed,Passed,2000000,False,Bulk Carrier,Singapore,Other Non-USD,45000000,1.25,562500,0,0,0,2562500,50000000,95000000,Asia,0.035
1837,2026-05-30,Golden Carrier 64,682014990,USA,Blocked,Rerouted,0,True,Crude Oil Tanker,Rotterdam,N/A (Exempt/Diplomatic),140000000,0.15,210000,12,1200,1548000,1758000,240000000,380000000,North America,0.879
1838,2026-05-30,Red Leader 99,358728676,Iraq,Privileged,Passed,0,False,Container Ship,Hidden/Private,N/A (Exempt/Diplomatic),110000000,0.05,55000,0,0,0,55000,150000000,260000000,Asia,3.6666666666666665
1839,2026-05-30,Golden Express 59,465416722,USA,Blocked,Blocked/Waiting (Anchored off Oman),0,False,Bulk Carrier,Houston,N/A (Exempt/Diplomatic),45000000,0.5,225000,0,0,0,225000,50000000,95000000,North America,0.035
1840,2026-05-30,Ocean Trader 40,289287596,UK,Blocked,Rerouted,0,True,Container Ship,Mumbai,N/A (Exempt/Diplomatic),110000000,0.15,165000,12,1800,2022000,2187000,150000000,260000000,Europe,145.8
1841,2026-05-30,Iron Spirit 61,343742291,Pakistan,Privileged,Passed,0,False,LNG Carrier,Hidden/Private,N/A (Exempt/Diplomatic),220000000,0.05,110000,0,0,0,110000,200000000,420000000,Asia,0.0323529411764705
1842,2026-05-30,Global Trader 63,409098769,China,Privileged,Passed,0,False,Crude Oil Tanker,Hidden/Private,N/A (Exempt/Diplomatic),140000000,0.05,70000,0,0,0,70000,240000000,380000000,Asia,0.035
1843,2026-05-30,Ocean Star 21,317380369,UAE,Taxed,Passed,2000000,False,Bulk Carrier,Rotterdam,Other Non-USD,45000000,1.25,562500,0,0,0,2562500,50000000,95000000,Asia,0.035
1844,2026-05-30,Eastern Star 76,302572638,Pakistan,Privileged,Passed,0,False,Bulk Carrier,Hidden/Private,N/A (Exempt/Diplomatic),45000000,0.05,22500,0,0,0,22500,50000000,95000000,Asia,0.035
1845,2026-05-30,Global Express 71,348444607,Germany,Blocked,Blocked/Waiting (Anchored off Oman),0,False,Crude Oil Tanker,Singapore,N/A (Exempt/Diplomatic),140000000,0.5,700000,0,0,0,700000,240000000,380000000,Europe,0.35
1846,2026-05-30,Iron Star 45,388520142,Germany,Blocked,Rerouted,0,True,Crude Oil Tanker,Mumbai,N/A (Exempt/Diplomatic),140000000,0.15,210000,12,1200,1548000,1758000,240000000,380000000,Europe,0.879
1847,2026-05-30,Golden Express 92,252837693,Russia,Privileged,Passed,0,False,Bulk Carrier,Hidden/Private,N/A (Exempt/Diplomatic),45000000,0.05,22500,0,0,0,22500,50000000,95000000,Eurasia,0.035
1848,2026-05-30,Northern Titan 68,201742315,Turkey,Taxed,Rerouted,0,True,Crude Oil Tanker,Houston,N/A (Exempt/Diplomatic),140000000,0.15,210000,12,1200,1548000,1758000,240000000,380000000,Asia,0.879
1849,2026-05-30,Eastern Star 57,512732442,Iraq,Privileged,Passed,0,False,LNG Carrier,Hidden/Private,N/A (Exempt/Diplomatic),220000000,0.05,110000,0,0,0,110000,200000000,420000000,Asia,0.0323529411764705
1850,2026-05-30,Global Spirit 60,270264740,Panama,Taxed,Rerouted,0,True,Bulk Carrier,Ningbo,N/A (Exempt/Diplomatic),45000000,0.15,67500,12,480,607200,674700,50000000,95000000,North America,0.035
1851,2026-05-30,Golden Trader 72,255076321,China,Privileged,Passed,0,False,Crude Oil Tanker,Hidden/Private,N/A (Exempt/Diplomatic),140000000,0.05,70000,0,0,0,70000,240000000,380000000,Asia,0.035
1852,2026-05-30,Iron Carrier 15,386403601,UK,Blocked,Rerouted,0,True,LNG Carrier,Ningbo,N/A (Exempt/Diplomatic),220000000,0.15,330000,12,1800,2658000,2988000,200000000,420000000,Europe,0.8788235294117647
1853,2026-05-30,Northern Express 68,276703600,Turkey,Taxed,Passed,2000000,False,Bulk Carrier,Houston,Other Non-USD,45000000,1.25,562500,0,0,0,2562500,50000000,95000000,Asia,0.035
1854,2026-05-30,Eastern Carrier 13,501316148,India,Taxed,Passed,2000000,False,Bulk Carrier,Rotterdam,Other Non-USD,45000000,1.25,562500,0,0,0,2562500,50000000,95000000,Asia,0.035
1855,2026-05-30,Global Titan 82,363120451,Pakistan,Privileged,Passed,0,False,Crude Oil Tanker,Hidden/Private,N/A (Exempt/Diplomatic),140000000,0.05,70000,0,0,0,70000,240000000,380000000,Asia,0.035
1856,2026-05-30,Northern Leader 85,344093758,Liberia,Taxed,Passed,2000000,False,Container Ship,Singapore,Other Non-USD,110000000,1.25,1375000,0,0,0,3375000,150000000,260000000,Africa,225.0
1857,2026-05-30,Eastern Spirit 26,387372691,Pakistan,Privileged,Passed,0,False,Crude Oil Tanker,Hidden/Private,N/A (Exempt/Diplomatic),140000000,0.05,70000,0,0,0,70000,240000000,380000000,Asia,0.035
1858,2026-05-30,Iron Star 78,611154230,Iraq,Privileged,Passed,0,False,Container Ship,Hidden/Private,N/A (Exempt/Diplomatic),110000000,0.05,55000,0,0,0,55000,150000000,260000000,Asia,3.6666666666666665
1859,2026-05-30,Eastern Carrier 48,418009946,China,Privileged,Passed,0,False,Bulk Carrier,Hidden/Private,N/A (Exempt/Diplomatic),45000000,0.05,22500,0,0,0,22500,50000000,95000000,Asia,0.035
1860,2026-05-30,Northern Titan 44,433987659,Norway,Blocked,Rerouted,0,True,Bulk Carrier,Rotterdam,N/A (Exempt/Diplomatic),45000000,0.15,67500,12,480,607200,674700,50000000,95000000,Europe,0.035
1861,2026-05-30,Eastern Carrier 13,686903727,USA,Blocked,Rerouted,0,True,Container Ship,Rotterdam,N/A (Exempt/Diplomatic),110000000,0.15,165000,12,1800,2022000,2187000,150000000,260000000,North America,145.8
1862,2026-05-31,Northern Express 93,400478606,Israel,Blocked,Rerouted,0,True,LNG Carrier,Houston,N/A (Exempt/Diplomatic),220000000,0.15,330000,12,1800,2658000,2988000,200000000,420000000,Asia,0.8788235294117647
1863,2026-05-31,Eastern Star 63,552924530,Germany,Blocked,Rerouted,0,True,Container Ship,Houston,N/A (Exempt/Diplomatic),110000000,0.15,165000,12,1800,2022000,2187000,150000000,260000000,Europe,145.8
1864,2026-05-31,Global Leader 58,344927134,UAE,Taxed,Passed,2000000,False,Bulk Carrier,Singapore,Other Non-USD,45000000,1.25,562500,0,0,0,2562500,50000000,95000000,Asia,0.035
1865,2026-05-31,Ocean Trader 16,662301106,Iran,Privileged,Passed,0,False,Container Ship,Hidden/Private,N/A (Exempt/Diplomatic),110000000,0.05,55000,0,0,0,55000,150000000,260000000,Asia,3.6666666666666665
1866,2026-05-31,Global Express 70,495173558,Greece,Taxed,Passed,2000000,False,LNG Carrier,Mumbai,Tether (USDT) / Yuan,220000000,1.25,2750000,0,0,0,4750000,200000000,420000000,Europe,1.3970588235294117
1867,2026-05-31,Ocean Trader 33,236787109,Pakistan,Privileged,Passed,0,False,LNG Carrier,Hidden/Private,N/A (Exempt/Diplomatic),220000000,0.05,110000,0,0,0,110000,200000000,420000000,Asia,0.0323529411764705
1868,2026-05-31,Global Express 30,625244369,UK,Blocked,Rerouted,0,True,LNG Carrier,Singapore,N/A (Exempt/Diplomatic),220000000,0.15,330000,12,1800,2658000,2988000,200000000,420000000,Europe,0.8788235294117647
1869,2026-05-31,Global Express 62,462303235,UAE,Taxed,Passed,2000000,False,Bulk Carrier,Rotterdam,Other Non-USD,45000000,1.25,562500,0,0,0,2562500,50000000,95000000,Asia,0.035
1870,2026-05-31,Eastern Trader 77,693112443,China,Privileged,Passed,0,False,LNG Carrier,Hidden/Private,N/A (Exempt/Diplomatic),220000000,0.05,110000,0,0,0,110000,200000000,420000000,Asia,0.0323529411764705
1871,2026-05-31,Global Titan 93,569164473,China,Privileged,Passed,0,False,Bulk Carrier,Hidden/Private,N/A (Exempt/Diplomatic),45000000,0.05,22500,0,0,0,22500,50000000,95000000,Asia,0.035
1872,2026-05-31,Eastern Spirit 72,210456496,Iran,Privileged,Passed,0,False,Bulk Carrier,Hidden/Private,N/A (Exempt/Diplomatic),45000000,0.05,22500,0,0,0,22500,50000000,95000000,Asia,0.035
1873,2026-05-31,Global Trader 70,633521651,UK,Blocked,Rerouted,0,True,LNG Carrier,Houston,N/A (Exempt/Diplomatic),220000000,0.15,330000,12,1800,2658000,2988000,200000000,420000000,Europe,0.8788235294117647
1874,2026-05-31,Eastern Trader 74,429104699,Israel,Blocked,Blocked/Waiting (Anchored off Oman),0,False,Bulk Carrier,Ningbo,N/A (Exempt/Diplomatic),45000000,0.5,225000,0,0,0,225000,50000000,95000000,Asia,0.035
1875,2026-05-31,Golden Spirit 57,290081110,Iran,Privileged,Passed,0,False,LNG Carrier,Hidden/Private,N/A (Exempt/Diplomatic),220000000,0.05,110000,0,0,0,110000,200000000,420000000,Asia,0.0323529411764705
1876,2026-05-31,Golden Express 99,492563230,UK,Blocked,Blocked/Waiting (Anchored off Oman),0,False,LNG Carrier,Ningbo,N/A (Exempt/Diplomatic),220000000,0.5,1100000,0,0,0,1100000,200000000,420000000,Europe,0.3235294117647059
1877,2026-05-31,Global Spirit 60,270264740,Panama,Taxed,Rerouted,0,True,Crude Oil Tanker,Mumbai,N/A (Exempt/Diplomatic),140000000,0.15,210000,12,1200,1548000,1758000,240000000,380000000,North America,0.879
1878,2026-05-31,Ocean Spirit 32,511701739,Turkey,Taxed,Passed,2000000,False,Container Ship,Mumbai,Other Non-USD,110000000,1.25,1375000,0,0,0,3375000,150000000,260000000,Asia,225.0
1879,2026-05-31,Red Star 73,656851825,Liberia,Taxed,Passed,2000000,False,LNG Carrier,Houston,Other Non-USD,220000000,1.25,2750000,0,0,0,4750000,200000000,420000000,Africa,1.3970588235294117
1880,2026-05-31,Red Spirit 79,243259801,Iraq,Privileged,Passed,0,False,Crude Oil Tanker,Hidden/Private,N/A (Exempt/Diplomatic),140000000,0.05,70000,0,0,0,70000,240000000,380000000,Asia,0.035
1881,2026-05-31,Northern Titan 68,201742315,Turkey,Taxed,Passed,2000000,False,Bulk Carrier,Ningbo,Other Non-USD,45000000,1.25,562500,0,0,0,2562500,50000000,95000000,Asia,0.035
1882,2026-05-31,Red Carrier 94,539807534,Liberia,Taxed,Passed,2000000,False,LNG Carrier,Houston,Other Non-USD,220000000,1.25,2750000,0,0,0,4750000,200000000,420000000,Africa,1.3970588235294117
1883,2026-05-31,Golden Spirit 30,597945315,Israel,Blocked,Rerouted,0,True,Crude Oil Tanker,Singapore,N/A (Exempt/Diplomatic),140000000,0.15,210000,12,1200,1548000,1758000,240000000,380000000,Asia,0.879
1884,2026-05-31,Ocean Star 86,433304641,Marshall Islands,Taxed,Passed,2000000,False,LNG Carrier,Singapore,Other Non-USD,220000000,1.25,2750000,0,0,0,4750000,200000000,420000000,Oceania,1.3970588235294117
1885,2026-05-31,Eastern Spirit 94,655274738,Iran,Privileged,Passed,0,False,Bulk Carrier,Hidden/Private,N/A (Exempt/Diplomatic),45000000,0.05,22500,0,0,0,22500,50000000,95000000,Asia,0.035
1886,2026-05-31,Iron Carrier 15,386403601,UK,Blocked,Rerouted,0,True,Bulk Carrier,Mumbai,N/A (Exempt/Diplomatic),45000000,0.15,67500,12,480,607200,674700,50000000,95000000,Europe,0.035
1887,2026-05-31,Global Star 34,369408512,Iran,Privileged,Passed,0,False,Container Ship,Hidden/Private,N/A (Exempt/Diplomatic),110000000,0.05,55000,0,0,0,55000,150000000,260000000,Asia,3.6666666666666665
1888,2026-05-31,Red Spirit 36,559556395,Liberia,Taxed,Passed,2000000,False,LNG Carrier,Houston,Other Non-USD,220000000,1.25,2750000,0,0,0,4750000,200000000,420000000,Africa,1.3970588235294117
1889,2026-05-31,Eastern Titan 10,238114122,Russia,Privileged,Passed,0,False,Container Ship,Hidden/Private,N/A (Exempt/Diplomatic),110000000,0.05,55000,0,0,0,55000,150000000,260000000,Eurasia,3.6666666666666665
1890,2026-05-31,Golden Trader 56,287324253,Marshall Islands,Taxed,Passed,2000000,False,Crude Oil Tanker,Singapore,Other Non-USD,140000000,1.25,1750000,0,0,0,3750000,240000000,380000000,Oceania,1.875
